timestamp,facility,queue_length,people_served,average_service_time,day_of_week,hour,is_peak_hour,wait_time
2026-01-01 08:00:00,Admin Office,2,7,4.86,3,8,False,14.65
2026-01-01 08:00:00,Canteen,7,5,2.35,3,8,False,20.35
2026-01-01 08:00:00,Computer Lab,9,8,3.92,3,8,False,27.96
2026-01-01 08:00:00,Computer Lab,7,4,5.06,3,8,False,30.9
2026-01-01 08:15:00,Computer Lab,8,3,4.07,3,8,False,34.56
2026-01-01 08:15:00,Printing Shop,4,3,3.28,3,8,False,6.1
2026-01-01 08:15:00,Printing Shop,4,1,1.9,3,8,False,12.96
2026-01-01 08:15:00,Bus Stop,25,3,1.99,3,8,False,44.67
2026-01-01 08:30:00,Canteen,7,3,3.16,3,8,False,18.65
2026-01-01 08:30:00,Canteen,14,2,3.28,3,8,False,42.14
2026-01-01 08:30:00,Canteen,10,1,2.03,3,8,False,14.68
2026-01-01 08:45:00,Canteen,9,7,2.66,3,8,False,19.11
2026-01-01 09:00:00,Computer Lab,5,7,3.22,3,9,False,17.88
2026-01-01 09:00:00,Canteen,8,9,2.24,3,9,False,16.81
2026-01-01 09:00:00,Computer Lab,10,7,3.0,3,9,False,29.78
2026-01-01 09:00:00,Admin Office,4,8,5.27,3,9,False,18.7
2026-01-01 09:15:00,Bus Stop,14,3,1.65,3,9,False,17.3
2026-01-01 09:15:00,Computer Lab,9,10,2.86,3,9,False,20.7
2026-01-01 09:15:00,Library,7,4,2.79,3,9,False,25.93
2026-01-01 09:30:00,Bus Stop,32,6,1.44,3,9,False,45.86
2026-01-01 09:30:00,Computer Lab,5,8,3.11,3,9,False,22.76
2026-01-01 10:00:00,Admin Office,8,6,3.81,3,10,True,37.17
2026-01-01 10:00:00,Bus Stop,8,7,0.99,3,10,True,12.88
2026-01-01 10:15:00,Library,4,7,3.68,3,10,True,8.15
2026-01-01 10:15:00,Computer Lab,9,9,2.14,3,10,True,21.44
2026-01-01 10:30:00,Library,7,8,3.64,3,10,True,20.28
2026-01-01 10:30:00,Canteen,15,1,2.12,3,10,True,35.34
2026-01-01 10:30:00,Computer Lab,8,5,3.44,3,10,True,23.6
2026-01-01 10:30:00,Canteen,10,1,2.61,3,10,True,30.72
2026-01-01 10:30:00,Library,12,3,5.25,3,10,True,69.41
2026-01-01 10:45:00,Canteen,9,3,2.08,3,10,True,19.58
2026-01-01 11:00:00,Computer Lab,6,5,3.64,3,11,True,23.95
2026-01-01 11:00:00,Bus Stop,13,10,1.22,3,11,True,21.92
2026-01-01 12:00:00,Bus Stop,14,8,1.37,3,12,True,20.08
2026-01-01 12:15:00,Bus Stop,12,6,1.97,3,12,True,25.79
2026-01-01 12:15:00,Printing Shop,9,4,4.05,3,12,True,36.82
2026-01-01 12:15:00,Printing Shop,6,3,3.02,3,12,True,18.17
2026-01-01 12:15:00,Computer Lab,14,9,2.62,3,12,True,51.54
2026-01-01 12:30:00,Bus Stop,12,4,1.3,3,12,True,9.89
2026-01-01 12:30:00,Printing Shop,5,10,4.27,3,12,True,19.96
2026-01-01 12:30:00,Bus Stop,5,9,1.47,3,12,True,6.68
2026-01-01 12:30:00,Computer Lab,11,6,2.05,3,12,True,29.68
2026-01-01 12:30:00,Admin Office,8,7,3.54,3,12,True,31.0
2026-01-01 12:45:00,Admin Office,4,1,2.7,3,12,True,4.92
2026-01-01 12:45:00,Library,9,5,3.97,3,12,True,47.41
2026-01-01 13:00:00,Library,6,8,4.54,3,13,True,25.45
2026-01-01 13:15:00,Admin Office,0,3,6.69,3,13,True,0.0
2026-01-01 13:15:00,Canteen,21,7,2.54,3,13,True,48.7
2026-01-01 13:30:00,Printing Shop,3,8,3.53,3,13,True,18.29
2026-01-01 13:30:00,Canteen,23,2,2.91,3,13,True,80.45
2026-01-01 13:30:00,Library,4,7,5.0,3,13,True,20.57
2026-01-01 14:00:00,Printing Shop,6,8,2.25,3,14,True,9.16
2026-01-01 14:15:00,Admin Office,5,5,6.44,3,14,True,38.24
2026-01-01 14:15:00,Bus Stop,9,5,1.37,3,14,True,16.02
2026-01-01 14:30:00,Admin Office,4,9,6.51,3,14,True,32.15
2026-01-01 14:45:00,Bus Stop,17,1,1.2,3,14,True,21.76
2026-01-01 14:45:00,Library,12,2,3.54,3,14,True,48.4
2026-01-01 15:00:00,Printing Shop,10,9,2.69,3,15,False,24.11
2026-01-01 15:00:00,Library,8,6,4.47,3,15,False,34.2
2026-01-01 15:00:00,Computer Lab,10,4,3.67,3,15,False,35.89
2026-01-01 15:15:00,Admin Office,5,9,4.7,3,15,False,24.83
2026-01-01 15:15:00,Library,14,9,2.11,3,15,False,31.99
2026-01-01 15:45:00,Admin Office,5,5,4.29,3,15,False,18.44
2026-01-01 15:45:00,Bus Stop,15,9,1.95,3,15,False,34.89
2026-01-01 15:45:00,Canteen,9,1,2.88,3,15,False,22.95
2026-01-01 15:45:00,Bus Stop,15,2,1.21,3,15,False,13.68
2026-01-01 15:45:00,Library,12,2,5.19,3,15,False,59.9
2026-01-01 15:45:00,Printing Shop,10,5,3.04,3,15,False,31.95
2026-01-01 16:00:00,Printing Shop,4,7,3.7,3,16,True,24.03
2026-01-01 16:00:00,Admin Office,5,9,3.31,3,16,True,22.68
2026-01-01 16:00:00,Admin Office,7,5,3.43,3,16,True,34.75
2026-01-01 16:15:00,Library,13,2,4.66,3,16,True,73.69
2026-01-01 16:15:00,Bus Stop,31,10,1.24,3,16,True,36.73
2026-01-01 16:30:00,Printing Shop,11,5,3.08,3,16,True,35.09
2026-01-01 16:30:00,Admin Office,1,7,3.49,3,16,True,0.0
2026-01-01 16:30:00,Canteen,15,10,1.47,3,16,True,29.85
2026-01-01 16:30:00,Admin Office,3,7,5.59,3,16,True,26.87
2026-01-01 17:00:00,Canteen,18,10,1.99,3,17,True,31.93
2026-01-01 17:30:00,Printing Shop,7,7,3.27,3,17,True,29.46
2026-01-02 08:00:00,Printing Shop,1,7,2.28,4,8,False,8.63
2026-01-02 08:00:00,Canteen,6,8,2.37,4,8,False,9.87
2026-01-02 08:15:00,Printing Shop,0,7,2.72,4,8,False,0.0
2026-01-02 08:30:00,Library,7,7,3.41,4,8,False,31.66
2026-01-02 08:45:00,Library,4,6,3.88,4,8,False,22.74
2026-01-02 08:45:00,Library,4,2,4.8,4,8,False,23.88
2026-01-02 08:45:00,Computer Lab,6,3,3.35,4,8,False,14.48
2026-01-02 09:00:00,Library,11,4,3.64,4,9,False,44.16
2026-01-02 09:15:00,Bus Stop,28,1,1.16,4,9,False,40.47
2026-01-02 09:15:00,Admin Office,6,5,4.81,4,9,False,25.0
2026-01-02 09:15:00,Printing Shop,6,6,2.78,4,9,False,22.32
2026-01-02 09:30:00,Bus Stop,26,9,1.55,4,9,False,32.98
2026-01-02 09:30:00,Library,9,4,3.73,4,9,False,36.44
2026-01-02 09:45:00,Admin Office,2,4,5.84,4,9,False,10.03
2026-01-02 10:00:00,Bus Stop,11,4,1.16,4,10,True,5.89
2026-01-02 10:15:00,Bus Stop,10,9,1.35,4,10,True,9.77
2026-01-02 10:30:00,Printing Shop,8,9,2.5,4,10,True,19.5
2026-01-02 10:30:00,Admin Office,6,4,4.79,4,10,True,37.72
2026-01-02 10:45:00,Bus Stop,3,2,1.85,4,10,True,0.0
2026-01-02 10:45:00,Canteen,11,6,2.76,4,10,True,33.57
2026-01-02 10:45:00,Bus Stop,12,4,1.36,4,10,True,14.34
2026-01-02 10:45:00,Computer Lab,13,10,3.31,4,10,True,55.62
2026-01-02 11:15:00,Bus Stop,10,5,1.4,4,11,True,15.26
2026-01-02 11:30:00,Library,8,10,3.92,4,11,True,27.92
2026-01-02 11:30:00,Computer Lab,9,4,2.85,4,11,True,37.73
2026-01-02 11:30:00,Admin Office,6,8,4.65,4,11,True,32.29
2026-01-02 11:45:00,Bus Stop,10,1,1.5,4,11,True,14.26
2026-01-02 11:45:00,Admin Office,1,3,4.6,4,11,True,10.95
2026-01-02 12:00:00,Printing Shop,9,9,2.92,4,12,True,30.42
2026-01-02 12:00:00,Admin Office,2,3,5.51,4,12,True,19.32
2026-01-02 12:15:00,Library,5,1,2.64,4,12,True,22.54
2026-01-02 12:15:00,Computer Lab,14,3,3.72,4,12,True,52.68
2026-01-02 12:30:00,Bus Stop,7,1,1.36,4,12,True,19.02
2026-01-02 13:00:00,Library,5,3,3.29,4,13,True,21.67
2026-01-02 13:00:00,Computer Lab,11,5,3.68,4,13,True,38.38
2026-01-02 13:30:00,Printing Shop,3,9,2.69,4,13,True,4.75
2026-01-02 13:45:00,Library,4,10,5.17,4,13,True,22.08
2026-01-02 14:00:00,Canteen,24,7,2.79,4,14,True,69.48
2026-01-02 14:00:00,Library,9,4,3.55,4,14,True,36.76
2026-01-02 14:00:00,Admin Office,5,7,4.9,4,14,True,24.69
2026-01-02 14:00:00,Admin Office,5,5,4.57,4,14,True,25.02
2026-01-02 14:00:00,Computer Lab,17,2,3.54,4,14,True,73.14
2026-01-02 14:15:00,Admin Office,4,10,4.92,4,14,True,23.44
2026-01-02 14:15:00,Printing Shop,4,4,3.39,4,14,True,7.15
2026-01-02 14:15:00,Library,12,7,3.4,4,14,True,54.66
2026-01-02 14:45:00,Computer Lab,16,8,3.82,4,14,True,64.2
2026-01-02 14:45:00,Canteen,16,2,2.42,4,14,True,46.25
2026-01-02 15:00:00,Bus Stop,11,7,1.64,4,15,False,10.36
2026-01-02 15:00:00,Printing Shop,10,6,4.11,4,15,False,47.56
2026-01-02 15:00:00,Library,10,3,3.6,4,15,False,38.12
2026-01-02 15:00:00,Admin Office,7,9,5.22,4,15,False,32.03
2026-01-02 15:00:00,Printing Shop,3,2,3.77,4,15,False,16.61
2026-01-02 15:15:00,Canteen,11,6,2.01,4,15,False,20.26
2026-01-02 15:15:00,Library,9,9,4.78,4,15,False,39.99
2026-01-02 15:45:00,Bus Stop,9,7,1.61,4,15,False,10.57
2026-01-02 15:45:00,Bus Stop,17,1,1.7,4,15,False,26.71
2026-01-02 15:45:00,Admin Office,3,1,4.42,4,15,False,16.69
2026-01-02 16:00:00,Library,4,6,3.5,4,16,True,23.7
2026-01-02 16:15:00,Admin Office,5,2,5.99,4,16,True,40.95
2026-01-02 16:15:00,Printing Shop,9,6,2.88,4,16,True,31.34
2026-01-02 16:15:00,Canteen,15,9,1.82,4,16,True,35.79
2026-01-02 16:15:00,Bus Stop,25,2,1.33,4,16,True,37.67
2026-01-02 16:30:00,Library,14,7,5.84,4,16,True,87.98
2026-01-02 16:30:00,Canteen,14,9,2.05,4,16,True,39.17
2026-01-02 16:45:00,Canteen,16,1,2.39,4,16,True,48.21
2026-01-02 16:45:00,Canteen,10,10,2.49,4,16,True,27.47
2026-01-02 17:00:00,Computer Lab,7,4,2.58,4,17,True,21.81
2026-01-02 17:00:00,Admin Office,3,7,4.32,4,17,True,21.49
2026-01-02 17:15:00,Canteen,16,9,3.58,4,17,True,53.74
2026-01-02 17:15:00,Computer Lab,10,6,4.06,4,17,True,42.57
2026-01-02 17:30:00,Library,16,9,3.75,4,17,True,77.78
2026-01-02 17:45:00,Computer Lab,6,3,3.47,4,17,True,23.34
2026-01-02 17:45:00,Library,10,3,4.87,4,17,True,49.79
2026-01-03 08:00:00,Library,3,9,2.59,5,8,False,7.08
2026-01-03 08:00:00,Library,1,3,4.12,5,8,False,0.0
2026-01-03 08:15:00,Computer Lab,7,2,4.02,5,8,False,29.34
2026-01-03 08:30:00,Computer Lab,0,3,3.21,5,8,False,0.0
2026-01-03 08:30:00,Admin Office,3,9,5.49,5,8,False,10.64
2026-01-03 08:30:00,Library,3,8,3.53,5,8,False,11.42
2026-01-03 08:45:00,Printing Shop,4,5,2.49,5,8,False,6.78
2026-01-03 09:00:00,Library,5,8,3.9,5,9,False,11.51
2026-01-03 09:30:00,Admin Office,3,10,5.54,5,9,False,20.4
2026-01-03 09:30:00,Library,5,5,4.21,5,9,False,20.31
2026-01-03 09:45:00,Bus Stop,15,1,1.35,5,9,False,12.74
2026-01-03 09:45:00,Bus Stop,14,4,1.74,5,9,False,29.67
2026-01-03 09:45:00,Printing Shop,2,10,2.48,5,9,False,12.71
2026-01-03 10:00:00,Printing Shop,7,4,2.82,5,10,True,24.35
2026-01-03 10:00:00,Library,6,7,4.0,5,10,True,27.92
2026-01-03 10:00:00,Computer Lab,9,5,2.92,5,10,True,30.23
2026-01-03 10:00:00,Bus Stop,10,9,1.43,5,10,True,24.33
2026-01-03 10:00:00,Bus Stop,4,1,1.16,5,10,True,11.38
2026-01-03 10:15:00,Computer Lab,3,4,2.43,5,10,True,12.04
2026-01-03 10:15:00,Computer Lab,11,8,3.65,5,10,True,39.99
2026-01-03 10:30:00,Printing Shop,5,6,2.26,5,10,True,10.46
2026-01-03 10:45:00,Printing Shop,1,5,2.65,5,10,True,9.69
2026-01-03 10:45:00,Library,5,9,3.24,5,10,True,20.93
2026-01-03 11:00:00,Canteen,5,9,2.04,5,11,True,10.74
2026-01-03 11:15:00,Library,8,8,5.16,5,11,True,40.08
2026-01-03 11:30:00,Printing Shop,4,6,2.86,5,11,True,9.14
2026-01-03 11:30:00,Library,5,8,5.04,5,11,True,26.64
2026-01-03 11:45:00,Library,3,7,3.79,5,11,True,16.67
2026-01-03 11:45:00,Library,6,6,2.89,5,11,True,22.78
2026-01-03 11:45:00,Bus Stop,7,6,1.39,5,11,True,14.0
2026-01-03 12:00:00,Computer Lab,7,9,3.16,5,12,True,29.7
2026-01-03 12:00:00,Library,3,6,4.07,5,12,True,17.92
2026-01-03 12:00:00,Bus Stop,9,4,1.01,5,12,True,17.58
2026-01-03 12:00:00,Bus Stop,7,2,1.47,5,12,True,17.75
2026-01-03 12:15:00,Library,2,8,5.02,5,12,True,6.36
2026-01-03 12:30:00,Computer Lab,5,1,3.45,5,12,True,26.29
2026-01-03 12:30:00,Computer Lab,7,9,3.3,5,12,True,18.51
2026-01-03 12:45:00,Library,6,10,4.18,5,12,True,23.27
2026-01-03 12:45:00,Canteen,12,8,2.51,5,12,True,38.77
2026-01-03 12:45:00,Canteen,7,2,2.66,5,12,True,20.99
2026-01-03 13:00:00,Bus Stop,7,3,2.0,5,13,True,14.02
2026-01-03 13:00:00,Computer Lab,5,3,3.25,5,13,True,23.73
2026-01-03 13:30:00,Admin Office,2,4,4.39,5,13,True,2.17
2026-01-03 13:30:00,Bus Stop,12,8,1.96,5,13,True,35.01
2026-01-03 13:45:00,Computer Lab,4,8,3.55,5,13,True,18.2
2026-01-03 13:45:00,Canteen,14,9,2.84,5,13,True,50.34
2026-01-03 13:45:00,Printing Shop,2,10,3.14,5,13,True,8.39
2026-01-03 13:45:00,Library,2,10,3.5,5,13,True,12.9
2026-01-03 13:45:00,Admin Office,4,1,5.27,5,13,True,14.58
2026-01-03 14:00:00,Admin Office,0,8,5.6,5,14,True,0.0
2026-01-03 14:00:00,Admin Office,6,10,4.05,5,14,True,25.73
2026-01-03 14:15:00,Bus Stop,12,7,1.42,5,14,True,18.09
2026-01-03 14:15:00,Library,9,3,3.98,5,14,True,44.24
2026-01-03 14:30:00,Canteen,12,3,2.12,5,14,True,36.3
2026-01-03 14:45:00,Printing Shop,2,8,2.86,5,14,True,0.0
2026-01-03 15:00:00,Printing Shop,3,5,3.86,5,15,False,13.96
2026-01-03 15:00:00,Printing Shop,5,9,3.42,5,15,False,15.05
2026-01-03 15:15:00,Library,7,7,4.3,5,15,False,31.16
2026-01-03 15:30:00,Printing Shop,5,2,2.81,5,15,False,18.46
2026-01-03 15:30:00,Bus Stop,8,1,1.6,5,15,False,13.95
2026-01-03 15:30:00,Admin Office,6,6,5.05,5,15,False,24.77
2026-01-03 15:45:00,Canteen,4,4,1.99,5,15,False,0.91
2026-01-03 15:45:00,Bus Stop,10,7,1.1,5,15,False,5.0
2026-01-03 16:00:00,Library,10,9,3.61,5,16,True,37.7
2026-01-03 16:00:00,Computer Lab,10,6,4.15,5,16,True,43.6
2026-01-03 16:15:00,Computer Lab,10,9,3.28,5,16,True,30.27
2026-01-03 16:45:00,Computer Lab,10,10,3.2,5,16,True,41.69
2026-01-03 17:00:00,Printing Shop,7,10,2.38,5,17,True,18.67
2026-01-03 17:00:00,Computer Lab,4,8,3.81,5,17,True,21.26
2026-01-03 17:15:00,Bus Stop,12,8,1.59,5,17,True,26.46
2026-01-03 17:15:00,Canteen,12,10,2.4,5,17,True,34.03
2026-01-03 17:30:00,Admin Office,0,5,5.76,5,17,True,7.69
2026-01-03 17:30:00,Canteen,6,7,1.81,5,17,True,18.96
2026-01-03 17:30:00,Bus Stop,16,8,1.27,5,17,True,24.5
2026-01-03 17:30:00,Canteen,4,6,2.59,5,17,True,6.72
2026-01-03 17:30:00,Library,6,2,3.4,5,17,True,27.88
2026-01-03 17:30:00,Canteen,6,4,1.46,5,17,True,9.68
2026-01-03 17:45:00,Bus Stop,12,2,1.34,5,17,True,13.57
2026-01-04 08:00:00,Computer Lab,8,10,3.92,6,8,False,27.12
2026-01-04 08:15:00,Bus Stop,11,2,1.37,6,8,False,13.1
2026-01-04 08:15:00,Bus Stop,13,4,1.3,6,8,False,23.95
2026-01-04 08:15:00,Admin Office,2,1,3.45,6,8,False,0.16
2026-01-04 08:30:00,Printing Shop,2,9,3.28,6,8,False,0.0
2026-01-04 08:30:00,Canteen,6,7,2.72,6,8,False,21.87
2026-01-04 08:30:00,Printing Shop,4,4,2.87,6,8,False,16.12
2026-01-04 08:30:00,Canteen,0,4,3.36,6,8,False,0.0
2026-01-04 08:45:00,Printing Shop,5,3,2.41,6,8,False,5.04
2026-01-04 09:15:00,Library,5,2,4.77,6,9,False,30.38
2026-01-04 09:15:00,Library,9,1,2.88,6,9,False,30.03
2026-01-04 09:30:00,Printing Shop,0,2,3.21,6,9,False,0.0
2026-01-04 09:30:00,Computer Lab,5,9,3.65,6,9,False,20.48
2026-01-04 09:45:00,Printing Shop,3,7,2.88,6,9,False,1.92
2026-01-04 09:45:00,Admin Office,1,5,4.84,6,9,False,11.38
2026-01-04 10:00:00,Admin Office,4,8,4.52,6,10,True,21.54
2026-01-04 10:30:00,Admin Office,3,7,3.55,6,10,True,8.34
2026-01-04 10:45:00,Bus Stop,8,3,1.5,6,10,True,13.16
2026-01-04 10:45:00,Admin Office,3,9,4.23,6,10,True,18.3
2026-01-04 10:45:00,Library,7,8,4.65,6,10,True,41.49
2026-01-04 11:15:00,Bus Stop,7,9,1.29,6,11,True,15.39
2026-01-04 11:15:00,Computer Lab,7,4,2.68,6,11,True,28.74
2026-01-04 11:30:00,Printing Shop,2,3,4.49,6,11,True,12.63
2026-01-04 11:30:00,Library,8,3,3.87,6,11,True,41.98
2026-01-04 11:45:00,Canteen,5,10,2.87,6,11,True,15.78
2026-01-04 11:45:00,Admin Office,4,7,5.8,6,11,True,30.66
2026-01-04 11:45:00,Admin Office,6,10,5.77,6,11,True,32.84
2026-01-04 12:00:00,Printing Shop,8,4,3.01,6,12,True,22.66
2026-01-04 12:00:00,Bus Stop,2,2,1.06,6,12,True,0.0
2026-01-04 12:15:00,Library,4,8,3.66,6,12,True,17.2
2026-01-04 12:45:00,Bus Stop,5,5,1.13,6,12,True,1.36
2026-01-04 12:45:00,Admin Office,5,4,5.81,6,12,True,32.33
2026-01-04 13:00:00,Admin Office,2,8,6.08,6,13,True,21.6
2026-01-04 13:00:00,Printing Shop,4,3,2.77,6,13,True,20.18
2026-01-04 13:00:00,Admin Office,9,1,4.65,6,13,True,46.22
2026-01-04 13:15:00,Admin Office,5,5,4.11,6,13,True,23.87
2026-01-04 13:15:00,Computer Lab,5,6,3.44,6,13,True,16.99
2026-01-04 13:15:00,Admin Office,0,10,4.6,6,13,True,6.07
2026-01-04 13:30:00,Computer Lab,4,9,4.24,6,13,True,17.11
2026-01-04 13:30:00,Canteen,11,5,2.68,6,13,True,36.33
2026-01-04 13:30:00,Bus Stop,12,2,1.54,6,13,True,13.47
2026-01-04 13:45:00,Admin Office,2,1,5.67,6,13,True,21.42
2026-01-04 14:00:00,Admin Office,0,3,4.15,6,14,True,0.0
2026-01-04 14:30:00,Bus Stop,13,5,0.8,6,14,True,3.13
2026-01-04 14:30:00,Bus Stop,9,7,1.0,6,14,True,12.99
2026-01-04 14:45:00,Computer Lab,5,10,1.98,6,14,True,17.95
2026-01-04 15:00:00,Canteen,2,1,2.52,6,15,False,8.66
2026-01-04 15:00:00,Printing Shop,5,3,2.97,6,15,False,7.48
2026-01-04 15:00:00,Library,4,3,3.75,6,15,False,7.9
2026-01-04 15:15:00,Library,7,8,3.43,6,15,False,31.88
2026-01-04 15:15:00,Library,6,4,5.31,6,15,False,27.51
2026-01-04 15:30:00,Canteen,5,9,2.85,6,15,False,15.51
2026-01-04 15:30:00,Canteen,3,9,2.88,6,15,False,7.3
2026-01-04 15:45:00,Admin Office,2,3,4.11,6,15,False,7.2
2026-01-04 15:45:00,Canteen,8,2,2.47,6,15,False,19.0
2026-01-04 15:45:00,Bus Stop,7,6,2.1,6,15,False,10.07
2026-01-04 15:45:00,Library,5,9,4.36,6,15,False,25.21
2026-01-04 15:45:00,Canteen,9,10,2.36,6,15,False,25.75
2026-01-04 16:00:00,Bus Stop,14,9,1.63,6,16,True,16.51
2026-01-04 16:00:00,Library,5,9,3.92,6,16,True,22.0
2026-01-04 16:15:00,Bus Stop,13,1,1.16,6,16,True,26.97
2026-01-04 16:45:00,Computer Lab,10,5,3.09,6,16,True,38.78
2026-01-04 17:00:00,Library,8,3,4.55,6,17,True,43.66
2026-01-04 17:00:00,Printing Shop,7,2,2.54,6,17,True,18.32
2026-01-04 17:15:00,Printing Shop,0,3,2.58,6,17,True,0.0
2026-01-04 17:15:00,Admin Office,4,6,4.89,6,17,True,28.94
2026-01-04 17:30:00,Admin Office,3,2,3.78,6,17,True,17.44
2026-01-04 17:30:00,Printing Shop,2,1,3.4,6,17,True,8.06
2026-01-04 17:45:00,Admin Office,2,9,6.41,6,17,True,19.37
2026-01-05 08:00:00,Admin Office,6,10,4.71,0,8,False,20.47
2026-01-05 08:00:00,Bus Stop,18,8,0.96,0,8,False,23.07
2026-01-05 08:15:00,Printing Shop,2,6,2.49,0,8,False,10.17
2026-01-05 08:15:00,Printing Shop,2,3,3.56,0,8,False,11.11
2026-01-05 08:15:00,Computer Lab,9,4,2.92,0,8,False,21.55
2026-01-05 08:15:00,Printing Shop,5,2,3.13,0,8,False,15.9
2026-01-05 08:30:00,Canteen,14,5,2.06,0,8,False,34.2
2026-01-05 08:30:00,Canteen,10,1,2.91,0,8,False,22.71
2026-01-05 08:30:00,Bus Stop,27,9,1.93,0,8,False,51.45
2026-01-05 09:00:00,Printing Shop,3,9,2.87,0,9,False,15.29
2026-01-05 09:15:00,Library,9,8,4.13,0,9,False,35.77
2026-01-05 09:15:00,Printing Shop,2,6,3.53,0,9,False,9.76
2026-01-05 09:30:00,Admin Office,2,9,5.23,0,9,False,3.17
2026-01-05 09:30:00,Computer Lab,6,4,5.08,0,9,False,26.5
2026-01-05 09:30:00,Library,6,3,4.96,0,9,False,33.59
2026-01-05 09:30:00,Printing Shop,2,5,2.46,0,9,False,0.03
2026-01-05 09:45:00,Computer Lab,6,5,3.87,0,9,False,23.54
2026-01-05 09:45:00,Printing Shop,5,2,2.99,0,9,False,17.88
2026-01-05 10:00:00,Library,15,7,3.89,0,10,True,59.76
2026-01-05 10:00:00,Library,8,10,4.12,0,10,True,32.0
2026-01-05 10:00:00,Printing Shop,4,6,3.4,0,10,True,21.58
2026-01-05 10:00:00,Computer Lab,9,8,3.03,0,10,True,28.3
2026-01-05 10:15:00,Canteen,10,1,2.45,0,10,True,31.15
2026-01-05 10:15:00,Printing Shop,8,6,4.38,0,10,True,34.28
2026-01-05 10:15:00,Admin Office,9,4,4.71,0,10,True,50.79
2026-01-05 10:45:00,Computer Lab,8,7,4.31,0,10,True,39.13
2026-01-05 11:00:00,Printing Shop,7,4,3.13,0,11,True,26.78
2026-01-05 11:15:00,Canteen,13,7,2.65,0,11,True,46.79
2026-01-05 11:15:00,Bus Stop,13,8,1.91,0,11,True,19.24
2026-01-05 11:30:00,Library,9,2,3.15,0,11,True,37.57
2026-01-05 11:30:00,Library,8,7,1.93,0,11,True,17.37
2026-01-05 11:45:00,Canteen,7,2,2.7,0,11,True,21.19
2026-01-05 11:45:00,Library,6,1,3.52,0,11,True,30.13
2026-01-05 11:45:00,Printing Shop,6,2,3.54,0,11,True,18.28
2026-01-05 11:45:00,Printing Shop,7,2,2.3,0,11,True,22.79
2026-01-05 12:00:00,Library,8,4,3.7,0,12,True,36.04
2026-01-05 12:00:00,Printing Shop,8,1,3.65,0,12,True,33.7
2026-01-05 12:00:00,Computer Lab,10,2,3.42,0,12,True,47.29
2026-01-05 12:30:00,Printing Shop,9,4,2.43,0,12,True,22.39
2026-01-05 12:30:00,Printing Shop,7,1,2.86,0,12,True,15.57
2026-01-05 12:45:00,Admin Office,9,6,5.94,0,12,True,58.71
2026-01-05 12:45:00,Canteen,19,3,1.87,0,12,True,50.87
2026-01-05 12:45:00,Library,9,8,5.69,0,12,True,64.49
2026-01-05 12:45:00,Computer Lab,11,4,3.66,0,12,True,47.86
2026-01-05 13:00:00,Printing Shop,6,2,2.4,0,13,True,22.56
2026-01-05 13:00:00,Computer Lab,9,9,3.1,0,13,True,32.71
2026-01-05 13:15:00,Bus Stop,16,10,1.38,0,13,True,28.42
2026-01-05 13:15:00,Bus Stop,19,6,1.2,0,13,True,22.0
2026-01-05 13:15:00,Admin Office,2,1,4.71,0,13,True,13.67
2026-01-05 13:15:00,Canteen,29,5,3.34,0,13,True,99.36
2026-01-05 13:30:00,Computer Lab,9,6,3.07,0,13,True,33.77
2026-01-05 13:45:00,Library,9,6,4.28,0,13,True,49.26
2026-01-05 13:45:00,Canteen,22,4,2.33,0,13,True,61.2
2026-01-05 14:15:00,Canteen,30,3,3.21,0,14,True,107.96
2026-01-05 14:15:00,Canteen,23,9,2.5,0,14,True,65.25
2026-01-05 14:15:00,Computer Lab,11,10,3.27,0,14,True,32.23
2026-01-05 14:15:00,Computer Lab,10,8,4.3,0,14,True,48.14
2026-01-05 14:15:00,Printing Shop,3,6,2.8,0,14,True,1.09
2026-01-05 14:30:00,Bus Stop,11,10,1.39,0,14,True,19.94
2026-01-05 14:30:00,Canteen,22,6,2.52,0,14,True,71.67
2026-01-05 14:30:00,Admin Office,4,2,4.46,0,14,True,19.78
2026-01-05 14:45:00,Canteen,24,6,2.62,0,14,True,77.92
2026-01-05 14:45:00,Printing Shop,3,4,2.84,0,14,True,15.35
2026-01-05 14:45:00,Canteen,31,8,2.62,0,14,True,95.46
2026-01-05 14:45:00,Computer Lab,11,10,5.57,0,14,True,66.0
2026-01-05 14:45:00,Admin Office,7,2,5.34,0,14,True,46.53
2026-01-05 15:00:00,Admin Office,4,10,4.67,0,15,False,19.29
2026-01-05 15:15:00,Bus Stop,16,8,2.12,0,15,False,28.43
2026-01-05 15:15:00,Computer Lab,9,2,4.13,0,15,False,31.47
2026-01-05 15:30:00,Computer Lab,12,3,3.37,0,15,False,37.58
2026-01-05 15:30:00,Library,10,2,5.15,0,15,False,47.48
2026-01-05 15:30:00,Library,15,2,4.1,0,15,False,59.84
2026-01-05 15:30:00,Printing Shop,7,1,3.67,0,15,False,23.59
2026-01-05 15:45:00,Library,9,5,3.43,0,15,False,32.4
2026-01-05 16:00:00,Admin Office,4,5,4.85,0,16,True,27.32
2026-01-05 16:00:00,Computer Lab,10,4,2.89,0,16,True,33.2
2026-01-05 16:00:00,Bus Stop,29,1,1.39,0,16,True,42.39
2026-01-05 16:15:00,Computer Lab,13,8,3.14,0,16,True,51.4
2026-01-05 16:30:00,Bus Stop,25,10,1.13,0,16,True,30.12
2026-01-05 16:30:00,Bus Stop,39,3,1.66,0,16,True,74.9
2026-01-05 16:45:00,Canteen,13,7,2.69,0,16,True,33.45
2026-01-05 17:00:00,Library,12,3,3.15,0,17,True,48.59
2026-01-05 17:00:00,Bus Stop,30,7,1.03,0,17,True,32.27
2026-01-05 17:00:00,Computer Lab,6,4,3.71,0,17,True,20.8
2026-01-05 17:15:00,Printing Shop,6,6,2.04,0,17,True,5.29
2026-01-05 17:15:00,Bus Stop,31,10,1.59,0,17,True,64.99
2026-01-05 17:15:00,Library,9,6,3.41,0,17,True,44.26
2026-01-05 17:30:00,Admin Office,2,9,6.38,0,17,True,11.79
2026-01-05 17:30:00,Library,12,1,1.38,0,17,True,27.46
2026-01-05 17:30:00,Printing Shop,9,1,2.31,0,17,True,32.73
2026-01-05 17:30:00,Canteen,9,2,3.37,0,17,True,41.82
2026-01-05 17:30:00,Computer Lab,9,2,3.51,0,17,True,30.83
2026-01-05 17:45:00,Library,12,4,3.46,0,17,True,38.86
2026-01-06 08:00:00,Printing Shop,2,1,1.87,1,8,False,0.0
2026-01-06 08:00:00,Printing Shop,4,6,2.86,1,8,False,11.32
2026-01-06 08:00:00,Library,4,10,4.39,1,8,False,14.9
2026-01-06 08:15:00,Bus Stop,30,2,1.46,1,8,False,46.65
2026-01-06 08:15:00,Library,7,2,3.74,1,8,False,22.53
2026-01-06 08:30:00,Bus Stop,33,5,0.91,1,8,False,28.6
2026-01-06 08:30:00,Canteen,12,5,1.57,1,8,False,25.43
2026-01-06 08:45:00,Printing Shop,4,7,2.81,1,8,False,5.19
2026-01-06 08:45:00,Canteen,7,1,2.01,1,8,False,15.96
2026-01-06 09:00:00,Bus Stop,24,10,1.63,1,9,False,32.04
2026-01-06 09:00:00,Canteen,3,1,2.25,1,9,False,2.52
2026-01-06 09:00:00,Library,8,4,4.06,1,9,False,32.79
2026-01-06 09:00:00,Computer Lab,11,6,3.5,1,9,False,40.32
2026-01-06 09:15:00,Computer Lab,6,4,2.31,1,9,False,18.4
2026-01-06 09:15:00,Library,8,9,4.81,1,9,False,33.59
2026-01-06 09:15:00,Printing Shop,7,6,3.01,1,9,False,14.68
2026-01-06 09:30:00,Library,7,7,4.8,1,9,False,40.49
2026-01-06 09:45:00,Library,8,2,5.95,1,9,False,42.24
2026-01-06 09:45:00,Canteen,13,10,2.4,1,9,False,33.81
2026-01-06 09:45:00,Bus Stop,27,3,1.48,1,9,False,47.26
2026-01-06 09:45:00,Admin Office,6,7,6.21,1,9,False,36.23
2026-01-06 10:00:00,Admin Office,7,6,4.34,1,10,True,25.78
2026-01-06 10:00:00,Bus Stop,12,7,1.55,1,10,True,27.94
2026-01-06 10:15:00,Library,11,9,4.37,1,10,True,62.89
2026-01-06 10:15:00,Admin Office,7,9,5.1,1,10,True,47.98
2026-01-06 10:15:00,Admin Office,5,7,4.67,1,10,True,19.29
2026-01-06 10:30:00,Canteen,13,7,2.26,1,10,True,41.01
2026-01-06 10:45:00,Bus Stop,12,3,1.28,1,10,True,18.88
2026-01-06 10:45:00,Admin Office,4,2,4.58,1,10,True,11.85
2026-01-06 11:00:00,Canteen,10,3,2.14,1,11,True,28.09
2026-01-06 11:00:00,Computer Lab,13,5,3.64,1,11,True,57.72
2026-01-06 12:00:00,Bus Stop,10,3,1.8,1,12,True,26.86
2026-01-06 12:15:00,Library,8,9,2.91,1,12,True,32.71
2026-01-06 12:15:00,Bus Stop,11,1,1.59,1,12,True,11.22
2026-01-06 12:30:00,Admin Office,12,6,4.15,1,12,True,64.75
2026-01-06 12:30:00,Canteen,25,7,2.46,1,12,True,73.57
2026-01-06 12:45:00,Bus Stop,13,9,0.97,1,12,True,7.02
2026-01-06 13:30:00,Admin Office,2,5,5.37,1,13,True,16.59
2026-01-06 13:30:00,Bus Stop,14,4,1.69,1,13,True,19.38
2026-01-06 13:45:00,Computer Lab,6,3,3.05,1,13,True,18.86
2026-01-06 13:45:00,Canteen,31,6,2.18,1,13,True,68.56
2026-01-06 13:45:00,Canteen,14,8,2.99,1,13,True,40.22
2026-01-06 13:45:00,Printing Shop,2,8,2.1,1,13,True,10.72
2026-01-06 13:45:00,Library,8,9,4.77,1,13,True,39.62
2026-01-06 13:45:00,Bus Stop,17,4,1.84,1,13,True,39.84
2026-01-06 14:00:00,Library,2,10,2.88,1,14,True,7.05
2026-01-06 14:00:00,Computer Lab,9,10,3.13,1,14,True,35.45
2026-01-06 14:15:00,Admin Office,5,5,5.57,1,14,True,37.83
2026-01-06 14:15:00,Admin Office,6,1,4.33,1,14,True,24.29
2026-01-06 14:15:00,Bus Stop,21,6,1.82,1,14,True,53.17
2026-01-06 14:30:00,Library,9,7,3.49,1,14,True,39.04
2026-01-06 14:30:00,Computer Lab,14,9,2.4,1,14,True,37.9
2026-01-06 14:45:00,Library,6,5,3.17,1,14,True,12.54
2026-01-06 14:45:00,Computer Lab,15,3,3.57,1,14,True,67.0
2026-01-06 15:15:00,Library,10,3,4.48,1,15,False,41.39
2026-01-06 15:30:00,Admin Office,6,7,4.9,1,15,False,27.24
2026-01-06 15:30:00,Bus Stop,8,7,1.75,1,15,False,19.37
2026-01-06 15:30:00,Printing Shop,9,2,3.73,1,15,False,36.14
2026-01-06 15:45:00,Bus Stop,13,2,1.67,1,15,False,17.0
2026-01-06 15:45:00,Bus Stop,7,7,1.8,1,15,False,18.63
2026-01-06 16:00:00,Canteen,14,3,1.94,1,16,True,34.5
2026-01-06 16:15:00,Admin Office,1,8,4.44,1,16,True,4.01
2026-01-06 16:15:00,Admin Office,5,7,6.97,1,16,True,33.15
2026-01-06 16:15:00,Bus Stop,24,10,1.81,1,16,True,49.15
2026-01-06 16:15:00,Canteen,14,10,3.24,1,16,True,40.31
2026-01-06 16:30:00,Computer Lab,11,7,3.23,1,16,True,41.79
2026-01-06 16:30:00,Library,8,7,4.76,1,16,True,40.25
2026-01-06 16:30:00,Library,6,7,4.7,1,16,True,22.69
2026-01-06 16:45:00,Bus Stop,25,9,1.39,1,16,True,37.15
2026-01-06 16:45:00,Printing Shop,6,9,3.57,1,16,True,29.24
2026-01-06 16:45:00,Canteen,10,5,1.73,1,16,True,18.7
2026-01-06 16:45:00,Admin Office,7,8,5.23,1,16,True,45.98
2026-01-06 17:00:00,Bus Stop,27,2,1.95,1,17,True,64.04
2026-01-06 17:00:00,Library,12,9,3.56,1,17,True,51.72
2026-01-06 17:00:00,Computer Lab,5,6,3.48,1,17,True,16.44
2026-01-06 17:30:00,Admin Office,6,2,5.08,1,17,True,38.64
2026-01-07 08:00:00,Library,6,8,1.43,2,8,False,13.94
2026-01-07 08:15:00,Printing Shop,0,2,2.54,2,8,False,0.0
2026-01-07 08:30:00,Bus Stop,27,5,1.46,2,8,False,44.47
2026-01-07 08:30:00,Library,6,9,3.68,2,8,False,21.38
2026-01-07 08:30:00,Admin Office,2,1,5.12,2,8,False,6.28
2026-01-07 08:45:00,Computer Lab,9,9,4.04,2,8,False,42.49
2026-01-07 08:45:00,Library,7,7,3.96,2,8,False,31.43
2026-01-07 09:00:00,Printing Shop,5,6,1.91,2,9,False,9.65
2026-01-07 09:00:00,Computer Lab,8,10,3.37,2,9,False,33.8
2026-01-07 09:00:00,Printing Shop,6,4,3.1,2,9,False,21.4
2026-01-07 09:00:00,Printing Shop,7,7,2.09,2,9,False,10.86
2026-01-07 09:15:00,Canteen,10,2,2.22,2,9,False,18.07
2026-01-07 09:15:00,Computer Lab,7,2,5.12,2,9,False,41.91
2026-01-07 09:15:00,Library,10,6,4.91,2,9,False,45.38
2026-01-07 09:30:00,Printing Shop,4,4,1.21,2,9,False,5.38
2026-01-07 10:00:00,Bus Stop,11,4,0.8,2,10,True,8.85
2026-01-07 10:00:00,Computer Lab,10,4,4.23,2,10,True,46.77
2026-01-07 10:00:00,Library,7,2,4.22,2,10,True,35.98
2026-01-07 10:15:00,Printing Shop,8,7,2.66,2,10,True,23.09
2026-01-07 10:15:00,Canteen,12,8,3.05,2,10,True,33.9
2026-01-07 10:30:00,Canteen,11,9,2.55,2,10,True,29.04
2026-01-07 10:30:00,Canteen,7,2,2.39,2,10,True,20.48
2026-01-07 10:45:00,Admin Office,6,1,4.45,2,10,True,24.21
2026-01-07 10:45:00,Bus Stop,9,9,1.38,2,10,True,12.37
2026-01-07 10:45:00,Canteen,7,1,2.09,2,10,True,21.56
2026-01-07 11:00:00,Computer Lab,14,4,2.86,2,11,True,53.9
2026-01-07 11:00:00,Admin Office,7,7,5.01,2,11,True,42.04
2026-01-07 11:15:00,Bus Stop,12,7,1.67,2,11,True,29.17
2026-01-07 11:45:00,Computer Lab,13,1,4.04,2,11,True,55.88
2026-01-07 11:45:00,Bus Stop,9,3,2.42,2,11,True,27.55
2026-01-07 12:15:00,Library,7,1,3.85,2,12,True,36.53
2026-01-07 12:15:00,Admin Office,6,9,5.82,2,12,True,29.28
2026-01-07 12:15:00,Canteen,19,2,2.83,2,12,True,55.3
2026-01-07 12:30:00,Library,9,2,3.5,2,12,True,33.45
2026-01-07 12:30:00,Computer Lab,10,6,4.34,2,12,True,51.69
2026-01-07 12:45:00,Printing Shop,7,10,3.6,2,12,True,30.46
2026-01-07 13:00:00,Admin Office,5,8,6.06,2,13,True,35.45
2026-01-07 13:15:00,Computer Lab,6,10,3.42,2,13,True,16.63
2026-01-07 13:15:00,Bus Stop,19,7,1.46,2,13,True,38.43
2026-01-07 13:15:00,Computer Lab,8,3,4.68,2,13,True,42.17
2026-01-07 13:15:00,Canteen,35,8,2.96,2,13,True,122.75
2026-01-07 13:15:00,Library,4,9,4.55,2,13,True,15.78
2026-01-07 13:30:00,Computer Lab,7,3,3.68,2,13,True,33.2
2026-01-07 13:30:00,Computer Lab,10,1,3.05,2,13,True,37.66
2026-01-07 13:30:00,Printing Shop,4,2,2.38,2,13,True,11.85
2026-01-07 13:30:00,Canteen,21,2,2.69,2,13,True,74.73
2026-01-07 13:45:00,Library,6,6,4.34,2,13,True,29.03
2026-01-07 13:45:00,Bus Stop,12,3,1.49,2,13,True,12.0
2026-01-07 13:45:00,Bus Stop,15,8,1.0,2,13,True,18.18
2026-01-07 13:45:00,Canteen,28,2,1.97,2,13,True,53.47
2026-01-07 14:00:00,Canteen,15,7,3.36,2,14,True,65.51
2026-01-07 14:00:00,Canteen,23,3,2.83,2,14,True,69.67
2026-01-07 14:15:00,Admin Office,8,2,4.48,2,14,True,35.53
2026-01-07 14:30:00,Computer Lab,14,3,3.81,2,14,True,62.45
2026-01-07 14:45:00,Computer Lab,5,6,3.09,2,14,True,22.34
2026-01-07 14:45:00,Canteen,23,7,3.13,2,14,True,69.17
2026-01-07 14:45:00,Admin Office,5,9,5.26,2,14,True,36.98
2026-01-07 15:00:00,Bus Stop,11,4,1.8,2,15,False,24.23
2026-01-07 15:00:00,Admin Office,1,5,5.44,2,15,False,6.63
2026-01-07 15:00:00,Admin Office,4,5,4.79,2,15,False,21.1
2026-01-07 15:15:00,Bus Stop,11,6,1.79,2,15,False,22.33
2026-01-07 15:15:00,Computer Lab,8,5,3.53,2,15,False,21.9
2026-01-07 15:15:00,Bus Stop,11,6,1.57,2,15,False,22.01
2026-01-07 15:15:00,Bus Stop,17,10,1.25,2,15,False,23.34
2026-01-07 15:30:00,Bus Stop,6,3,1.59,2,15,False,2.83
2026-01-07 15:45:00,Canteen,11,3,2.24,2,15,False,17.69
2026-01-07 15:45:00,Canteen,6,3,2.05,2,15,False,9.56
2026-01-07 15:45:00,Printing Shop,11,3,4.13,2,15,False,45.68
2026-01-07 15:45:00,Printing Shop,8,3,2.74,2,15,False,20.7
2026-01-07 15:45:00,Computer Lab,15,9,3.68,2,15,False,60.98
2026-01-07 16:00:00,Library,7,8,4.24,2,16,True,24.55
2026-01-07 16:00:00,Library,12,10,5.56,2,16,True,70.11
2026-01-07 16:00:00,Computer Lab,16,4,4.11,2,16,True,77.66
2026-01-07 16:15:00,Library,11,10,4.34,2,16,True,52.51
2026-01-07 16:15:00,Computer Lab,15,4,3.62,2,16,True,56.31
2026-01-07 16:15:00,Bus Stop,26,2,1.45,2,16,True,37.64
2026-01-07 16:15:00,Printing Shop,8,6,3.4,2,16,True,25.72
2026-01-07 16:30:00,Computer Lab,14,9,4.2,2,16,True,72.78
2026-01-07 17:00:00,Computer Lab,8,5,3.95,2,17,True,30.65
2026-01-07 17:00:00,Admin Office,7,4,5.37,2,17,True,41.43
2026-01-07 17:00:00,Computer Lab,12,4,4.53,2,17,True,60.0
2026-01-07 17:15:00,Library,13,8,4.12,2,17,True,53.31
2026-01-07 17:15:00,Bus Stop,23,3,1.4,2,17,True,45.03
2026-01-07 17:15:00,Admin Office,3,6,4.84,2,17,True,15.67
2026-01-07 17:30:00,Canteen,14,2,1.85,2,17,True,36.1
2026-01-07 17:45:00,Bus Stop,14,3,1.34,2,17,True,28.4
2026-01-08 08:00:00,Admin Office,5,10,5.58,3,8,False,20.34
2026-01-08 08:15:00,Computer Lab,8,9,3.9,3,8,False,27.31
2026-01-08 08:15:00,Library,7,2,4.05,3,8,False,31.42
2026-01-08 08:30:00,Library,9,4,4.03,3,8,False,29.32
2026-01-08 08:30:00,Printing Shop,3,1,2.6,3,8,False,11.9
2026-01-08 08:30:00,Canteen,5,5,2.7,3,8,False,18.46
2026-01-08 08:30:00,Bus Stop,29,8,1.52,3,8,False,45.16
2026-01-08 08:45:00,Admin Office,0,7,4.08,3,8,False,0.0
2026-01-08 08:45:00,Canteen,9,4,1.48,3,8,False,17.48
2026-01-08 08:45:00,Admin Office,5,8,6.58,3,8,False,27.14
2026-01-08 09:00:00,Canteen,6,9,2.55,3,9,False,10.9
2026-01-08 09:15:00,Admin Office,3,7,2.57,3,9,False,3.62
2026-01-08 09:15:00,Computer Lab,10,2,2.92,3,9,False,23.81
2026-01-08 09:30:00,Bus Stop,20,7,1.72,3,9,False,27.83
2026-01-08 09:45:00,Computer Lab,11,1,3.56,3,9,False,44.73
2026-01-08 10:00:00,Printing Shop,8,5,2.38,3,10,True,24.08
2026-01-08 10:15:00,Canteen,4,9,1.94,3,10,True,7.65
2026-01-08 10:30:00,Library,10,10,2.48,3,10,True,23.09
2026-01-08 10:30:00,Bus Stop,10,9,1.1,3,10,True,20.42
2026-01-08 10:45:00,Bus Stop,16,10,1.25,3,10,True,22.13
2026-01-08 10:45:00,Library,11,1,3.31,3,10,True,39.57
2026-01-08 11:00:00,Canteen,12,4,2.1,3,11,True,19.44
2026-01-08 11:00:00,Computer Lab,17,4,3.16,3,11,True,68.16
2026-01-08 11:30:00,Computer Lab,13,5,4.25,3,11,True,72.16
2026-01-08 11:45:00,Computer Lab,16,3,2.6,3,11,True,47.02
2026-01-08 12:00:00,Printing Shop,8,8,3.08,3,12,True,29.19
2026-01-08 12:00:00,Canteen,24,2,2.57,3,12,True,78.64
2026-01-08 12:00:00,Computer Lab,15,9,2.82,3,12,True,49.52
2026-01-08 12:15:00,Admin Office,8,3,5.84,3,12,True,54.38
2026-01-08 12:15:00,Library,6,10,4.14,3,12,True,27.48
2026-01-08 12:30:00,Bus Stop,9,5,1.67,3,12,True,17.15
2026-01-08 12:30:00,Canteen,22,9,2.76,3,12,True,59.0
2026-01-08 12:30:00,Computer Lab,10,2,4.3,3,12,True,51.24
2026-01-08 12:45:00,Canteen,9,9,2.94,3,12,True,33.26
2026-01-08 13:00:00,Admin Office,4,6,5.35,3,13,True,27.97
2026-01-08 13:15:00,Library,3,4,4.41,3,13,True,11.69
2026-01-08 13:15:00,Bus Stop,26,6,1.22,3,13,True,44.99
2026-01-08 13:45:00,Admin Office,4,7,5.96,3,13,True,26.9
2026-01-08 13:45:00,Admin Office,1,3,2.66,3,13,True,0.54
2026-01-08 13:45:00,Bus Stop,16,6,1.44,3,13,True,18.06
2026-01-08 13:45:00,Printing Shop,1,7,4.14,3,13,True,3.31
2026-01-08 14:15:00,Bus Stop,23,4,1.69,3,14,True,50.37
2026-01-08 14:15:00,Printing Shop,7,9,3.18,3,14,True,32.87
2026-01-08 14:15:00,Computer Lab,13,5,4.59,3,14,True,62.68
2026-01-08 14:15:00,Printing Shop,7,5,1.93,3,14,True,17.42
2026-01-08 14:30:00,Computer Lab,11,2,2.73,3,14,True,25.38
2026-01-08 14:30:00,Printing Shop,0,2,2.6,3,14,True,0.0
2026-01-08 14:45:00,Bus Stop,10,10,1.39,3,14,True,6.6
2026-01-08 14:45:00,Library,10,6,4.86,3,14,True,50.92
2026-01-08 15:00:00,Bus Stop,13,5,1.19,3,15,False,15.61
2026-01-08 15:00:00,Computer Lab,6,4,2.69,3,15,False,9.32
2026-01-08 15:00:00,Admin Office,6,3,6.49,3,15,False,40.81
2026-01-08 15:15:00,Library,12,4,5.27,3,15,False,59.39
2026-01-08 15:15:00,Library,16,3,3.75,3,15,False,52.68
2026-01-08 15:30:00,Canteen,7,9,2.43,3,15,False,18.8
2026-01-08 15:30:00,Computer Lab,12,4,2.73,3,15,False,37.65
2026-01-08 15:45:00,Admin Office,4,3,5.42,3,15,False,21.49
2026-01-08 15:45:00,Canteen,9,4,2.26,3,15,False,17.29
2026-01-08 15:45:00,Admin Office,7,6,4.59,3,15,False,29.95
2026-01-08 16:00:00,Printing Shop,7,3,2.67,3,16,True,21.8
2026-01-08 16:00:00,Canteen,16,6,2.6,3,16,True,51.67
2026-01-08 16:00:00,Admin Office,5,8,5.25,3,16,True,29.98
2026-01-08 16:00:00,Printing Shop,8,8,3.33,3,16,True,24.05
2026-01-08 16:00:00,Printing Shop,14,2,3.1,3,16,True,50.5
2026-01-08 16:15:00,Canteen,16,4,2.0,3,16,True,39.71
2026-01-08 16:15:00,Library,11,10,4.9,3,16,True,69.44
2026-01-08 16:15:00,Admin Office,3,10,5.77,3,16,True,25.47
2026-01-08 16:30:00,Bus Stop,23,1,1.16,3,16,True,37.74
2026-01-08 16:30:00,Bus Stop,26,8,1.27,3,16,True,40.11
2026-01-08 16:30:00,Printing Shop,8,10,2.95,3,16,True,35.42
2026-01-08 16:30:00,Canteen,15,2,2.27,3,16,True,34.66
2026-01-08 16:30:00,Library,11,2,3.95,3,16,True,51.21
2026-01-08 17:00:00,Printing Shop,9,5,3.0,3,17,True,26.39
2026-01-08 17:00:00,Printing Shop,8,5,4.39,3,17,True,36.01
2026-01-08 17:15:00,Canteen,11,7,2.7,3,17,True,33.93
2026-01-08 17:45:00,Bus Stop,35,9,1.73,3,17,True,81.78
2026-01-08 17:45:00,Bus Stop,37,3,1.21,3,17,True,56.13
2026-01-08 17:45:00,Canteen,18,1,2.95,3,17,True,57.08
2026-01-09 08:00:00,Computer Lab,9,6,4.43,4,8,False,33.89
2026-01-09 08:00:00,Admin Office,2,8,6.93,4,8,False,16.81
2026-01-09 08:15:00,Admin Office,6,5,5.39,4,8,False,25.37
2026-01-09 08:15:00,Canteen,12,8,2.21,4,8,False,23.63
2026-01-09 08:15:00,Bus Stop,22,9,1.13,4,8,False,18.46
2026-01-09 08:15:00,Library,6,2,3.91,4,8,False,19.32
2026-01-09 08:30:00,Printing Shop,4,5,1.46,4,8,False,8.94
2026-01-09 08:30:00,Library,5,5,3.07,4,8,False,10.76
2026-01-09 08:30:00,Bus Stop,22,6,1.86,4,8,False,39.64
2026-01-09 08:30:00,Admin Office,1,7,4.79,4,8,False,5.6
2026-01-09 08:45:00,Library,5,2,3.5,4,8,False,11.27
2026-01-09 09:00:00,Computer Lab,7,9,2.97,4,9,False,22.09
2026-01-09 09:00:00,Bus Stop,20,10,1.92,4,9,False,34.12
2026-01-09 09:00:00,Printing Shop,2,3,3.9,4,9,False,4.52
2026-01-09 09:15:00,Bus Stop,16,7,1.45,4,9,False,24.54
2026-01-09 09:15:00,Printing Shop,4,3,2.83,4,9,False,11.37
2026-01-09 09:15:00,Library,10,1,2.6,4,9,False,26.39
2026-01-09 09:15:00,Admin Office,7,1,4.68,4,9,False,28.69
2026-01-09 09:15:00,Bus Stop,15,9,1.36,4,9,False,25.29
2026-01-09 09:30:00,Printing Shop,4,3,2.63,4,9,False,15.1
2026-01-09 09:30:00,Admin Office,2,3,5.74,4,9,False,15.66
2026-01-09 09:30:00,Bus Stop,24,3,1.37,4,9,False,24.89
2026-01-09 09:30:00,Bus Stop,20,2,1.47,4,9,False,26.41
2026-01-09 09:45:00,Canteen,8,7,2.81,4,9,False,28.19
2026-01-09 10:30:00,Canteen,10,6,2.97,4,10,True,36.3
2026-01-09 11:00:00,Computer Lab,10,1,3.49,4,11,True,37.71
2026-01-09 11:15:00,Library,6,4,2.65,4,11,True,15.97
2026-01-09 11:15:00,Computer Lab,15,9,2.53,4,11,True,51.95
2026-01-09 11:15:00,Printing Shop,7,9,3.07,4,11,True,29.65
2026-01-09 11:15:00,Canteen,11,10,1.66,4,11,True,20.73
2026-01-09 11:30:00,Admin Office,9,3,5.62,4,11,True,46.48
2026-01-09 11:30:00,Admin Office,7,8,1.71,4,11,True,6.44
2026-01-09 11:45:00,Admin Office,7,10,6.35,4,11,True,49.02
2026-01-09 11:45:00,Computer Lab,14,1,3.23,4,11,True,46.88
2026-01-09 11:45:00,Computer Lab,13,3,4.68,4,11,True,67.74
2026-01-09 11:45:00,Computer Lab,14,9,3.74,4,11,True,57.37
2026-01-09 11:45:00,Canteen,6,10,3.12,4,11,True,27.65
2026-01-09 12:00:00,Bus Stop,8,10,1.59,4,12,True,13.83
2026-01-09 12:00:00,Library,8,1,3.56,4,12,True,29.19
2026-01-09 12:00:00,Canteen,15,3,2.25,4,12,True,41.81
2026-01-09 12:15:00,Bus Stop,9,5,1.35,4,12,True,8.15
2026-01-09 12:15:00,Admin Office,5,5,4.15,4,12,True,27.24
2026-01-09 12:30:00,Admin Office,8,9,5.28,4,12,True,43.42
2026-01-09 12:30:00,Admin Office,7,6,4.72,4,12,True,30.31
2026-01-09 12:45:00,Admin Office,7,1,5.01,4,12,True,46.05
2026-01-09 12:45:00,Bus Stop,15,10,1.56,4,12,True,19.0
2026-01-09 12:45:00,Admin Office,10,9,7.41,4,12,True,83.21
2026-01-09 12:45:00,Canteen,24,1,1.9,4,12,True,44.4
2026-01-09 12:45:00,Printing Shop,8,8,2.75,4,12,True,25.99
2026-01-09 12:45:00,Bus Stop,8,10,1.67,4,12,True,22.23
2026-01-09 13:00:00,Bus Stop,15,10,1.91,4,13,True,26.38
2026-01-09 13:00:00,Bus Stop,15,7,1.53,4,13,True,29.59
2026-01-09 13:15:00,Bus Stop,7,1,1.32,4,13,True,5.73
2026-01-09 13:15:00,Bus Stop,21,8,1.53,4,13,True,40.78
2026-01-09 13:15:00,Admin Office,4,1,3.69,4,13,True,9.07
2026-01-09 13:30:00,Admin Office,4,1,2.91,4,13,True,14.27
2026-01-09 13:45:00,Bus Stop,28,6,1.32,4,13,True,37.03
2026-01-09 13:45:00,Printing Shop,6,1,3.1,4,13,True,20.95
2026-01-09 13:45:00,Canteen,16,4,3.28,4,13,True,50.54
2026-01-09 14:00:00,Canteen,21,2,2.71,4,14,True,62.5
2026-01-09 14:00:00,Printing Shop,9,7,2.92,4,14,True,20.05
2026-01-09 14:15:00,Canteen,24,3,3.09,4,14,True,77.73
2026-01-09 14:15:00,Library,9,7,5.2,4,14,True,59.16
2026-01-09 14:15:00,Computer Lab,15,10,3.28,4,14,True,50.0
2026-01-09 14:30:00,Library,12,6,4.5,4,14,True,64.41
2026-01-09 14:30:00,Computer Lab,15,4,5.61,4,14,True,92.68
2026-01-09 14:30:00,Bus Stop,22,6,1.85,4,14,True,50.5
2026-01-09 14:45:00,Computer Lab,12,2,4.02,4,14,True,56.1
2026-01-09 14:45:00,Bus Stop,17,4,1.57,4,14,True,40.43
2026-01-09 14:45:00,Admin Office,0,6,4.35,4,14,True,0.0
2026-01-09 15:00:00,Admin Office,5,7,5.66,4,15,False,33.2
2026-01-09 15:00:00,Canteen,10,3,2.68,4,15,False,33.84
2026-01-09 15:15:00,Admin Office,5,7,3.64,4,15,False,21.43
2026-01-09 15:15:00,Printing Shop,12,6,2.88,4,15,False,39.45
2026-01-09 15:30:00,Bus Stop,9,5,1.74,4,15,False,17.47
2026-01-09 15:30:00,Printing Shop,9,10,2.33,4,15,False,16.62
2026-01-09 15:30:00,Printing Shop,5,10,3.07,4,15,False,16.26
2026-01-09 15:45:00,Canteen,8,5,1.95,4,15,False,19.12
2026-01-09 15:45:00,Library,8,6,3.94,4,15,False,38.34
2026-01-09 15:45:00,Bus Stop,9,6,1.23,4,15,False,8.56
2026-01-09 16:00:00,Computer Lab,13,8,3.89,4,16,True,67.89
2026-01-09 16:00:00,Admin Office,5,10,5.68,4,16,True,28.31
2026-01-09 16:00:00,Computer Lab,13,3,3.84,4,16,True,55.75
2026-01-09 16:00:00,Admin Office,6,6,3.37,4,16,True,22.4
2026-01-09 16:15:00,Library,5,1,4.72,4,16,True,32.59
2026-01-09 16:15:00,Canteen,11,8,2.88,4,16,True,33.69
2026-01-09 16:30:00,Bus Stop,27,2,1.32,4,16,True,35.01
2026-01-09 16:30:00,Bus Stop,27,4,1.02,4,16,True,25.12
2026-01-09 16:45:00,Bus Stop,23,7,1.35,4,16,True,33.1
2026-01-09 16:45:00,Printing Shop,4,4,1.25,4,16,True,9.84
2026-01-09 16:45:00,Library,18,10,3.07,4,16,True,66.22
2026-01-09 16:45:00,Printing Shop,8,3,2.8,4,16,True,25.68
2026-01-09 16:45:00,Printing Shop,8,3,3.27,4,16,True,34.25
2026-01-09 17:00:00,Printing Shop,10,8,2.67,4,17,True,28.41
2026-01-09 17:15:00,Admin Office,8,6,4.93,4,17,True,52.24
2026-01-09 17:30:00,Computer Lab,9,5,2.77,4,17,True,23.52
2026-01-09 17:30:00,Printing Shop,8,2,2.92,4,17,True,29.69
2026-01-09 17:45:00,Printing Shop,4,2,3.92,4,17,True,11.47
2026-01-10 08:00:00,Library,4,8,3.82,5,8,False,12.11
2026-01-10 08:00:00,Library,5,3,3.89,5,8,False,22.89
2026-01-10 08:15:00,Library,1,9,4.62,5,8,False,12.22
2026-01-10 08:15:00,Canteen,4,3,2.99,5,8,False,9.27
2026-01-10 08:30:00,Admin Office,4,4,5.49,5,8,False,28.29
2026-01-10 08:30:00,Computer Lab,6,6,2.97,5,8,False,24.3
2026-01-10 08:30:00,Bus Stop,16,2,1.34,5,8,False,16.45
2026-01-10 08:45:00,Computer Lab,6,5,3.02,5,8,False,12.85
2026-01-10 08:45:00,Admin Office,3,7,5.35,5,8,False,18.95
2026-01-10 09:15:00,Library,8,8,4.82,5,9,False,37.12
2026-01-10 09:15:00,Canteen,7,10,2.47,5,9,False,15.66
2026-01-10 09:30:00,Bus Stop,11,4,1.38,5,9,False,14.75
2026-01-10 09:45:00,Bus Stop,9,10,1.26,5,9,False,13.91
2026-01-10 09:45:00,Canteen,6,4,2.19,5,9,False,11.03
2026-01-10 10:00:00,Admin Office,4,8,5.27,5,10,True,30.13
2026-01-10 10:00:00,Computer Lab,5,3,2.84,5,10,True,22.75
2026-01-10 10:15:00,Computer Lab,10,6,2.96,5,10,True,41.65
2026-01-10 10:15:00,Canteen,4,4,2.23,5,10,True,1.74
2026-01-10 10:15:00,Library,2,6,3.75,5,10,True,10.88
2026-01-10 10:30:00,Printing Shop,4,10,4.03,5,10,True,21.31
2026-01-10 10:30:00,Computer Lab,7,9,3.45,5,10,True,27.58
2026-01-10 10:30:00,Printing Shop,7,2,3.67,5,10,True,35.84
2026-01-10 10:30:00,Admin Office,2,2,4.04,5,10,True,1.48
2026-01-10 10:45:00,Admin Office,4,3,4.28,5,10,True,17.45
2026-01-10 10:45:00,Library,5,4,3.27,5,10,True,25.3
2026-01-10 11:00:00,Canteen,6,2,2.15,5,11,True,7.89
2026-01-10 11:00:00,Canteen,5,3,3.81,5,11,True,17.07
2026-01-10 11:15:00,Admin Office,1,1,3.37,5,11,True,11.77
2026-01-10 11:15:00,Bus Stop,6,3,0.82,5,11,True,12.32
2026-01-10 11:30:00,Printing Shop,7,3,1.91,5,11,True,8.9
2026-01-10 11:45:00,Printing Shop,6,10,2.8,5,11,True,14.17
2026-01-10 11:45:00,Library,4,2,3.37,5,11,True,19.37
2026-01-10 11:45:00,Canteen,3,2,2.34,5,11,True,14.3
2026-01-10 12:00:00,Canteen,15,1,2.3,5,12,True,45.4
2026-01-10 12:00:00,Canteen,8,3,2.38,5,12,True,18.53
2026-01-10 12:15:00,Admin Office,0,8,5.9,5,12,True,0.0
2026-01-10 12:15:00,Admin Office,3,10,5.93,5,12,True,24.39
2026-01-10 12:30:00,Bus Stop,7,8,1.5,5,12,True,13.48
2026-01-10 12:30:00,Library,5,6,3.28,5,12,True,17.66
2026-01-10 12:30:00,Admin Office,4,10,5.38,5,12,True,18.78
2026-01-10 12:30:00,Admin Office,9,6,4.68,5,12,True,38.72
2026-01-10 12:45:00,Bus Stop,6,4,0.82,5,12,True,11.25
2026-01-10 12:45:00,Admin Office,2,2,6.71,5,12,True,18.32
2026-01-10 12:45:00,Admin Office,4,7,7.23,5,12,True,24.36
2026-01-10 13:00:00,Bus Stop,13,1,1.76,5,13,True,18.22
2026-01-10 13:30:00,Printing Shop,3,10,2.83,5,13,True,15.88
2026-01-10 13:30:00,Admin Office,4,8,5.51,5,13,True,25.71
2026-01-10 14:00:00,Computer Lab,11,5,3.02,5,14,True,42.66
2026-01-10 14:00:00,Admin Office,6,5,5.07,5,14,True,28.88
2026-01-10 14:00:00,Bus Stop,13,2,1.44,5,14,True,22.63
2026-01-10 14:00:00,Bus Stop,9,2,1.27,5,14,True,10.95
2026-01-10 14:15:00,Canteen,5,6,2.75,5,14,True,17.45
2026-01-10 14:30:00,Bus Stop,15,10,1.59,5,14,True,25.81
2026-01-10 14:30:00,Canteen,19,6,2.15,5,14,True,48.03
2026-01-10 14:30:00,Library,9,8,4.39,5,14,True,34.24
2026-01-10 14:45:00,Computer Lab,9,5,4.0,5,14,True,43.37
2026-01-10 14:45:00,Canteen,12,8,2.4,5,14,True,32.82
2026-01-10 14:45:00,Bus Stop,9,5,1.42,5,14,True,19.83
2026-01-10 15:00:00,Canteen,7,7,2.87,5,15,False,19.72
2026-01-10 15:15:00,Bus Stop,7,10,1.88,5,15,False,17.55
2026-01-10 15:15:00,Library,5,7,4.3,5,15,False,19.76
2026-01-10 15:30:00,Canteen,6,2,3.07,5,15,False,14.65
2026-01-10 15:30:00,Library,1,4,4.6,5,15,False,4.84
2026-01-10 15:45:00,Library,9,1,5.53,5,15,False,52.09
2026-01-10 16:00:00,Library,9,7,3.58,5,16,True,30.88
2026-01-10 16:30:00,Bus Stop,9,1,1.08,5,16,True,5.96
2026-01-10 16:45:00,Library,7,3,4.55,5,16,True,29.7
2026-01-10 16:45:00,Canteen,9,2,2.14,5,16,True,13.38
2026-01-10 16:45:00,Bus Stop,15,4,1.55,5,16,True,19.86
2026-01-10 16:45:00,Canteen,6,7,3.06,5,16,True,17.53
2026-01-10 17:00:00,Canteen,7,9,2.42,5,17,True,12.85
2026-01-10 17:00:00,Bus Stop,14,7,1.61,5,17,True,22.83
2026-01-10 17:15:00,Admin Office,0,7,5.8,5,17,True,2.16
2026-01-10 17:15:00,Computer Lab,5,1,2.99,5,17,True,9.64
2026-01-10 17:30:00,Printing Shop,6,2,2.72,5,17,True,22.93
2026-01-10 17:30:00,Admin Office,2,4,5.72,5,17,True,13.69
2026-01-10 17:30:00,Printing Shop,4,2,2.75,5,17,True,6.99
2026-01-10 17:30:00,Canteen,8,1,2.81,5,17,True,23.72
2026-01-10 17:30:00,Library,7,4,4.03,5,17,True,30.23
2026-01-10 17:45:00,Canteen,11,1,3.05,5,17,True,30.52
2026-01-10 17:45:00,Printing Shop,8,3,3.2,5,17,True,28.06
2026-01-10 17:45:00,Admin Office,0,7,4.28,5,17,True,0.0
2026-01-11 08:00:00,Bus Stop,9,4,1.31,6,8,False,6.54
2026-01-11 08:00:00,Computer Lab,6,3,2.89,6,8,False,21.0
2026-01-11 08:00:00,Canteen,5,3,2.77,6,8,False,14.48
2026-01-11 08:15:00,Bus Stop,11,5,1.59,6,8,False,17.54
2026-01-11 08:15:00,Printing Shop,3,5,4.14,6,8,False,6.96
2026-01-11 08:15:00,Computer Lab,3,8,2.42,6,8,False,3.32
2026-01-11 08:15:00,Printing Shop,0,8,3.12,6,8,False,3.91
2026-01-11 08:15:00,Computer Lab,2,9,4.44,6,8,False,7.27
2026-01-11 08:15:00,Canteen,6,5,2.1,6,8,False,17.29
2026-01-11 08:15:00,Canteen,6,6,3.16,6,8,False,22.31
2026-01-11 08:30:00,Printing Shop,3,3,3.24,6,8,False,7.75
2026-01-11 08:45:00,Bus Stop,12,4,1.94,6,8,False,22.15
2026-01-11 09:30:00,Computer Lab,4,2,3.38,6,9,False,8.91
2026-01-11 09:30:00,Admin Office,3,7,5.53,6,9,False,12.13
2026-01-11 09:45:00,Bus Stop,13,7,1.53,6,9,False,27.14
2026-01-11 09:45:00,Printing Shop,4,7,2.96,6,9,False,14.89
2026-01-11 10:15:00,Bus Stop,8,8,1.58,6,10,True,9.97
2026-01-11 10:15:00,Bus Stop,5,2,1.86,6,10,True,19.78
2026-01-11 10:30:00,Bus Stop,8,2,1.67,6,10,True,12.13
2026-01-11 10:45:00,Library,3,4,5.94,6,10,True,27.23
2026-01-11 10:45:00,Admin Office,1,10,4.42,6,10,True,3.29
2026-01-11 11:00:00,Bus Stop,8,4,2.01,6,11,True,11.42
2026-01-11 11:30:00,Computer Lab,5,2,2.97,6,11,True,10.67
2026-01-11 11:45:00,Admin Office,0,9,4.42,6,11,True,3.63
2026-01-11 11:45:00,Computer Lab,8,3,4.22,6,11,True,40.26
2026-01-11 12:00:00,Printing Shop,5,10,3.03,6,12,True,21.24
2026-01-11 12:00:00,Bus Stop,6,9,1.26,6,12,True,13.6
2026-01-11 12:00:00,Admin Office,5,7,4.29,6,12,True,24.85
2026-01-11 12:15:00,Admin Office,3,4,5.6,6,12,True,20.98
2026-01-11 12:15:00,Canteen,12,10,2.66,6,12,True,34.59
2026-01-11 12:30:00,Admin Office,6,7,6.08,6,12,True,49.01
2026-01-11 13:00:00,Computer Lab,1,3,3.27,6,13,True,0.42
2026-01-11 13:00:00,Library,4,7,3.48,6,13,True,7.86
2026-01-11 13:15:00,Computer Lab,5,6,3.01,6,13,True,15.57
2026-01-11 13:15:00,Bus Stop,11,2,1.27,6,13,True,19.31
2026-01-11 13:15:00,Canteen,18,3,3.01,6,13,True,62.59
2026-01-11 13:30:00,Library,1,1,3.28,6,13,True,8.71
2026-01-11 13:30:00,Admin Office,2,5,5.9,6,13,True,16.87
2026-01-11 13:30:00,Canteen,16,1,3.19,6,13,True,47.83
2026-01-11 13:30:00,Computer Lab,4,7,3.37,6,13,True,17.51
2026-01-11 13:45:00,Computer Lab,3,7,3.23,6,13,True,4.01
2026-01-11 13:45:00,Canteen,12,8,1.78,6,13,True,16.69
2026-01-11 14:00:00,Printing Shop,3,4,1.77,6,14,True,9.32
2026-01-11 14:00:00,Library,5,6,4.52,6,14,True,22.43
2026-01-11 14:00:00,Library,7,1,4.75,6,14,True,38.36
2026-01-11 14:00:00,Canteen,19,7,3.04,6,14,True,64.25
2026-01-11 14:15:00,Bus Stop,16,2,1.82,6,14,True,31.77
2026-01-11 14:30:00,Admin Office,2,6,6.66,6,14,True,10.16
2026-01-11 14:30:00,Bus Stop,15,5,1.95,6,14,True,29.39
2026-01-11 14:45:00,Printing Shop,3,10,2.38,6,14,True,4.2
2026-01-11 14:45:00,Printing Shop,0,3,1.81,6,14,True,0.0
2026-01-11 14:45:00,Canteen,15,10,1.4,6,14,True,31.77
2026-01-11 15:00:00,Canteen,5,2,2.92,6,15,False,7.79
2026-01-11 15:00:00,Bus Stop,6,4,1.19,6,15,False,11.64
2026-01-11 15:00:00,Admin Office,2,7,5.12,6,15,False,5.2
2026-01-11 15:00:00,Library,5,5,3.89,6,15,False,26.74
2026-01-11 15:00:00,Printing Shop,3,7,3.24,6,15,False,7.4
2026-01-11 15:00:00,Canteen,8,9,2.83,6,15,False,21.31
2026-01-11 15:15:00,Computer Lab,6,7,4.56,6,15,False,26.41
2026-01-11 15:15:00,Printing Shop,5,6,2.7,6,15,False,11.73
2026-01-11 15:30:00,Admin Office,4,4,5.58,6,15,False,23.9
2026-01-11 15:30:00,Admin Office,7,6,5.53,6,15,False,40.55
2026-01-11 15:45:00,Computer Lab,6,3,2.5,6,15,False,19.59
2026-01-11 15:45:00,Admin Office,0,9,4.57,6,15,False,4.26
2026-01-11 15:45:00,Canteen,10,1,2.47,6,15,False,23.76
2026-01-11 16:15:00,Canteen,9,2,1.98,6,16,True,23.87
2026-01-11 16:15:00,Printing Shop,9,9,1.98,6,16,True,15.54
2026-01-11 16:30:00,Admin Office,5,4,4.53,6,16,True,30.57
2026-01-11 16:30:00,Printing Shop,6,4,2.66,6,16,True,11.32
2026-01-11 16:45:00,Bus Stop,13,8,1.74,6,16,True,26.97
2026-01-11 16:45:00,Library,1,1,3.94,6,16,True,1.84
2026-01-11 17:15:00,Admin Office,3,9,3.56,6,17,True,8.05
2026-01-11 17:15:00,Library,8,2,3.46,6,17,True,38.02
2026-01-11 17:30:00,Canteen,9,8,2.11,6,17,True,24.3
2026-01-11 17:45:00,Printing Shop,4,8,3.66,6,17,True,21.97
2026-01-12 08:00:00,Printing Shop,2,6,2.84,0,8,False,5.25
2026-01-12 08:00:00,Printing Shop,4,7,2.99,0,8,False,13.83
2026-01-12 08:00:00,Computer Lab,6,3,2.74,0,8,False,18.47
2026-01-12 08:15:00,Admin Office,2,2,5.88,0,8,False,7.85
2026-01-12 08:15:00,Bus Stop,22,7,0.88,0,8,False,19.73
2026-01-12 08:15:00,Computer Lab,5,8,3.51,0,8,False,13.84
2026-01-12 08:15:00,Canteen,8,10,2.52,0,8,False,22.43
2026-01-12 08:30:00,Printing Shop,4,8,2.89,0,8,False,12.65
2026-01-12 08:30:00,Canteen,9,1,3.0,0,8,False,30.66
2026-01-12 08:45:00,Bus Stop,23,10,1.79,0,8,False,36.93
2026-01-12 09:00:00,Library,6,10,2.74,0,9,False,17.02
2026-01-12 09:00:00,Bus Stop,29,9,1.1,0,9,False,37.96
2026-01-12 09:00:00,Admin Office,1,4,5.44,0,9,False,10.4
2026-01-12 09:15:00,Printing Shop,0,3,2.8,0,9,False,1.16
2026-01-12 09:15:00,Computer Lab,7,5,4.05,0,9,False,24.69
2026-01-12 09:30:00,Printing Shop,1,6,3.05,0,9,False,0.0
2026-01-12 09:30:00,Computer Lab,6,1,3.0,0,9,False,13.35
2026-01-12 09:30:00,Canteen,11,1,2.57,0,9,False,28.11
2026-01-12 09:45:00,Computer Lab,7,10,2.75,0,9,False,13.54
2026-01-12 09:45:00,Computer Lab,10,3,3.55,0,9,False,30.49
2026-01-12 10:00:00,Bus Stop,12,5,1.17,0,10,True,10.83
2026-01-12 10:00:00,Bus Stop,11,1,1.64,0,10,True,24.35
2026-01-12 10:15:00,Admin Office,10,4,4.44,0,10,True,44.64
2026-01-12 10:30:00,Library,9,3,4.49,0,10,True,38.51
2026-01-12 10:30:00,Library,9,8,4.27,0,10,True,52.93
2026-01-12 10:45:00,Computer Lab,10,6,2.71,0,10,True,23.88
2026-01-12 11:00:00,Computer Lab,9,3,3.09,0,11,True,21.73
2026-01-12 11:30:00,Library,12,7,2.81,0,11,True,35.17
2026-01-12 11:30:00,Computer Lab,9,10,2.24,0,11,True,15.15
2026-01-12 11:30:00,Library,11,9,3.13,0,11,True,36.87
2026-01-12 11:45:00,Bus Stop,13,5,1.72,0,11,True,18.27
2026-01-12 12:00:00,Printing Shop,9,4,2.2,0,12,True,15.5
2026-01-12 12:00:00,Library,6,2,3.02,0,12,True,20.7
2026-01-12 12:00:00,Printing Shop,5,4,3.71,0,12,True,28.36
2026-01-12 12:00:00,Admin Office,8,9,5.56,0,12,True,52.46
2026-01-12 12:00:00,Admin Office,6,8,5.34,0,12,True,40.23
2026-01-12 12:15:00,Library,9,2,4.54,0,12,True,45.97
2026-01-12 12:15:00,Computer Lab,11,6,3.03,0,12,True,39.35
2026-01-12 12:30:00,Admin Office,3,8,4.08,0,12,True,7.42
2026-01-12 12:30:00,Library,4,10,5.97,0,12,True,20.89
2026-01-12 12:30:00,Computer Lab,12,9,5.65,0,12,True,83.44
2026-01-12 12:30:00,Printing Shop,11,5,2.25,0,12,True,22.16
2026-01-12 12:30:00,Printing Shop,5,5,3.39,0,12,True,14.68
2026-01-12 13:00:00,Library,8,7,4.1,0,13,True,41.29
2026-01-12 13:00:00,Bus Stop,11,2,1.21,0,13,True,14.81
2026-01-12 13:00:00,Bus Stop,17,5,0.8,0,13,True,22.32
2026-01-12 13:30:00,Computer Lab,6,8,2.46,0,13,True,16.31
2026-01-12 13:45:00,Bus Stop,19,7,1.34,0,13,True,19.59
2026-01-12 13:45:00,Library,7,8,1.6,0,13,True,6.62
2026-01-12 13:45:00,Library,7,7,3.84,0,13,True,23.33
2026-01-12 13:45:00,Library,7,9,5.19,0,13,True,44.48
2026-01-12 13:45:00,Bus Stop,17,8,1.26,0,13,True,16.77
2026-01-12 13:45:00,Library,6,6,4.24,0,13,True,27.3
2026-01-12 14:00:00,Canteen,27,2,2.56,0,14,True,83.46
2026-01-12 14:00:00,Admin Office,1,6,4.46,0,14,True,0.0
2026-01-12 14:15:00,Canteen,23,10,2.88,0,14,True,71.17
2026-01-12 14:15:00,Computer Lab,12,5,3.63,0,14,True,45.55
2026-01-12 14:15:00,Canteen,30,4,1.75,0,14,True,65.8
2026-01-12 14:15:00,Library,12,1,3.52,0,14,True,43.47
2026-01-12 14:15:00,Computer Lab,17,10,3.12,0,14,True,67.7
2026-01-12 14:15:00,Printing Shop,6,6,2.46,0,14,True,23.28
2026-01-12 14:30:00,Admin Office,6,4,5.42,0,14,True,33.71
2026-01-12 14:30:00,Computer Lab,14,5,4.17,0,14,True,65.99
2026-01-12 14:30:00,Canteen,24,6,3.77,0,14,True,106.66
2026-01-12 14:45:00,Admin Office,2,3,6.58,0,14,True,9.67
2026-01-12 14:45:00,Computer Lab,14,9,5.18,0,14,True,85.66
2026-01-12 14:45:00,Canteen,12,7,2.44,0,14,True,43.12
2026-01-12 14:45:00,Canteen,24,6,2.28,0,14,True,55.99
2026-01-12 14:45:00,Bus Stop,20,6,1.52,0,14,True,32.4
2026-01-12 15:30:00,Canteen,12,7,2.78,0,15,False,40.35
2026-01-12 15:30:00,Printing Shop,6,4,2.24,0,15,False,19.35
2026-01-12 15:45:00,Canteen,6,10,2.57,0,15,False,12.67
2026-01-12 15:45:00,Admin Office,3,8,5.51,0,15,False,14.39
2026-01-12 15:45:00,Library,7,6,4.65,0,15,False,38.22
2026-01-12 15:45:00,Bus Stop,16,4,1.36,0,15,False,23.05
2026-01-12 16:00:00,Admin Office,7,10,5.75,0,16,True,46.9
2026-01-12 16:00:00,Computer Lab,8,10,2.39,0,16,True,25.06
2026-01-12 16:00:00,Library,14,10,4.01,0,16,True,58.71
2026-01-12 16:15:00,Admin Office,4,8,5.62,0,16,True,28.78
2026-01-12 16:15:00,Printing Shop,7,6,2.54,0,16,True,22.02
2026-01-12 16:45:00,Computer Lab,11,4,4.04,0,16,True,45.66
2026-01-12 16:45:00,Printing Shop,12,5,3.81,0,16,True,53.5
2026-01-12 17:00:00,Library,9,6,3.25,0,17,True,43.46
2026-01-12 17:00:00,Library,11,5,5.45,0,17,True,73.26
2026-01-12 17:00:00,Admin Office,3,3,4.72,0,17,True,12.06
2026-01-12 17:15:00,Bus Stop,20,4,1.62,0,17,True,45.56
2026-01-12 17:15:00,Admin Office,2,1,5.38,0,17,True,9.18
2026-01-12 17:15:00,Library,8,8,3.96,0,17,True,33.2
2026-01-12 17:45:00,Computer Lab,8,6,1.89,0,17,True,13.36
2026-01-13 08:00:00,Admin Office,8,8,4.01,1,8,False,26.3
2026-01-13 08:15:00,Admin Office,4,8,3.35,1,8,False,19.24
2026-01-13 08:15:00,Admin Office,2,7,3.84,1,8,False,13.15
2026-01-13 08:15:00,Printing Shop,3,3,3.22,1,8,False,8.47
2026-01-13 08:30:00,Bus Stop,25,7,1.08,1,8,False,28.12
2026-01-13 09:00:00,Bus Stop,26,1,1.47,1,9,False,43.18
2026-01-13 09:15:00,Admin Office,5,6,6.43,1,9,False,33.37
2026-01-13 09:15:00,Computer Lab,7,4,3.95,1,9,False,29.02
2026-01-13 09:15:00,Library,16,10,4.38,1,9,False,66.35
2026-01-13 10:00:00,Printing Shop,7,3,2.83,1,10,True,24.4
2026-01-13 10:15:00,Bus Stop,18,8,1.84,1,10,True,36.92
2026-01-13 10:15:00,Admin Office,5,5,5.14,1,10,True,33.26
2026-01-13 10:30:00,Library,5,9,3.66,1,10,True,28.49
2026-01-13 10:45:00,Canteen,11,8,1.35,1,10,True,12.66
2026-01-13 10:45:00,Computer Lab,5,8,3.8,1,10,True,13.55
2026-01-13 11:00:00,Bus Stop,10,3,1.18,1,11,True,11.29
2026-01-13 11:00:00,Library,9,4,5.87,1,11,True,53.57
2026-01-13 11:00:00,Admin Office,7,5,4.83,1,11,True,44.43
2026-01-13 11:15:00,Admin Office,7,6,7.34,1,11,True,58.42
2026-01-13 11:30:00,Canteen,10,3,3.71,1,11,True,46.35
2026-01-13 11:30:00,Canteen,4,6,1.99,1,11,True,14.91
2026-01-13 11:45:00,Computer Lab,12,7,2.1,1,11,True,33.21
2026-01-13 11:45:00,Printing Shop,8,6,3.28,1,11,True,35.51
2026-01-13 11:45:00,Library,11,6,3.35,1,11,True,47.12
2026-01-13 12:00:00,Bus Stop,16,2,1.15,1,12,True,26.91
2026-01-13 12:15:00,Canteen,18,6,2.2,1,12,True,36.99
2026-01-13 12:15:00,Printing Shop,7,4,2.83,1,12,True,16.16
2026-01-13 12:15:00,Computer Lab,12,8,2.6,1,12,True,36.03
2026-01-13 12:30:00,Canteen,26,2,2.0,1,12,True,59.82
2026-01-13 12:30:00,Printing Shop,3,1,3.46,1,12,True,8.53
2026-01-13 12:45:00,Admin Office,6,9,4.65,1,12,True,35.58
2026-01-13 12:45:00,Admin Office,4,9,4.96,1,12,True,24.56
2026-01-13 12:45:00,Admin Office,9,5,4.5,1,12,True,45.28
2026-01-13 13:00:00,Bus Stop,23,9,1.15,1,13,True,36.08
2026-01-13 13:00:00,Admin Office,6,10,5.41,1,13,True,31.29
2026-01-13 13:15:00,Printing Shop,7,10,2.44,1,13,True,13.15
2026-01-13 13:30:00,Bus Stop,24,3,1.39,1,13,True,31.24
2026-01-13 13:30:00,Admin Office,3,10,5.65,1,13,True,19.95
2026-01-13 13:30:00,Library,7,3,2.99,1,13,True,17.15
2026-01-13 13:45:00,Computer Lab,9,3,3.08,1,13,True,31.16
2026-01-13 13:45:00,Admin Office,4,9,3.28,1,13,True,16.2
2026-01-13 13:45:00,Computer Lab,12,3,2.22,1,13,True,27.43
2026-01-13 13:45:00,Computer Lab,7,2,2.43,1,13,True,17.26
2026-01-13 13:45:00,Canteen,10,8,2.73,1,13,True,22.92
2026-01-13 14:00:00,Printing Shop,7,8,2.37,1,14,True,28.81
2026-01-13 14:00:00,Canteen,26,3,2.35,1,14,True,66.21
2026-01-13 14:15:00,Library,9,4,3.03,1,14,True,34.73
2026-01-13 14:15:00,Bus Stop,12,8,1.13,1,14,True,15.98
2026-01-13 14:30:00,Printing Shop,8,5,1.82,1,14,True,13.72
2026-01-13 14:30:00,Bus Stop,13,6,1.88,1,14,True,31.66
2026-01-13 14:30:00,Computer Lab,14,5,2.83,1,14,True,45.54
2026-01-13 14:30:00,Printing Shop,8,10,2.59,1,14,True,19.17
2026-01-13 14:45:00,Computer Lab,14,7,4.35,1,14,True,69.75
2026-01-13 15:00:00,Bus Stop,8,6,1.47,1,15,False,9.96
2026-01-13 15:00:00,Canteen,10,4,3.09,1,15,False,30.48
2026-01-13 15:15:00,Canteen,8,4,2.85,1,15,False,26.98
2026-01-13 15:15:00,Canteen,9,8,2.11,1,15,False,25.38
2026-01-13 15:45:00,Admin Office,5,9,5.6,1,15,False,30.13
2026-01-13 16:15:00,Bus Stop,30,2,1.4,1,16,True,56.31
2026-01-13 16:30:00,Bus Stop,20,2,1.45,1,16,True,42.52
2026-01-13 16:30:00,Printing Shop,13,7,3.11,1,16,True,47.6
2026-01-13 16:30:00,Library,14,9,4.23,1,16,True,71.27
2026-01-13 16:30:00,Printing Shop,7,5,4.44,1,16,True,37.0
2026-01-13 16:45:00,Library,11,1,3.95,1,16,True,43.8
2026-01-13 16:45:00,Library,11,5,4.22,1,16,True,58.73
2026-01-13 16:45:00,Library,9,4,4.3,1,16,True,47.43
2026-01-13 17:00:00,Canteen,15,3,2.11,1,17,True,37.56
2026-01-13 17:00:00,Canteen,10,7,1.32,1,17,True,23.95
2026-01-13 17:15:00,Bus Stop,26,8,1.43,1,17,True,47.87
2026-01-13 17:15:00,Computer Lab,12,9,2.71,1,17,True,44.17
2026-01-13 17:30:00,Canteen,17,5,2.45,1,17,True,43.1
2026-01-13 17:30:00,Admin Office,2,3,6.78,1,17,True,12.75
2026-01-13 17:45:00,Canteen,16,3,1.88,1,17,True,41.14
2026-01-13 17:45:00,Admin Office,3,10,4.13,1,17,True,9.48
2026-01-14 08:00:00,Canteen,15,5,3.38,2,8,False,47.25
2026-01-14 08:15:00,Computer Lab,8,6,2.95,2,8,False,30.35
2026-01-14 08:30:00,Library,5,3,4.05,2,8,False,27.19
2026-01-14 08:30:00,Computer Lab,7,6,4.35,2,8,False,38.11
2026-01-14 08:30:00,Computer Lab,5,5,2.55,2,8,False,8.51
2026-01-14 08:45:00,Admin Office,4,6,4.84,2,8,False,20.86
2026-01-14 09:00:00,Admin Office,2,4,5.14,2,9,False,2.63
2026-01-14 09:15:00,Admin Office,5,3,5.45,2,9,False,23.51
2026-01-14 09:30:00,Admin Office,3,8,5.49,2,9,False,8.73
2026-01-14 09:30:00,Library,13,4,4.22,2,9,False,56.14
2026-01-14 09:30:00,Printing Shop,0,1,2.36,2,9,False,0.0
2026-01-14 09:30:00,Bus Stop,22,6,1.31,2,9,False,29.84
2026-01-14 09:45:00,Bus Stop,16,6,1.19,2,9,False,17.68
2026-01-14 10:00:00,Library,10,4,4.19,2,10,True,53.76
2026-01-14 10:00:00,Canteen,14,10,3.58,2,10,True,50.9
2026-01-14 10:00:00,Admin Office,5,2,3.37,2,10,True,10.27
2026-01-14 10:15:00,Printing Shop,4,8,3.39,2,10,True,9.2
2026-01-14 10:15:00,Bus Stop,9,7,1.34,2,10,True,16.42
2026-01-14 10:15:00,Admin Office,10,3,4.93,2,10,True,62.85
2026-01-14 10:30:00,Bus Stop,13,2,1.28,2,10,True,11.06
2026-01-14 11:30:00,Admin Office,8,6,5.16,2,11,True,45.25
2026-01-14 11:30:00,Computer Lab,17,6,3.54,2,11,True,73.76
2026-01-14 11:30:00,Canteen,10,10,2.52,2,11,True,28.46
2026-01-14 11:45:00,Canteen,11,7,3.4,2,11,True,47.33
2026-01-14 12:00:00,Printing Shop,7,8,2.82,2,12,True,27.67
2026-01-14 12:15:00,Computer Lab,7,5,4.21,2,12,True,34.79
2026-01-14 12:15:00,Library,7,2,3.34,2,12,True,18.02
2026-01-14 12:15:00,Library,7,3,3.59,2,12,True,19.21
2026-01-14 12:15:00,Canteen,17,7,1.99,2,12,True,41.75
2026-01-14 12:15:00,Printing Shop,4,2,3.35,2,12,True,6.71
2026-01-14 12:30:00,Library,5,2,4.77,2,12,True,18.64
2026-01-14 12:30:00,Printing Shop,9,7,3.09,2,12,True,28.37
2026-01-14 12:30:00,Library,8,2,4.5,2,12,True,49.09
2026-01-14 12:30:00,Bus Stop,11,8,1.88,2,12,True,16.87
2026-01-14 12:45:00,Canteen,32,9,2.78,2,12,True,99.33
2026-01-14 13:00:00,Library,8,2,4.08,2,13,True,43.21
2026-01-14 13:00:00,Computer Lab,7,6,3.42,2,13,True,26.08
2026-01-14 13:15:00,Printing Shop,6,6,2.6,2,13,True,24.82
2026-01-14 13:15:00,Canteen,29,5,2.93,2,13,True,102.98
2026-01-14 13:30:00,Computer Lab,2,6,3.81,2,13,True,15.01
2026-01-14 13:30:00,Admin Office,2,1,4.32,2,13,True,17.2
2026-01-14 13:30:00,Bus Stop,11,2,1.22,2,13,True,9.94
2026-01-14 13:30:00,Printing Shop,3,10,4.42,2,13,True,16.49
2026-01-14 13:45:00,Canteen,27,2,3.34,2,13,True,107.92
2026-01-14 14:00:00,Admin Office,6,1,5.56,2,14,True,31.94
2026-01-14 14:00:00,Admin Office,9,9,2.92,2,14,True,20.19
2026-01-14 14:00:00,Admin Office,2,2,5.47,2,14,True,14.28
2026-01-14 14:15:00,Admin Office,1,6,4.4,2,14,True,0.0
2026-01-14 14:15:00,Printing Shop,8,3,2.91,2,14,True,29.02
2026-01-14 14:15:00,Canteen,23,10,1.61,2,14,True,33.12
2026-01-14 14:30:00,Bus Stop,20,4,1.0,2,14,True,20.89
2026-01-14 14:45:00,Printing Shop,3,1,2.95,2,14,True,17.13
2026-01-14 15:30:00,Admin Office,5,3,5.5,2,15,False,32.42
2026-01-14 15:45:00,Canteen,8,5,3.05,2,15,False,17.48
2026-01-14 15:45:00,Library,14,8,4.68,2,15,False,61.57
2026-01-14 16:00:00,Canteen,8,9,3.15,2,16,True,28.72
2026-01-14 16:00:00,Admin Office,6,7,4.44,2,16,True,24.55
2026-01-14 16:00:00,Canteen,14,4,1.89,2,16,True,24.75
2026-01-14 16:15:00,Canteen,14,9,2.42,2,16,True,37.22
2026-01-14 16:30:00,Printing Shop,7,10,2.92,2,16,True,30.12
2026-01-14 17:00:00,Computer Lab,9,8,3.41,2,17,True,38.59
2026-01-14 17:00:00,Computer Lab,5,8,3.54,2,17,True,22.22
2026-01-14 17:15:00,Printing Shop,8,4,2.6,2,17,True,31.08
2026-01-14 17:15:00,Library,10,3,3.83,2,17,True,52.22
2026-01-14 17:15:00,Bus Stop,27,1,1.44,2,17,True,37.5
2026-01-14 17:30:00,Admin Office,5,9,5.33,2,17,True,22.16
2026-01-14 17:30:00,Computer Lab,6,4,3.02,2,17,True,29.84
2026-01-14 17:45:00,Canteen,13,7,2.34,2,17,True,24.88
2026-01-14 17:45:00,Library,8,10,4.66,2,17,True,37.43
2026-01-15 08:00:00,Canteen,6,10,1.62,3,8,False,12.04
2026-01-15 08:00:00,Bus Stop,37,1,1.32,3,8,False,55.44
2026-01-15 08:00:00,Computer Lab,12,6,2.63,3,8,False,26.65
2026-01-15 08:00:00,Printing Shop,1,7,3.22,3,8,False,3.73
2026-01-15 08:15:00,Computer Lab,9,8,3.14,3,8,False,34.95
2026-01-15 08:15:00,Printing Shop,6,7,3.82,3,8,False,26.92
2026-01-15 08:15:00,Admin Office,4,1,5.07,3,8,False,27.62
2026-01-15 08:15:00,Bus Stop,23,5,1.66,3,8,False,33.34
2026-01-15 08:30:00,Printing Shop,0,8,3.32,3,8,False,5.98
2026-01-15 08:30:00,Bus Stop,28,2,1.37,3,8,False,43.42
2026-01-15 08:45:00,Canteen,8,10,1.27,3,8,False,14.34
2026-01-15 08:45:00,Bus Stop,23,9,1.63,3,8,False,36.07
2026-01-15 09:00:00,Library,7,10,2.54,3,9,False,14.86
2026-01-15 09:15:00,Library,9,4,5.77,3,9,False,59.91
2026-01-15 09:15:00,Bus Stop,20,4,1.6,3,9,False,25.18
2026-01-15 09:15:00,Canteen,10,1,3.04,3,9,False,32.29
2026-01-15 09:45:00,Library,14,10,4.2,3,9,False,60.36
2026-01-15 10:00:00,Bus Stop,13,10,1.53,3,10,True,15.36
2026-01-15 10:00:00,Computer Lab,14,7,4.24,3,10,True,57.23
2026-01-15 10:00:00,Bus Stop,10,4,1.75,3,10,True,15.05
2026-01-15 10:15:00,Bus Stop,11,4,1.56,3,10,True,20.28
2026-01-15 10:15:00,Computer Lab,10,7,4.13,3,10,True,39.15
2026-01-15 10:15:00,Canteen,8,9,3.34,3,10,True,36.5
2026-01-15 10:30:00,Admin Office,9,7,5.25,3,10,True,52.28
2026-01-15 10:30:00,Computer Lab,12,4,2.28,3,10,True,28.04
2026-01-15 10:30:00,Printing Shop,10,8,4.17,3,10,True,50.48
2026-01-15 10:45:00,Bus Stop,13,7,1.28,3,10,True,18.3
2026-01-15 10:45:00,Canteen,11,4,1.93,3,10,True,28.78
2026-01-15 11:00:00,Canteen,6,2,2.91,3,11,True,21.8
2026-01-15 11:00:00,Admin Office,6,3,5.1,3,11,True,41.93
2026-01-15 11:00:00,Computer Lab,13,1,3.83,3,11,True,55.62
2026-01-15 11:00:00,Bus Stop,12,10,1.99,3,11,True,22.1
2026-01-15 11:00:00,Canteen,11,1,1.95,3,11,True,22.21
2026-01-15 11:00:00,Admin Office,7,9,6.36,3,11,True,41.87
2026-01-15 11:15:00,Printing Shop,9,7,3.55,3,11,True,28.1
2026-01-15 11:15:00,Printing Shop,6,1,2.41,3,11,True,15.03
2026-01-15 11:15:00,Canteen,7,2,1.77,3,11,True,13.41
2026-01-15 11:30:00,Admin Office,6,2,5.07,3,11,True,36.93
2026-01-15 11:30:00,Library,13,7,5.55,3,11,True,79.5
2026-01-15 11:45:00,Library,13,9,3.45,3,11,True,49.54
2026-01-15 11:45:00,Canteen,5,9,2.8,3,11,True,13.54
2026-01-15 12:15:00,Bus Stop,18,10,1.31,3,12,True,36.65
2026-01-15 12:30:00,Canteen,34,1,2.85,3,12,True,112.4
2026-01-15 12:30:00,Printing Shop,6,10,3.05,3,12,True,23.5
2026-01-15 12:45:00,Canteen,27,4,2.63,3,12,True,71.0
2026-01-15 13:00:00,Canteen,19,8,2.12,3,13,True,44.62
2026-01-15 13:15:00,Bus Stop,21,3,1.73,3,13,True,42.9
2026-01-15 13:15:00,Computer Lab,6,1,5.04,3,13,True,36.01
2026-01-15 13:30:00,Bus Stop,19,3,1.42,3,13,True,29.13
2026-01-15 14:00:00,Canteen,28,1,2.23,3,14,True,59.51
2026-01-15 14:00:00,Printing Shop,2,2,1.96,3,14,True,4.96
2026-01-15 14:15:00,Computer Lab,13,3,4.07,3,14,True,64.47
2026-01-15 14:45:00,Computer Lab,13,9,1.96,3,14,True,26.08
2026-01-15 14:45:00,Bus Stop,22,9,1.69,3,14,True,48.8
2026-01-15 14:45:00,Canteen,8,8,2.44,3,14,True,21.2
2026-01-15 14:45:00,Printing Shop,5,10,1.98,3,14,True,7.32
2026-01-15 15:00:00,Computer Lab,13,5,3.61,3,15,False,48.85
2026-01-15 15:00:00,Admin Office,4,9,2.75,3,15,False,9.77
2026-01-15 15:00:00,Computer Lab,7,6,3.34,3,15,False,27.42
2026-01-15 15:00:00,Computer Lab,13,8,3.66,3,15,False,40.71
2026-01-15 15:15:00,Admin Office,4,2,3.48,3,15,False,18.17
2026-01-15 15:30:00,Library,7,7,4.53,3,15,False,37.57
2026-01-15 15:30:00,Admin Office,2,9,5.35,3,15,False,5.11
2026-01-15 15:30:00,Printing Shop,12,5,3.32,3,15,False,46.26
2026-01-15 15:30:00,Printing Shop,8,8,2.76,3,15,False,16.77
2026-01-15 15:30:00,Library,8,2,5.01,3,15,False,42.64
2026-01-15 15:30:00,Printing Shop,7,7,3.06,3,15,False,18.51
2026-01-15 15:45:00,Admin Office,2,2,6.7,3,15,False,15.18
2026-01-15 15:45:00,Library,12,8,4.26,3,15,False,58.94
2026-01-15 15:45:00,Computer Lab,12,7,2.45,3,15,False,33.9
2026-01-15 16:00:00,Library,12,3,5.15,3,16,True,64.76
2026-01-15 16:15:00,Admin Office,5,2,3.92,3,16,True,15.75
2026-01-15 16:30:00,Library,13,4,4.33,3,16,True,64.85
2026-01-15 16:30:00,Computer Lab,9,2,3.69,3,16,True,44.86
2026-01-15 16:45:00,Admin Office,6,10,4.54,3,16,True,38.44
2026-01-15 17:00:00,Bus Stop,28,6,1.39,3,17,True,40.06
2026-01-15 17:00:00,Printing Shop,6,5,4.46,3,17,True,27.07
2026-01-15 17:00:00,Printing Shop,1,5,2.87,3,17,True,9.67
2026-01-15 17:00:00,Admin Office,2,8,4.93,3,17,True,10.38
2026-01-15 17:15:00,Canteen,16,2,2.43,3,17,True,51.54
2026-01-15 17:15:00,Printing Shop,11,7,2.75,3,17,True,34.55
2026-01-15 17:30:00,Admin Office,3,9,6.22,3,17,True,14.52
2026-01-15 17:30:00,Printing Shop,9,6,2.69,3,17,True,24.41
2026-01-15 17:45:00,Computer Lab,7,9,2.15,3,17,True,22.62
2026-01-15 17:45:00,Admin Office,2,5,5.44,3,17,True,11.62
2026-01-16 08:15:00,Library,8,6,3.6,4,8,False,26.92
2026-01-16 08:15:00,Computer Lab,7,4,3.88,4,8,False,20.01
2026-01-16 08:15:00,Admin Office,5,8,4.85,4,8,False,17.33
2026-01-16 08:30:00,Admin Office,8,7,3.79,4,8,False,26.43
2026-01-16 08:30:00,Admin Office,6,7,5.29,4,8,False,39.22
2026-01-16 08:30:00,Computer Lab,4,7,3.7,4,8,False,11.2
2026-01-16 08:30:00,Computer Lab,10,2,3.35,4,8,False,26.43
2026-01-16 08:45:00,Library,5,9,3.48,4,8,False,14.08
2026-01-16 08:45:00,Canteen,9,6,2.85,4,8,False,24.8
2026-01-16 08:45:00,Printing Shop,5,5,2.65,4,8,False,19.22
2026-01-16 09:00:00,Canteen,13,7,2.6,4,9,False,36.1
2026-01-16 09:00:00,Admin Office,0,3,4.17,4,9,False,0.0
2026-01-16 09:00:00,Computer Lab,9,8,3.74,4,9,False,30.07
2026-01-16 09:15:00,Admin Office,1,2,6.83,4,9,False,7.35
2026-01-16 09:30:00,Canteen,6,7,2.35,4,9,False,7.16
2026-01-16 09:30:00,Library,8,7,4.72,4,9,False,45.21
2026-01-16 09:30:00,Computer Lab,9,10,3.02,4,9,False,31.17
2026-01-16 09:30:00,Printing Shop,3,2,3.53,4,9,False,10.47
2026-01-16 09:45:00,Library,14,7,3.61,4,9,False,53.65
2026-01-16 10:00:00,Printing Shop,6,7,3.4,4,10,True,31.4
2026-01-16 10:00:00,Library,16,8,5.42,4,10,True,105.3
2026-01-16 10:00:00,Printing Shop,7,8,3.82,4,10,True,27.2
2026-01-16 10:00:00,Computer Lab,11,1,3.63,4,10,True,47.99
2026-01-16 10:30:00,Admin Office,6,1,4.8,4,10,True,26.41
2026-01-16 10:30:00,Library,12,7,3.13,4,10,True,42.66
2026-01-16 10:45:00,Admin Office,8,3,5.63,4,10,True,54.61
2026-01-16 10:45:00,Printing Shop,6,1,2.76,4,10,True,13.93
2026-01-16 10:45:00,Bus Stop,14,5,1.37,4,10,True,12.88
2026-01-16 11:00:00,Printing Shop,7,10,2.48,4,11,True,12.42
2026-01-16 11:00:00,Bus Stop,14,6,1.09,4,11,True,16.07
2026-01-16 11:00:00,Printing Shop,10,10,3.1,4,11,True,28.13
2026-01-16 11:15:00,Printing Shop,8,3,3.51,4,11,True,25.6
2026-01-16 11:15:00,Computer Lab,8,9,2.79,4,11,True,21.68
2026-01-16 11:15:00,Admin Office,8,10,6.65,4,11,True,56.31
2026-01-16 11:30:00,Bus Stop,14,1,1.76,4,11,True,30.64
2026-01-16 11:30:00,Computer Lab,8,7,4.44,4,11,True,31.93
2026-01-16 11:30:00,Bus Stop,9,10,1.3,4,11,True,6.41
2026-01-16 11:30:00,Printing Shop,9,4,3.33,4,11,True,39.06
2026-01-16 11:30:00,Printing Shop,10,6,3.08,4,11,True,30.04
2026-01-16 12:00:00,Bus Stop,15,3,2.0,4,12,True,30.77
2026-01-16 12:00:00,Admin Office,5,2,3.35,4,12,True,18.98
2026-01-16 12:00:00,Canteen,24,2,3.52,4,12,True,95.13
2026-01-16 12:00:00,Bus Stop,8,5,1.23,4,12,True,6.09
2026-01-16 12:15:00,Bus Stop,12,1,1.34,4,12,True,15.47
2026-01-16 12:15:00,Admin Office,3,9,6.71,4,12,True,21.61
2026-01-16 12:15:00,Library,7,8,4.2,4,12,True,36.33
2026-01-16 12:15:00,Library,9,7,3.43,4,12,True,38.73
2026-01-16 12:15:00,Admin Office,5,7,5.74,4,12,True,32.13
2026-01-16 12:15:00,Admin Office,5,10,3.2,4,12,True,16.15
2026-01-16 12:30:00,Library,4,6,2.96,4,12,True,12.03
2026-01-16 12:30:00,Library,6,1,4.69,4,12,True,28.06
2026-01-16 12:30:00,Computer Lab,11,8,3.62,4,12,True,39.13
2026-01-16 12:30:00,Library,12,5,3.18,4,12,True,47.8
2026-01-16 12:30:00,Admin Office,6,5,4.46,4,12,True,35.17
2026-01-16 12:45:00,Printing Shop,5,2,2.29,4,12,True,13.03
2026-01-16 12:45:00,Admin Office,5,1,4.61,4,12,True,19.94
2026-01-16 13:00:00,Admin Office,2,7,7.07,4,13,True,17.86
2026-01-16 13:00:00,Admin Office,3,6,5.95,4,13,True,18.41
2026-01-16 13:15:00,Computer Lab,7,5,3.24,4,13,True,29.86
2026-01-16 13:15:00,Computer Lab,9,4,2.38,4,13,True,16.15
2026-01-16 13:15:00,Library,7,7,3.68,4,13,True,25.99
2026-01-16 13:30:00,Bus Stop,13,8,1.45,4,13,True,12.59
2026-01-16 13:45:00,Admin Office,6,6,4.9,4,13,True,29.04
2026-01-16 13:45:00,Printing Shop,4,4,3.05,4,13,True,5.32
2026-01-16 13:45:00,Admin Office,8,4,5.44,4,13,True,52.27
2026-01-16 13:45:00,Library,8,10,5.77,4,13,True,59.05
2026-01-16 14:00:00,Admin Office,3,7,4.57,4,14,True,19.06
2026-01-16 14:15:00,Computer Lab,12,8,4.07,4,14,True,60.84
2026-01-16 14:30:00,Computer Lab,17,1,3.17,4,14,True,64.77
2026-01-16 15:30:00,Computer Lab,20,10,2.82,4,15,False,59.75
2026-01-16 15:30:00,Computer Lab,12,8,2.17,4,15,False,21.02
2026-01-16 15:30:00,Library,10,7,3.54,4,15,False,40.3
2026-01-16 15:30:00,Computer Lab,15,3,2.75,4,15,False,48.23
2026-01-16 15:30:00,Bus Stop,10,9,1.24,4,15,False,18.67
2026-01-16 15:45:00,Library,14,6,4.66,4,15,False,64.02
2026-01-16 15:45:00,Bus Stop,13,1,1.62,4,15,False,25.95
2026-01-16 15:45:00,Library,14,3,3.91,4,15,False,48.5
2026-01-16 15:45:00,Printing Shop,10,9,3.94,4,15,False,35.08
2026-01-16 16:00:00,Canteen,10,5,1.95,4,16,True,14.98
2026-01-16 16:00:00,Library,12,3,3.47,4,16,True,50.38
2026-01-16 16:00:00,Admin Office,7,9,4.77,4,16,True,39.48
2026-01-16 16:15:00,Computer Lab,10,9,1.91,4,16,True,26.3
2026-01-16 16:15:00,Computer Lab,10,6,2.36,4,16,True,26.96
2026-01-16 16:30:00,Printing Shop,7,5,2.93,4,16,True,21.02
2026-01-16 17:00:00,Canteen,14,9,1.59,4,17,True,28.35
2026-01-16 17:00:00,Canteen,3,6,3.09,4,17,True,3.24
2026-01-16 17:15:00,Admin Office,2,1,5.46,4,17,True,11.09
2026-01-16 17:15:00,Bus Stop,23,5,1.61,4,17,True,35.72
2026-01-16 17:45:00,Bus Stop,17,9,1.72,4,17,True,28.99
2026-01-16 17:45:00,Computer Lab,10,4,2.91,4,17,True,34.28
2026-01-16 17:45:00,Canteen,14,8,2.57,4,17,True,50.08
2026-01-17 08:00:00,Library,3,9,3.27,5,8,False,12.68
2026-01-17 08:00:00,Printing Shop,1,1,3.19,5,8,False,0.0
2026-01-17 08:15:00,Computer Lab,6,3,3.21,5,8,False,24.31
2026-01-17 08:30:00,Admin Office,3,9,7.05,5,8,False,27.61
2026-01-17 08:30:00,Canteen,9,3,2.73,5,8,False,23.09
2026-01-17 08:45:00,Printing Shop,3,4,2.65,5,8,False,11.59
2026-01-17 09:00:00,Admin Office,4,7,4.43,5,9,False,13.58
2026-01-17 09:15:00,Admin Office,3,2,5.14,5,9,False,15.6
2026-01-17 09:15:00,Printing Shop,5,1,2.73,5,9,False,15.48
2026-01-17 09:15:00,Printing Shop,2,8,4.55,5,9,False,6.04
2026-01-17 09:15:00,Bus Stop,14,6,1.46,5,9,False,27.95
2026-01-17 09:15:00,Printing Shop,2,6,2.7,5,9,False,10.26
2026-01-17 09:45:00,Bus Stop,8,8,1.32,5,9,False,9.16
2026-01-17 09:45:00,Library,4,3,4.57,5,9,False,17.41
2026-01-17 10:00:00,Canteen,8,8,1.9,5,10,True,17.14
2026-01-17 10:00:00,Admin Office,2,9,4.77,5,10,True,17.53
2026-01-17 10:15:00,Canteen,5,10,2.78,5,10,True,18.23
2026-01-17 10:15:00,Canteen,4,5,2.5,5,10,True,13.88
2026-01-17 10:15:00,Library,10,3,3.74,5,10,True,34.02
2026-01-17 10:30:00,Computer Lab,5,10,4.05,5,10,True,28.4
2026-01-17 11:00:00,Library,6,7,3.74,5,11,True,22.44
2026-01-17 11:15:00,Computer Lab,8,10,3.63,5,11,True,39.26
2026-01-17 11:30:00,Library,7,6,3.14,5,11,True,27.14
2026-01-17 11:30:00,Library,3,2,3.22,5,11,True,10.43
2026-01-17 11:45:00,Computer Lab,5,6,3.22,5,11,True,20.22
2026-01-17 11:45:00,Printing Shop,4,3,3.4,5,11,True,19.94
2026-01-17 11:45:00,Admin Office,3,2,4.87,5,11,True,22.87
2026-01-17 11:45:00,Admin Office,2,5,4.32,5,11,True,1.46
2026-01-17 12:00:00,Printing Shop,5,6,3.43,5,12,True,22.57
2026-01-17 12:00:00,Bus Stop,6,2,1.39,5,12,True,11.91
2026-01-17 12:00:00,Printing Shop,5,1,2.82,5,12,True,21.68
2026-01-17 12:15:00,Canteen,13,7,2.31,5,12,True,27.73
2026-01-17 12:30:00,Bus Stop,6,2,1.6,5,12,True,15.15
2026-01-17 12:30:00,Library,2,9,1.29,5,12,True,9.65
2026-01-17 12:30:00,Canteen,26,1,2.6,5,12,True,70.76
2026-01-17 12:45:00,Computer Lab,6,8,3.16,5,12,True,24.27
2026-01-17 12:45:00,Bus Stop,5,2,1.8,5,12,True,16.65
2026-01-17 13:00:00,Bus Stop,9,6,1.32,5,13,True,8.7
2026-01-17 13:00:00,Printing Shop,3,8,2.61,5,13,True,12.89
2026-01-17 13:00:00,Admin Office,4,1,3.6,5,13,True,19.15
2026-01-17 13:15:00,Printing Shop,0,8,3.16,5,13,True,3.49
2026-01-17 13:15:00,Admin Office,2,9,5.6,5,13,True,13.04
2026-01-17 13:30:00,Bus Stop,9,8,1.58,5,13,True,8.6
2026-01-17 13:30:00,Computer Lab,1,6,3.05,5,13,True,0.0
2026-01-17 13:45:00,Admin Office,2,1,5.0,5,13,True,20.2
2026-01-17 14:00:00,Canteen,9,4,2.41,5,14,True,22.24
2026-01-17 14:00:00,Canteen,16,10,3.3,5,14,True,54.72
2026-01-17 14:00:00,Canteen,20,7,2.37,5,14,True,57.76
2026-01-17 14:00:00,Computer Lab,9,6,3.34,5,14,True,41.82
2026-01-17 14:00:00,Admin Office,1,8,4.16,5,14,True,7.36
2026-01-17 14:15:00,Printing Shop,4,3,3.59,5,14,True,12.18
2026-01-17 14:15:00,Bus Stop,8,7,1.49,5,14,True,20.24
2026-01-17 14:15:00,Admin Office,0,7,5.66,5,14,True,7.55
2026-01-17 14:45:00,Bus Stop,14,8,1.45,5,14,True,27.95
2026-01-17 14:45:00,Computer Lab,7,4,3.35,5,14,True,31.8
2026-01-17 14:45:00,Printing Shop,4,10,2.9,5,14,True,14.79
2026-01-17 15:15:00,Bus Stop,7,10,0.99,5,15,False,12.06
2026-01-17 15:15:00,Computer Lab,8,2,3.67,5,15,False,29.11
2026-01-17 15:15:00,Admin Office,2,2,4.69,5,15,False,9.17
2026-01-17 15:30:00,Computer Lab,6,5,4.18,5,15,False,25.36
2026-01-17 15:30:00,Bus Stop,7,4,1.56,5,15,False,18.72
2026-01-17 15:45:00,Admin Office,2,3,6.06,5,15,False,5.39
2026-01-17 15:45:00,Canteen,5,9,2.4,5,15,False,14.74
2026-01-17 15:45:00,Printing Shop,5,1,3.47,5,15,False,11.77
2026-01-17 15:45:00,Bus Stop,4,2,1.13,5,15,False,0.0
2026-01-17 16:00:00,Admin Office,2,3,5.22,5,16,True,19.77
2026-01-17 16:00:00,Admin Office,5,2,5.09,5,16,True,38.43
2026-01-17 16:00:00,Admin Office,0,8,2.85,5,16,True,7.8
2026-01-17 16:15:00,Printing Shop,7,4,3.64,5,16,True,30.18
2026-01-17 16:30:00,Library,4,8,3.38,5,16,True,14.43
2026-01-17 16:45:00,Printing Shop,8,2,2.35,5,16,True,24.6
2026-01-17 16:45:00,Bus Stop,9,6,1.41,5,16,True,12.38
2026-01-17 16:45:00,Computer Lab,7,3,4.21,5,16,True,30.35
2026-01-17 17:00:00,Library,10,1,3.49,5,17,True,32.1
2026-01-17 17:00:00,Library,6,4,3.79,5,17,True,24.45
2026-01-17 17:00:00,Computer Lab,3,8,4.76,5,17,True,23.46
2026-01-17 17:00:00,Computer Lab,4,1,2.78,5,17,True,14.44
2026-01-17 17:15:00,Admin Office,0,3,5.65,5,17,True,8.16
2026-01-17 17:15:00,Bus Stop,8,2,1.89,5,17,True,21.58
2026-01-17 17:30:00,Computer Lab,5,1,3.69,5,17,True,25.99
2026-01-17 17:30:00,Computer Lab,4,10,3.95,5,17,True,15.61
2026-01-17 17:30:00,Printing Shop,6,5,2.97,5,17,True,14.63
2026-01-17 17:30:00,Library,4,10,5.12,5,17,True,20.81
2026-01-17 17:30:00,Canteen,9,8,2.06,5,17,True,13.09
2026-01-17 17:45:00,Admin Office,2,7,5.43,5,17,True,13.29
2026-01-17 17:45:00,Library,7,8,4.71,5,17,True,44.94
2026-01-17 17:45:00,Bus Stop,12,3,1.07,5,17,True,20.38
2026-01-17 17:45:00,Computer Lab,2,6,3.4,5,17,True,2.37
2026-01-17 17:45:00,Canteen,10,10,2.32,5,17,True,22.37
2026-01-18 08:00:00,Canteen,6,4,2.78,6,8,False,23.26
2026-01-18 08:15:00,Admin Office,3,9,4.29,6,8,False,13.62
2026-01-18 08:15:00,Printing Shop,0,4,3.0,6,8,False,0.0
2026-01-18 08:15:00,Printing Shop,5,6,2.37,6,8,False,8.34
2026-01-18 08:30:00,Bus Stop,17,6,1.37,6,8,False,16.88
2026-01-18 08:30:00,Admin Office,0,3,5.88,6,8,False,0.0
2026-01-18 08:45:00,Computer Lab,3,6,3.4,6,8,False,4.72
2026-01-18 08:45:00,Library,7,4,2.02,6,8,False,20.14
2026-01-18 08:45:00,Printing Shop,4,5,3.54,6,8,False,9.1
2026-01-18 08:45:00,Admin Office,2,5,5.31,6,8,False,5.47
2026-01-18 08:45:00,Bus Stop,19,8,1.45,6,8,False,26.54
2026-01-18 09:00:00,Computer Lab,5,6,2.46,6,9,False,11.15
2026-01-18 09:15:00,Printing Shop,2,7,2.92,6,9,False,8.05
2026-01-18 09:15:00,Admin Office,0,2,7.45,6,9,False,1.38
2026-01-18 09:30:00,Bus Stop,14,4,2.06,6,9,False,28.42
2026-01-18 09:30:00,Computer Lab,2,1,3.08,6,9,False,7.85
2026-01-18 09:45:00,Admin Office,0,3,4.44,6,9,False,0.0
2026-01-18 09:45:00,Library,5,3,5.36,6,9,False,34.34
2026-01-18 09:45:00,Canteen,0,3,3.19,6,9,False,0.73
2026-01-18 09:45:00,Admin Office,3,10,3.31,6,9,False,12.66
2026-01-18 09:45:00,Computer Lab,2,6,3.09,6,9,False,14.03
2026-01-18 10:00:00,Admin Office,2,1,4.36,6,10,True,12.97
2026-01-18 10:00:00,Library,3,10,3.78,6,10,True,19.05
2026-01-18 10:00:00,Printing Shop,7,1,2.67,6,10,True,24.88
2026-01-18 10:15:00,Printing Shop,4,2,2.21,6,10,True,5.64
2026-01-18 10:30:00,Admin Office,10,4,6.27,6,10,True,62.42
2026-01-18 10:30:00,Admin Office,4,4,5.64,6,10,True,19.03
2026-01-18 10:30:00,Admin Office,2,8,4.46,6,10,True,9.52
2026-01-18 10:45:00,Printing Shop,5,9,3.85,6,10,True,16.98
2026-01-18 10:45:00,Computer Lab,6,2,3.89,6,10,True,22.43
2026-01-18 11:00:00,Printing Shop,6,6,2.01,6,11,True,19.81
2026-01-18 11:15:00,Computer Lab,7,2,2.69,6,11,True,14.38
2026-01-18 11:15:00,Bus Stop,9,2,1.12,6,11,True,10.53
2026-01-18 11:30:00,Admin Office,7,6,4.24,6,11,True,26.4
2026-01-18 11:30:00,Library,2,1,5.13,6,11,True,15.03
2026-01-18 11:45:00,Bus Stop,5,4,1.67,6,11,True,17.09
2026-01-18 12:00:00,Canteen,11,5,2.84,6,12,True,34.17
2026-01-18 12:00:00,Printing Shop,2,4,3.53,6,12,True,0.78
2026-01-18 12:15:00,Printing Shop,2,4,3.54,6,12,True,13.5
2026-01-18 12:15:00,Admin Office,3,2,4.22,6,12,True,14.3
2026-01-18 12:15:00,Computer Lab,5,4,4.08,6,12,True,17.19
2026-01-18 12:15:00,Printing Shop,3,4,2.59,6,12,True,1.71
2026-01-18 12:15:00,Library,2,10,3.56,6,12,True,4.41
2026-01-18 12:15:00,Canteen,16,2,2.81,6,12,True,48.28
2026-01-18 12:45:00,Library,3,7,5.1,6,12,True,13.06
2026-01-18 12:45:00,Library,5,9,3.79,6,12,True,23.95
2026-01-18 13:00:00,Printing Shop,3,5,2.54,6,13,True,15.45
2026-01-18 13:00:00,Bus Stop,13,8,1.34,6,13,True,10.37
2026-01-18 13:15:00,Bus Stop,10,8,0.89,6,13,True,9.36
2026-01-18 13:15:00,Computer Lab,4,7,3.98,6,13,True,19.95
2026-01-18 13:30:00,Computer Lab,5,7,3.69,6,13,True,24.91
2026-01-18 13:30:00,Printing Shop,0,1,3.11,6,13,True,6.7
2026-01-18 13:45:00,Printing Shop,1,7,3.23,6,13,True,1.09
2026-01-18 13:45:00,Bus Stop,6,9,1.05,6,13,True,7.82
2026-01-18 13:45:00,Computer Lab,5,1,3.96,6,13,True,15.71
2026-01-18 13:45:00,Canteen,11,6,1.78,6,13,True,20.02
2026-01-18 13:45:00,Library,3,1,4.23,6,13,True,5.4
2026-01-18 13:45:00,Printing Shop,3,7,2.32,6,13,True,9.07
2026-01-18 14:00:00,Computer Lab,10,8,3.88,6,14,True,43.75
2026-01-18 14:00:00,Printing Shop,2,4,2.54,6,14,True,0.0
2026-01-18 14:15:00,Computer Lab,4,6,3.46,6,14,True,19.15
2026-01-18 14:15:00,Library,3,9,3.28,6,14,True,7.33
2026-01-18 14:15:00,Admin Office,0,3,4.59,6,14,True,0.0
2026-01-18 14:45:00,Printing Shop,1,5,3.11,6,14,True,6.98
2026-01-18 14:45:00,Admin Office,3,7,6.26,6,14,True,15.76
2026-01-18 14:45:00,Admin Office,2,3,4.31,6,14,True,17.84
2026-01-18 15:00:00,Admin Office,3,10,4.63,6,15,False,18.58
2026-01-18 15:00:00,Printing Shop,4,10,2.9,6,15,False,3.77
2026-01-18 15:15:00,Computer Lab,9,4,4.17,6,15,False,42.56
2026-01-18 15:15:00,Computer Lab,10,10,4.71,6,15,False,48.32
2026-01-18 15:15:00,Printing Shop,4,5,2.58,6,15,False,13.46
2026-01-18 15:30:00,Library,6,3,3.15,6,15,False,20.28
2026-01-18 15:30:00,Bus Stop,6,8,1.29,6,15,False,10.82
2026-01-18 15:30:00,Computer Lab,5,9,4.06,6,15,False,18.36
2026-01-18 15:30:00,Bus Stop,7,2,0.85,6,15,False,10.01
2026-01-18 15:45:00,Admin Office,1,7,3.26,6,15,False,4.02
2026-01-18 15:45:00,Computer Lab,6,8,3.99,6,15,False,22.67
2026-01-18 15:45:00,Printing Shop,5,9,2.85,6,15,False,12.25
2026-01-18 16:00:00,Computer Lab,6,3,3.49,6,16,True,17.49
2026-01-18 16:30:00,Computer Lab,9,3,2.92,6,16,True,23.18
2026-01-18 16:30:00,Bus Stop,13,4,1.19,6,16,True,12.48
2026-01-18 16:30:00,Bus Stop,12,2,1.37,6,16,True,24.9
2026-01-18 16:30:00,Computer Lab,5,1,3.79,6,16,True,20.3
2026-01-18 16:30:00,Printing Shop,6,6,2.99,6,16,True,25.66
2026-01-18 16:45:00,Admin Office,7,1,4.45,6,16,True,34.32
2026-01-18 17:00:00,Admin Office,3,1,5.81,6,17,True,14.83
2026-01-18 17:30:00,Admin Office,4,8,4.96,6,17,True,22.21
2026-01-18 17:45:00,Bus Stop,19,6,1.37,6,17,True,33.64
2026-01-18 17:45:00,Computer Lab,6,5,3.6,6,17,True,28.91
2026-01-18 17:45:00,Computer Lab,5,2,4.22,6,17,True,17.02
2026-01-19 08:00:00,Library,8,6,2.92,0,8,False,29.03
2026-01-19 08:00:00,Bus Stop,20,6,1.25,0,8,False,24.44
2026-01-19 08:15:00,Admin Office,4,2,5.73,0,8,False,21.29
2026-01-19 08:30:00,Library,7,6,4.54,0,8,False,26.89
2026-01-19 08:30:00,Library,9,2,4.46,0,8,False,33.11
2026-01-19 08:30:00,Library,4,7,3.89,0,8,False,12.29
2026-01-19 08:30:00,Library,6,8,2.9,0,8,False,12.57
2026-01-19 09:00:00,Computer Lab,6,10,3.12,0,9,False,19.59
2026-01-19 09:00:00,Canteen,8,4,1.9,0,9,False,15.95
2026-01-19 09:15:00,Printing Shop,5,1,3.37,0,9,False,20.18
2026-01-19 09:15:00,Admin Office,1,2,5.9,0,9,False,13.83
2026-01-19 09:30:00,Admin Office,3,5,6.69,0,9,False,12.12
2026-01-19 09:45:00,Library,10,7,3.79,0,9,False,43.09
2026-01-19 09:45:00,Printing Shop,4,2,2.48,0,9,False,9.34
2026-01-19 09:45:00,Canteen,13,6,1.95,0,9,False,25.08
2026-01-19 10:00:00,Bus Stop,18,3,1.88,0,10,True,43.86
2026-01-19 10:00:00,Printing Shop,6,7,2.65,0,10,True,24.62
2026-01-19 10:00:00,Printing Shop,5,3,2.62,0,10,True,21.86
2026-01-19 10:15:00,Library,12,2,4.91,0,10,True,54.23
2026-01-19 10:15:00,Library,10,1,3.5,0,10,True,38.65
2026-01-19 10:15:00,Printing Shop,11,2,2.66,0,10,True,38.17
2026-01-19 10:30:00,Library,8,9,3.14,0,10,True,34.41
2026-01-19 10:30:00,Computer Lab,13,1,3.72,0,10,True,56.7
2026-01-19 10:45:00,Library,14,9,4.31,0,10,True,70.28
2026-01-19 10:45:00,Computer Lab,8,9,3.45,0,10,True,21.47
2026-01-19 10:45:00,Canteen,14,1,1.82,0,10,True,24.08
2026-01-19 11:00:00,Admin Office,8,7,4.69,0,11,True,43.36
2026-01-19 11:00:00,Printing Shop,7,9,2.74,0,11,True,29.05
2026-01-19 11:15:00,Computer Lab,13,3,2.22,0,11,True,41.07
2026-01-19 11:15:00,Library,11,6,4.31,0,11,True,59.13
2026-01-19 11:15:00,Library,9,6,3.64,0,11,True,37.13
2026-01-19 11:30:00,Admin Office,4,4,4.93,0,11,True,17.46
2026-01-19 11:30:00,Canteen,4,2,2.76,0,11,True,10.1
2026-01-19 11:45:00,Printing Shop,5,8,3.94,0,11,True,14.39
2026-01-19 11:45:00,Bus Stop,8,3,1.61,0,11,True,19.82
2026-01-19 12:00:00,Library,4,1,3.1,0,12,True,9.36
2026-01-19 12:00:00,Printing Shop,6,1,3.72,0,12,True,17.76
2026-01-19 12:00:00,Canteen,37,1,2.39,0,12,True,101.42
2026-01-19 12:00:00,Admin Office,12,6,6.17,0,12,True,86.94
2026-01-19 12:15:00,Admin Office,7,1,5.32,0,12,True,38.08
2026-01-19 12:30:00,Library,8,8,4.1,0,12,True,36.3
2026-01-19 12:30:00,Computer Lab,16,2,3.4,0,12,True,56.46
2026-01-19 12:45:00,Canteen,19,10,1.45,0,12,True,35.85
2026-01-19 12:45:00,Bus Stop,8,3,1.97,0,12,True,24.67
2026-01-19 12:45:00,Bus Stop,12,7,1.43,0,12,True,13.35
2026-01-19 12:45:00,Printing Shop,7,5,2.57,0,12,True,19.7
2026-01-19 12:45:00,Canteen,25,3,2.12,0,12,True,61.09
2026-01-19 13:00:00,Canteen,21,6,3.16,0,13,True,65.0
2026-01-19 13:00:00,Computer Lab,5,1,2.96,0,13,True,12.43
2026-01-19 13:00:00,Printing Shop,5,1,3.19,0,13,True,25.05
2026-01-19 13:15:00,Bus Stop,11,9,0.89,0,13,True,11.99
2026-01-19 13:30:00,Bus Stop,20,8,1.28,0,13,True,20.79
2026-01-19 13:30:00,Bus Stop,25,10,1.69,0,13,True,44.07
2026-01-19 13:30:00,Admin Office,5,10,5.98,0,13,True,35.34
2026-01-19 13:30:00,Printing Shop,9,2,2.83,0,13,True,24.75
2026-01-19 13:45:00,Bus Stop,17,2,1.62,0,13,True,24.1
2026-01-19 14:00:00,Canteen,30,4,2.53,0,14,True,76.87
2026-01-19 14:00:00,Library,9,7,4.72,0,14,True,52.0
2026-01-19 14:00:00,Library,4,3,5.28,0,14,True,28.6
2026-01-19 14:00:00,Admin Office,2,1,6.77,0,14,True,15.01
2026-01-19 14:00:00,Admin Office,1,1,4.35,0,14,True,11.33
2026-01-19 14:00:00,Library,11,6,4.72,0,14,True,58.54
2026-01-19 14:15:00,Canteen,19,7,2.32,0,14,True,46.94
2026-01-19 14:15:00,Library,8,4,4.88,0,14,True,43.69
2026-01-19 14:15:00,Canteen,29,6,1.94,0,14,True,70.75
2026-01-19 14:30:00,Admin Office,5,4,3.57,0,14,True,11.69
2026-01-19 14:45:00,Computer Lab,17,1,3.88,0,14,True,77.29
2026-01-19 14:45:00,Library,17,6,3.6,0,14,True,78.92
2026-01-19 15:00:00,Library,13,9,5.21,0,15,False,69.68
2026-01-19 15:15:00,Library,9,1,3.92,0,15,False,37.9
2026-01-19 15:15:00,Library,7,9,4.65,0,15,False,29.33
2026-01-19 15:30:00,Admin Office,10,6,2.87,0,15,False,36.64
2026-01-19 15:45:00,Bus Stop,13,6,1.37,0,15,False,15.16
2026-01-19 15:45:00,Admin Office,5,3,4.78,0,15,False,24.44
2026-01-19 15:45:00,Canteen,9,1,2.21,0,15,False,18.39
2026-01-19 16:00:00,Canteen,20,1,2.17,0,16,True,41.09
2026-01-19 16:00:00,Bus Stop,23,7,1.62,0,16,True,42.9
2026-01-19 16:15:00,Canteen,14,4,2.23,0,16,True,35.79
2026-01-19 16:45:00,Bus Stop,33,3,1.98,0,16,True,65.15
2026-01-19 17:00:00,Library,9,3,4.49,0,17,True,49.53
2026-01-19 17:00:00,Admin Office,4,3,5.1,0,17,True,30.49
2026-01-19 17:15:00,Admin Office,1,1,4.21,0,17,True,4.75
2026-01-19 17:15:00,Printing Shop,8,10,2.91,0,17,True,18.75
2026-01-19 17:15:00,Printing Shop,7,6,2.89,0,17,True,19.84
2026-01-19 17:30:00,Bus Stop,21,10,1.27,0,17,True,41.05
2026-01-19 17:45:00,Bus Stop,25,10,1.59,0,17,True,49.39
2026-01-19 17:45:00,Admin Office,5,8,4.61,0,17,True,27.38
2026-01-19 17:45:00,Computer Lab,7,7,3.31,0,17,True,32.72
2026-01-19 17:45:00,Computer Lab,6,9,2.76,0,17,True,22.46
2026-01-20 08:00:00,Printing Shop,7,9,3.53,1,8,False,21.0
2026-01-20 08:00:00,Printing Shop,2,10,3.74,1,8,False,12.08
2026-01-20 08:15:00,Bus Stop,18,2,1.26,1,8,False,26.41
2026-01-20 08:15:00,Admin Office,4,2,4.3,1,8,False,25.1
2026-01-20 08:15:00,Library,8,6,4.55,1,8,False,37.89
2026-01-20 08:15:00,Printing Shop,7,1,2.5,1,8,False,12.09
2026-01-20 08:30:00,Canteen,11,10,2.41,1,8,False,26.48
2026-01-20 08:30:00,Bus Stop,15,7,1.74,1,8,False,26.86
2026-01-20 08:45:00,Bus Stop,26,7,1.26,1,8,False,31.57
2026-01-20 08:45:00,Printing Shop,3,5,1.97,1,8,False,12.76
2026-01-20 09:00:00,Printing Shop,6,1,2.53,1,9,False,20.98
2026-01-20 09:15:00,Library,11,4,3.33,1,9,False,31.1
2026-01-20 09:30:00,Admin Office,6,7,5.7,1,9,False,41.41
2026-01-20 09:45:00,Computer Lab,6,9,2.95,1,9,False,9.76
2026-01-20 10:00:00,Admin Office,5,2,4.98,1,10,True,32.93
2026-01-20 10:00:00,Computer Lab,9,8,3.96,1,10,True,50.6
2026-01-20 10:00:00,Printing Shop,5,8,2.55,1,10,True,20.75
2026-01-20 10:00:00,Printing Shop,8,2,3.66,1,10,True,37.03
2026-01-20 10:15:00,Printing Shop,6,4,2.98,1,10,True,24.48
2026-01-20 10:15:00,Canteen,12,9,2.86,1,10,True,33.94
2026-01-20 10:15:00,Printing Shop,8,9,2.83,1,10,True,34.08
2026-01-20 10:30:00,Bus Stop,10,10,1.89,1,10,True,13.74
2026-01-20 10:30:00,Admin Office,8,9,4.13,1,10,True,37.25
2026-01-20 10:30:00,Bus Stop,10,1,1.38,1,10,True,13.65
2026-01-20 10:45:00,Admin Office,7,6,5.41,1,10,True,43.21
2026-01-20 11:00:00,Computer Lab,16,6,4.15,1,11,True,66.8
2026-01-20 11:00:00,Library,11,2,3.57,1,11,True,50.33
2026-01-20 11:00:00,Computer Lab,16,8,3.8,1,11,True,66.81
2026-01-20 11:00:00,Printing Shop,7,4,2.23,1,11,True,13.07
2026-01-20 11:00:00,Bus Stop,10,8,1.27,1,11,True,5.92
2026-01-20 11:30:00,Bus Stop,11,5,1.58,1,11,True,25.6
2026-01-20 11:30:00,Library,6,9,4.6,1,11,True,23.58
2026-01-20 11:30:00,Canteen,7,10,2.54,1,11,True,15.55
2026-01-20 11:45:00,Computer Lab,14,6,4.39,1,11,True,71.51
2026-01-20 11:45:00,Bus Stop,15,10,1.69,1,11,True,25.16
2026-01-20 12:00:00,Printing Shop,5,8,2.98,1,12,True,8.29
2026-01-20 12:15:00,Canteen,28,5,3.13,1,12,True,96.69
2026-01-20 12:15:00,Bus Stop,15,8,1.11,1,12,True,22.78
2026-01-20 12:30:00,Admin Office,10,1,4.38,1,12,True,48.85
2026-01-20 12:45:00,Admin Office,5,10,5.76,1,12,True,30.7
2026-01-20 12:45:00,Library,5,9,2.05,1,12,True,10.53
2026-01-20 13:00:00,Admin Office,4,7,6.61,1,13,True,34.24
2026-01-20 13:00:00,Canteen,25,10,2.35,1,13,True,65.55
2026-01-20 13:00:00,Canteen,40,3,3.51,1,13,True,163.43
2026-01-20 13:15:00,Admin Office,6,6,4.14,1,13,True,21.47
2026-01-20 13:30:00,Admin Office,0,7,6.06,1,13,True,0.0
2026-01-20 13:30:00,Printing Shop,1,3,3.09,1,13,True,8.49
2026-01-20 13:45:00,Printing Shop,2,4,2.68,1,13,True,0.0
2026-01-20 13:45:00,Library,5,8,3.86,1,13,True,24.33
2026-01-20 13:45:00,Canteen,19,6,3.05,1,13,True,68.2
2026-01-20 14:00:00,Canteen,30,2,2.45,1,14,True,94.48
2026-01-20 14:00:00,Bus Stop,11,3,1.45,1,14,True,17.36
2026-01-20 14:30:00,Printing Shop,2,2,3.59,1,14,True,17.88
2026-01-20 14:30:00,Library,9,9,4.31,1,14,True,44.3
2026-01-20 15:00:00,Bus Stop,10,3,1.29,1,15,False,12.77
2026-01-20 15:30:00,Computer Lab,14,10,3.5,1,15,False,43.73
2026-01-20 15:30:00,Library,11,2,4.54,1,15,False,42.24
2026-01-20 15:30:00,Canteen,8,6,1.23,1,15,False,5.26
2026-01-20 15:30:00,Library,8,2,3.23,1,15,False,32.2
2026-01-20 15:45:00,Admin Office,5,6,5.27,1,15,False,20.42
2026-01-20 15:45:00,Library,12,10,3.86,1,15,False,42.45
2026-01-20 16:00:00,Printing Shop,9,3,3.56,1,16,True,34.79
2026-01-20 16:00:00,Bus Stop,22,8,1.37,1,16,True,28.77
2026-01-20 16:00:00,Canteen,14,3,3.04,1,16,True,45.72
2026-01-20 16:00:00,Library,11,2,3.35,1,16,True,31.91
2026-01-20 16:15:00,Bus Stop,13,7,1.71,1,16,True,20.51
2026-01-20 16:45:00,Canteen,12,3,2.64,1,16,True,42.44
2026-01-20 16:45:00,Admin Office,3,4,4.6,1,16,True,17.42
2026-01-20 16:45:00,Library,10,3,3.77,1,16,True,45.12
2026-01-20 16:45:00,Library,9,3,3.77,1,16,True,33.41
2026-01-20 17:00:00,Library,12,2,3.39,1,17,True,52.66
2026-01-20 17:15:00,Computer Lab,7,4,2.74,1,17,True,12.11
2026-01-20 17:30:00,Bus Stop,19,2,1.26,1,17,True,28.73
2026-01-20 17:30:00,Computer Lab,9,10,2.74,1,17,True,25.15
2026-01-20 17:30:00,Computer Lab,7,8,3.63,1,17,True,33.7
2026-01-20 17:45:00,Canteen,17,7,2.88,1,17,True,55.28
2026-01-20 17:45:00,Canteen,9,5,2.36,1,17,True,25.18
2026-01-20 17:45:00,Bus Stop,32,3,1.37,1,17,True,47.32
2026-01-20 17:45:00,Library,9,3,4.12,1,17,True,39.3
2026-01-21 08:00:00,Canteen,12,6,2.03,2,8,False,18.63
2026-01-21 08:15:00,Admin Office,3,2,5.29,2,8,False,14.77
2026-01-21 08:15:00,Computer Lab,4,5,3.3,2,8,False,8.33
2026-01-21 08:30:00,Canteen,7,1,2.34,2,8,False,19.36
2026-01-21 08:45:00,Computer Lab,8,5,2.97,2,8,False,29.62
2026-01-21 09:00:00,Printing Shop,4,10,2.56,2,9,False,13.72
2026-01-21 09:00:00,Admin Office,6,6,5.0,2,9,False,37.49
2026-01-21 09:15:00,Library,12,1,4.94,2,9,False,51.94
2026-01-21 09:15:00,Printing Shop,6,10,3.04,2,9,False,23.33
2026-01-21 09:15:00,Library,11,2,4.08,2,9,False,46.66
2026-01-21 09:45:00,Computer Lab,7,8,2.97,2,9,False,13.41
2026-01-21 09:45:00,Canteen,10,4,2.35,2,9,False,24.89
2026-01-21 10:00:00,Bus Stop,12,8,1.76,2,10,True,31.98
2026-01-21 10:00:00,Bus Stop,14,6,1.61,2,10,True,19.91
2026-01-21 10:00:00,Computer Lab,11,1,3.17,2,10,True,39.59
2026-01-21 10:15:00,Library,12,2,5.18,2,10,True,62.21
2026-01-21 10:15:00,Computer Lab,9,3,2.44,2,10,True,30.06
2026-01-21 10:15:00,Admin Office,4,3,4.25,2,10,True,21.48
2026-01-21 10:30:00,Computer Lab,8,9,2.67,2,10,True,29.97
2026-01-21 10:30:00,Printing Shop,7,5,2.72,2,10,True,12.33
2026-01-21 10:45:00,Bus Stop,18,4,1.81,2,10,True,44.97
2026-01-21 10:45:00,Computer Lab,10,5,4.05,2,10,True,45.59
2026-01-21 10:45:00,Printing Shop,7,5,3.91,2,10,True,34.28
2026-01-21 10:45:00,Printing Shop,10,7,2.34,2,10,True,28.2
2026-01-21 11:00:00,Printing Shop,5,5,3.44,2,11,True,26.8
2026-01-21 11:00:00,Admin Office,10,8,5.34,2,11,True,60.85
2026-01-21 11:00:00,Computer Lab,11,8,3.49,2,11,True,40.64
2026-01-21 11:00:00,Admin Office,6,4,5.68,2,11,True,30.27
2026-01-21 11:30:00,Admin Office,6,7,6.34,2,11,True,39.34
2026-01-21 11:30:00,Bus Stop,12,9,2.04,2,11,True,19.47
2026-01-21 11:30:00,Computer Lab,14,5,2.79,2,11,True,40.99
2026-01-21 11:30:00,Admin Office,6,2,3.84,2,11,True,33.17
2026-01-21 11:45:00,Admin Office,8,7,6.1,2,11,True,49.67
2026-01-21 12:00:00,Computer Lab,13,9,3.32,2,12,True,49.57
2026-01-21 12:00:00,Computer Lab,11,10,3.05,2,12,True,30.13
2026-01-21 12:00:00,Computer Lab,11,4,3.63,2,12,True,48.6
2026-01-21 12:30:00,Admin Office,6,2,2.82,2,12,True,20.83
2026-01-21 12:30:00,Admin Office,6,8,3.77,2,12,True,32.25
2026-01-21 12:45:00,Bus Stop,14,3,1.79,2,12,True,22.71
2026-01-21 12:45:00,Library,9,1,3.29,2,12,True,38.33
2026-01-21 13:00:00,Library,4,2,3.19,2,13,True,13.01
2026-01-21 13:00:00,Canteen,30,6,2.51,2,13,True,84.67
2026-01-21 13:00:00,Printing Shop,2,2,1.91,2,13,True,10.54
2026-01-21 13:00:00,Admin Office,3,10,5.03,2,13,True,19.98
2026-01-21 13:15:00,Computer Lab,2,9,3.17,2,13,True,8.06
2026-01-21 13:15:00,Computer Lab,7,4,5.19,2,13,True,39.22
2026-01-21 13:15:00,Printing Shop,5,10,2.38,2,13,True,12.42
2026-01-21 13:15:00,Canteen,25,10,2.8,2,13,True,89.33
2026-01-21 13:30:00,Canteen,18,1,1.56,2,13,True,24.4
2026-01-21 13:30:00,Bus Stop,17,5,1.93,2,13,True,45.53
2026-01-21 13:45:00,Library,5,6,3.63,2,13,True,24.05
2026-01-21 13:45:00,Bus Stop,17,4,0.8,2,13,True,8.51
2026-01-21 14:00:00,Printing Shop,3,4,2.08,2,14,True,0.0
2026-01-21 14:15:00,Bus Stop,20,2,1.43,2,14,True,35.06
2026-01-21 14:15:00,Printing Shop,6,8,4.24,2,14,True,24.25
2026-01-21 14:15:00,Library,15,6,4.67,2,14,True,84.92
2026-01-21 14:15:00,Admin Office,2,4,4.02,2,14,True,13.86
2026-01-21 14:30:00,Printing Shop,3,4,3.13,2,14,True,4.16
2026-01-21 14:30:00,Library,11,4,3.93,2,14,True,45.98
2026-01-21 14:30:00,Canteen,28,6,3.66,2,14,True,110.11
2026-01-21 14:45:00,Printing Shop,6,8,3.5,2,14,True,21.86
2026-01-21 14:45:00,Canteen,26,2,3.41,2,14,True,110.12
2026-01-21 15:00:00,Bus Stop,11,1,1.74,2,15,False,18.56
2026-01-21 15:15:00,Admin Office,7,6,5.4,2,15,False,33.95
2026-01-21 15:15:00,Computer Lab,12,2,2.94,2,15,False,31.0
2026-01-21 15:15:00,Admin Office,4,7,5.16,2,15,False,24.16
2026-01-21 15:30:00,Printing Shop,5,7,2.7,2,15,False,7.08
2026-01-21 15:30:00,Library,12,9,5.33,2,15,False,66.33
2026-01-21 15:45:00,Printing Shop,7,10,2.66,2,15,False,13.06
2026-01-21 16:00:00,Admin Office,8,4,5.39,2,16,True,47.52
2026-01-21 16:15:00,Library,15,7,4.4,2,16,True,85.52
2026-01-21 16:15:00,Bus Stop,22,9,1.07,2,16,True,30.98
2026-01-21 16:15:00,Bus Stop,37,5,1.37,2,16,True,52.14
2026-01-21 16:45:00,Bus Stop,23,10,1.54,2,16,True,36.64
2026-01-21 17:00:00,Bus Stop,41,8,1.61,2,17,True,73.69
2026-01-21 17:00:00,Admin Office,4,5,5.07,2,17,True,25.16
2026-01-21 17:15:00,Admin Office,3,9,5.64,2,17,True,23.27
2026-01-21 17:15:00,Library,10,7,4.37,2,17,True,53.33
2026-01-22 08:00:00,Bus Stop,20,6,1.31,3,8,False,28.79
2026-01-22 08:00:00,Bus Stop,23,7,1.41,3,8,False,40.12
2026-01-22 08:15:00,Canteen,10,5,2.4,3,8,False,21.96
2026-01-22 08:30:00,Computer Lab,8,1,2.9,3,8,False,19.95
2026-01-22 08:30:00,Bus Stop,26,9,1.54,3,8,False,39.37
2026-01-22 08:30:00,Library,5,7,3.03,3,8,False,8.22
2026-01-22 08:45:00,Printing Shop,5,5,3.38,3,8,False,14.35
2026-01-22 08:45:00,Printing Shop,5,5,2.96,3,8,False,14.83
2026-01-22 09:15:00,Admin Office,4,10,6.67,3,9,False,18.84
2026-01-22 09:15:00,Canteen,10,1,2.74,3,9,False,20.72
2026-01-22 09:15:00,Bus Stop,24,3,1.69,3,9,False,37.86
2026-01-22 09:45:00,Printing Shop,4,1,2.7,3,9,False,18.28
2026-01-22 10:00:00,Library,6,9,3.62,3,10,True,17.45
2026-01-22 10:00:00,Bus Stop,14,6,1.54,3,10,True,32.8
2026-01-22 10:45:00,Admin Office,11,4,4.22,3,10,True,53.15
2026-01-22 10:45:00,Canteen,12,7,2.22,3,10,True,31.66
2026-01-22 10:45:00,Canteen,9,10,2.05,3,10,True,20.67
2026-01-22 10:45:00,Admin Office,5,2,5.65,3,10,True,28.57
2026-01-22 11:00:00,Computer Lab,20,7,2.59,3,11,True,62.64
2026-01-22 11:00:00,Library,10,3,3.91,3,11,True,45.1
2026-01-22 11:00:00,Computer Lab,12,3,5.01,3,11,True,71.15
2026-01-22 11:15:00,Printing Shop,8,9,2.85,3,11,True,31.77
2026-01-22 11:15:00,Computer Lab,11,8,1.95,3,11,True,23.41
2026-01-22 11:30:00,Printing Shop,3,3,2.16,3,11,True,0.43
2026-01-22 11:45:00,Computer Lab,14,6,4.04,3,11,True,65.78
2026-01-22 11:45:00,Printing Shop,7,4,2.36,3,11,True,22.58
2026-01-22 11:45:00,Bus Stop,10,6,1.19,3,11,True,19.9
2026-01-22 12:00:00,Bus Stop,11,7,1.45,3,12,True,23.78
2026-01-22 12:15:00,Library,5,8,4.68,3,12,True,27.98
2026-01-22 12:15:00,Admin Office,9,10,5.43,3,12,True,60.86
2026-01-22 12:30:00,Bus Stop,11,7,1.43,3,12,True,19.95
2026-01-22 12:30:00,Bus Stop,12,2,1.96,3,12,True,30.89
2026-01-22 12:45:00,Printing Shop,10,10,2.81,3,12,True,36.0
2026-01-22 12:45:00,Admin Office,9,10,3.68,3,12,True,43.98
2026-01-22 12:45:00,Printing Shop,8,10,2.1,3,12,True,13.94
2026-01-22 13:00:00,Admin Office,2,8,4.95,3,13,True,12.83
2026-01-22 13:15:00,Printing Shop,4,1,2.5,3,13,True,20.79
2026-01-22 13:15:00,Bus Stop,18,9,1.68,3,13,True,40.88
2026-01-22 13:15:00,Bus Stop,13,9,1.54,3,13,True,25.95
2026-01-22 13:15:00,Admin Office,4,6,1.63,3,13,True,7.6
2026-01-22 13:30:00,Bus Stop,15,6,1.29,3,13,True,27.88
2026-01-22 13:45:00,Admin Office,5,4,4.45,3,13,True,26.76
2026-01-22 13:45:00,Admin Office,4,4,4.78,3,13,True,27.18
2026-01-22 13:45:00,Bus Stop,20,7,1.44,3,13,True,35.18
2026-01-22 13:45:00,Admin Office,4,3,3.01,3,13,True,20.13
2026-01-22 14:00:00,Computer Lab,15,1,4.18,3,14,True,64.86
2026-01-22 14:00:00,Computer Lab,14,2,4.18,3,14,True,60.65
2026-01-22 14:45:00,Printing Shop,3,9,2.48,3,14,True,0.03
2026-01-22 15:00:00,Canteen,6,5,2.41,3,15,False,6.82
2026-01-22 15:15:00,Bus Stop,15,5,1.28,3,15,False,24.79
2026-01-22 15:15:00,Library,13,5,4.69,3,15,False,64.83
2026-01-22 15:15:00,Canteen,8,1,2.04,3,15,False,11.16
2026-01-22 15:15:00,Admin Office,4,4,4.75,3,15,False,11.49
2026-01-22 15:30:00,Printing Shop,9,1,2.17,3,15,False,19.95
2026-01-22 15:30:00,Library,14,3,4.27,3,15,False,62.73
2026-01-22 15:30:00,Bus Stop,13,10,1.15,3,15,False,16.47
2026-01-22 15:45:00,Library,11,4,2.4,3,15,False,32.4
2026-01-22 16:00:00,Computer Lab,10,2,3.09,3,16,True,35.58
2026-01-22 16:00:00,Printing Shop,6,9,2.76,3,16,True,26.93
2026-01-22 16:00:00,Computer Lab,13,4,3.59,3,16,True,50.79
2026-01-22 16:15:00,Library,10,10,3.73,3,16,True,45.55
2026-01-22 16:15:00,Library,14,4,4.25,3,16,True,62.79
2026-01-22 16:15:00,Bus Stop,20,3,1.74,3,16,True,44.14
2026-01-22 16:30:00,Bus Stop,22,3,1.39,3,16,True,37.9
2026-01-22 16:30:00,Bus Stop,22,9,1.47,3,16,True,31.59
2026-01-22 17:00:00,Bus Stop,36,6,1.64,3,17,True,78.6
2026-01-22 17:15:00,Printing Shop,12,1,3.52,3,17,True,47.95
2026-01-22 17:15:00,Canteen,21,8,2.7,3,17,True,71.8
2026-01-22 17:30:00,Computer Lab,9,2,4.1,3,17,True,44.83
2026-01-22 17:30:00,Admin Office,3,1,5.41,3,17,True,19.2
2026-01-22 17:30:00,Admin Office,4,10,4.43,3,17,True,19.92
2026-01-22 17:30:00,Bus Stop,33,8,1.18,3,17,True,36.02
2026-01-22 17:30:00,Bus Stop,27,9,1.44,3,17,True,37.92
2026-01-22 17:30:00,Bus Stop,20,1,1.67,3,17,True,30.58
2026-01-22 17:30:00,Bus Stop,34,10,1.89,3,17,True,77.85
2026-01-22 17:45:00,Computer Lab,6,10,2.8,3,17,True,29.01
2026-01-22 17:45:00,Admin Office,4,1,5.98,3,17,True,30.94
2026-01-22 17:45:00,Printing Shop,10,8,3.09,3,17,True,33.93
2026-01-22 17:45:00,Admin Office,4,9,5.95,3,17,True,24.65
2026-01-22 17:45:00,Printing Shop,7,1,2.66,3,17,True,26.67
2026-01-22 17:45:00,Bus Stop,28,2,1.42,3,17,True,45.82
2026-01-23 08:00:00,Computer Lab,6,4,4.19,4,8,False,21.48
2026-01-23 08:15:00,Admin Office,7,1,6.7,4,8,False,46.0
2026-01-23 08:15:00,Admin Office,5,9,6.16,4,8,False,23.35
2026-01-23 08:15:00,Printing Shop,4,7,4.29,4,8,False,18.51
2026-01-23 08:15:00,Computer Lab,7,7,4.15,4,8,False,21.81
2026-01-23 08:30:00,Canteen,12,8,2.68,4,8,False,28.98
2026-01-23 08:30:00,Canteen,11,9,3.19,4,8,False,37.51
2026-01-23 08:30:00,Library,5,8,5.26,4,8,False,33.14
2026-01-23 08:45:00,Bus Stop,20,2,0.95,4,8,False,24.56
2026-01-23 09:00:00,Canteen,12,5,2.45,4,9,False,27.94
2026-01-23 09:00:00,Bus Stop,29,7,1.5,4,9,False,36.78
2026-01-23 09:15:00,Computer Lab,6,1,3.25,4,9,False,18.01
2026-01-23 09:15:00,Printing Shop,1,10,3.69,4,9,False,10.63
2026-01-23 09:30:00,Computer Lab,7,9,2.81,4,9,False,12.44
2026-01-23 09:30:00,Bus Stop,19,2,1.82,4,9,False,34.48
2026-01-23 09:30:00,Canteen,10,7,3.27,4,9,False,34.7
2026-01-23 09:45:00,Printing Shop,2,4,3.28,4,9,False,1.24
2026-01-23 09:45:00,Library,7,5,4.69,4,9,False,25.35
2026-01-23 10:00:00,Computer Lab,7,4,3.63,4,10,True,29.7
2026-01-23 10:15:00,Bus Stop,10,9,1.44,4,10,True,26.55
2026-01-23 10:15:00,Bus Stop,5,2,1.2,4,10,True,0.0
2026-01-23 10:15:00,Bus Stop,5,1,1.35,4,10,True,2.16
2026-01-23 10:30:00,Admin Office,6,5,4.85,4,10,True,24.28
2026-01-23 10:45:00,Printing Shop,9,4,3.04,4,10,True,23.35
2026-01-23 10:45:00,Bus Stop,7,2,1.33,4,10,True,7.86
2026-01-23 10:45:00,Printing Shop,6,5,3.53,4,10,True,30.39
2026-01-23 11:00:00,Canteen,8,3,1.79,4,11,True,21.37
2026-01-23 11:00:00,Bus Stop,14,6,1.51,4,11,True,34.4
2026-01-23 11:00:00,Admin Office,8,8,4.96,4,11,True,43.5
2026-01-23 11:00:00,Library,11,3,5.18,4,11,True,68.13
2026-01-23 11:30:00,Printing Shop,8,4,3.02,4,11,True,29.64
2026-01-23 11:45:00,Canteen,8,4,2.64,4,11,True,14.36
2026-01-23 11:45:00,Admin Office,9,5,4.95,4,11,True,48.35
2026-01-23 11:45:00,Canteen,12,10,2.79,4,11,True,44.34
2026-01-23 12:00:00,Admin Office,7,9,3.52,4,12,True,28.24
2026-01-23 12:15:00,Admin Office,7,8,5.41,4,12,True,47.37
2026-01-23 12:45:00,Admin Office,9,2,5.12,4,12,True,54.04
2026-01-23 13:30:00,Printing Shop,4,5,2.86,4,13,True,20.07
2026-01-23 13:30:00,Bus Stop,18,1,1.82,4,13,True,44.0
2026-01-23 13:30:00,Printing Shop,8,2,2.5,4,13,True,21.3
2026-01-23 13:45:00,Printing Shop,3,7,3.27,4,13,True,2.26
2026-01-23 13:45:00,Canteen,25,10,3.4,4,13,True,102.15
2026-01-23 14:00:00,Admin Office,7,3,4.15,4,14,True,33.21
2026-01-23 14:00:00,Admin Office,3,10,6.27,4,14,True,14.61
2026-01-23 14:00:00,Admin Office,3,10,5.92,4,14,True,14.95
2026-01-23 14:15:00,Bus Stop,20,6,1.48,4,14,True,40.85
2026-01-23 14:15:00,Library,10,1,4.97,4,14,True,57.18
2026-01-23 14:30:00,Printing Shop,4,5,4.07,4,14,True,20.79
2026-01-23 14:30:00,Canteen,22,5,2.18,4,14,True,58.66
2026-01-23 14:30:00,Admin Office,6,4,3.2,4,14,True,23.17
2026-01-23 14:45:00,Computer Lab,10,6,4.4,4,14,True,44.72
2026-01-23 14:45:00,Canteen,24,8,2.52,4,14,True,79.04
2026-01-23 14:45:00,Printing Shop,5,4,1.8,4,14,True,1.42
2026-01-23 15:00:00,Admin Office,2,3,5.58,4,15,False,16.6
2026-01-23 15:00:00,Computer Lab,15,1,3.87,4,15,False,56.21
2026-01-23 15:00:00,Library,14,8,4.19,4,15,False,54.68
2026-01-23 15:00:00,Library,12,4,3.67,4,15,False,41.95
2026-01-23 15:15:00,Printing Shop,10,8,1.97,4,15,False,19.54
2026-01-23 15:15:00,Admin Office,10,9,5.25,4,15,False,58.18
2026-01-23 15:15:00,Computer Lab,11,9,3.94,4,15,False,35.6
2026-01-23 15:30:00,Computer Lab,14,10,2.88,4,15,False,41.9
2026-01-23 15:30:00,Canteen,11,8,2.48,4,15,False,26.18
2026-01-23 15:45:00,Admin Office,6,3,5.91,4,15,False,33.67
2026-01-23 15:45:00,Computer Lab,5,2,2.9,4,15,False,9.12
2026-01-23 15:45:00,Admin Office,7,7,5.77,4,15,False,47.34
2026-01-23 16:00:00,Computer Lab,9,1,2.79,4,16,True,27.01
2026-01-23 16:00:00,Computer Lab,12,9,3.84,4,16,True,50.9
2026-01-23 16:45:00,Library,9,8,4.63,4,16,True,55.64
2026-01-23 16:45:00,Bus Stop,18,2,1.21,4,16,True,22.26
2026-01-23 17:00:00,Bus Stop,23,5,1.49,4,17,True,45.58
2026-01-23 17:00:00,Admin Office,3,2,5.73,4,17,True,12.38
2026-01-23 17:15:00,Computer Lab,7,8,2.87,4,17,True,24.22
2026-01-23 17:15:00,Printing Shop,7,3,3.25,4,17,True,31.6
2026-01-23 17:15:00,Library,13,9,3.47,4,17,True,57.61
2026-01-23 17:30:00,Computer Lab,7,8,3.78,4,17,True,27.06
2026-01-23 17:30:00,Canteen,14,10,1.85,4,17,True,33.1
2026-01-23 17:45:00,Computer Lab,8,6,3.94,4,17,True,34.31
2026-01-23 17:45:00,Computer Lab,8,4,3.67,4,17,True,27.16
2026-01-24 08:00:00,Admin Office,0,6,6.04,5,8,False,0.0
2026-01-24 08:00:00,Printing Shop,2,4,2.09,5,8,False,0.0
2026-01-24 08:00:00,Bus Stop,19,5,1.47,5,8,False,29.01
2026-01-24 08:00:00,Computer Lab,2,10,4.66,5,8,False,15.99
2026-01-24 08:15:00,Canteen,8,9,1.64,5,8,False,5.63
2026-01-24 08:15:00,Bus Stop,9,7,1.42,5,8,False,9.04
2026-01-24 08:15:00,Bus Stop,16,2,1.24,5,8,False,24.07
2026-01-24 08:15:00,Bus Stop,12,10,1.08,5,8,False,9.71
2026-01-24 08:15:00,Admin Office,0,10,6.49,5,8,False,0.0
2026-01-24 08:30:00,Printing Shop,4,7,2.05,5,8,False,11.87
2026-01-24 08:30:00,Computer Lab,4,4,4.02,5,8,False,23.27
2026-01-24 08:30:00,Computer Lab,3,9,2.91,5,8,False,2.88
2026-01-24 09:00:00,Library,4,3,3.12,5,9,False,12.33
2026-01-24 09:00:00,Bus Stop,8,4,1.96,5,9,False,12.38
2026-01-24 09:00:00,Library,6,1,4.95,5,9,False,36.97
2026-01-24 09:15:00,Computer Lab,9,7,4.75,5,9,False,39.12
2026-01-24 09:15:00,Printing Shop,0,4,3.1,5,9,False,0.0
2026-01-24 09:30:00,Admin Office,0,7,5.71,5,9,False,0.0
2026-01-24 09:30:00,Library,0,7,4.24,5,9,False,1.41
2026-01-24 09:30:00,Printing Shop,2,10,2.5,5,9,False,0.0
2026-01-24 09:45:00,Computer Lab,6,6,2.95,5,9,False,10.91
2026-01-24 10:00:00,Admin Office,2,10,4.72,5,10,True,15.19
2026-01-24 10:15:00,Canteen,7,7,2.34,5,10,True,21.41
2026-01-24 10:30:00,Canteen,3,3,3.11,5,10,True,3.8
2026-01-24 10:30:00,Printing Shop,5,6,3.49,5,10,True,11.49
2026-01-24 10:45:00,Bus Stop,7,5,1.77,5,10,True,8.15
2026-01-24 11:15:00,Admin Office,4,5,4.04,5,11,True,15.63
2026-01-24 11:45:00,Bus Stop,2,6,0.8,5,11,True,1.77
2026-01-24 11:45:00,Admin Office,3,8,2.73,5,11,True,9.42
2026-01-24 12:00:00,Computer Lab,8,5,3.11,5,12,True,25.08
2026-01-24 12:00:00,Canteen,13,5,2.03,5,12,True,31.51
2026-01-24 12:00:00,Library,7,4,2.62,5,12,True,16.22
2026-01-24 12:15:00,Admin Office,5,10,3.65,5,12,True,30.44
2026-01-24 12:30:00,Computer Lab,8,5,4.21,5,12,True,29.56
2026-01-24 12:30:00,Printing Shop,5,6,3.03,5,12,True,14.25
2026-01-24 12:30:00,Printing Shop,4,2,3.53,5,12,True,12.18
2026-01-24 12:30:00,Admin Office,5,10,4.09,5,12,True,24.85
2026-01-24 13:00:00,Admin Office,5,1,6.05,5,13,True,34.72
2026-01-24 13:00:00,Admin Office,0,1,4.1,5,13,True,1.69
2026-01-24 13:00:00,Admin Office,0,4,3.05,5,13,True,0.0
2026-01-24 13:30:00,Library,3,7,3.56,5,13,True,4.34
2026-01-24 13:30:00,Canteen,15,9,2.55,5,13,True,45.54
2026-01-24 13:30:00,Bus Stop,7,4,1.79,5,13,True,9.79
2026-01-24 13:45:00,Bus Stop,14,1,1.89,5,13,True,19.93
2026-01-24 13:45:00,Library,4,2,2.66,5,13,True,10.23
2026-01-24 13:45:00,Canteen,12,3,2.36,5,13,True,23.32
2026-01-24 13:45:00,Computer Lab,5,5,3.58,5,13,True,22.54
2026-01-24 14:00:00,Computer Lab,8,8,3.86,5,14,True,38.62
2026-01-24 14:00:00,Computer Lab,7,7,2.26,5,14,True,16.49
2026-01-24 14:00:00,Admin Office,3,8,4.69,5,14,True,9.49
2026-01-24 14:15:00,Bus Stop,12,6,1.37,5,14,True,16.55
2026-01-24 14:30:00,Admin Office,3,9,3.69,5,14,True,22.27
2026-01-24 14:30:00,Canteen,13,2,3.09,5,14,True,47.06
2026-01-24 14:45:00,Library,5,4,2.81,5,14,True,21.12
2026-01-24 15:00:00,Computer Lab,7,1,2.65,5,15,False,12.59
2026-01-24 15:45:00,Canteen,4,2,1.73,5,15,False,7.34
2026-01-24 15:45:00,Admin Office,1,3,5.26,5,15,False,3.47
2026-01-24 16:00:00,Printing Shop,5,8,3.31,5,16,True,13.32
2026-01-24 16:15:00,Library,4,9,3.8,5,16,True,15.15
2026-01-24 16:30:00,Library,7,2,3.59,5,16,True,27.07
2026-01-24 16:30:00,Computer Lab,8,1,2.54,5,16,True,14.72
2026-01-24 17:00:00,Bus Stop,16,2,2.04,5,17,True,36.28
2026-01-24 17:00:00,Printing Shop,5,8,3.04,5,17,True,13.09
2026-01-24 17:15:00,Computer Lab,4,2,4.54,5,17,True,17.75
2026-01-24 17:15:00,Bus Stop,17,1,1.51,5,17,True,22.57
2026-01-24 17:30:00,Admin Office,5,10,3.77,5,17,True,27.81
2026-01-24 17:30:00,Library,5,8,3.82,5,17,True,29.12
2026-01-24 17:45:00,Printing Shop,3,6,2.28,5,17,True,10.72
2026-01-24 17:45:00,Admin Office,4,3,6.7,5,17,True,34.99
2026-01-24 17:45:00,Bus Stop,12,10,1.27,5,17,True,19.62
2026-01-25 08:00:00,Admin Office,0,10,5.98,6,8,False,2.07
2026-01-25 08:00:00,Computer Lab,1,1,3.22,6,8,False,9.23
2026-01-25 08:00:00,Printing Shop,5,4,2.07,6,8,False,5.2
2026-01-25 08:00:00,Computer Lab,3,10,4.7,6,8,False,11.04
2026-01-25 08:15:00,Computer Lab,2,6,3.27,6,8,False,9.85
2026-01-25 08:45:00,Bus Stop,17,1,1.99,6,8,False,40.92
2026-01-25 09:00:00,Library,5,6,2.99,6,9,False,9.0
2026-01-25 09:00:00,Admin Office,3,6,4.69,6,9,False,6.81
2026-01-25 09:00:00,Canteen,8,3,2.9,6,9,False,23.85
2026-01-25 09:15:00,Library,8,8,3.14,6,9,False,21.34
2026-01-25 09:15:00,Bus Stop,10,1,1.25,6,9,False,6.76
2026-01-25 09:30:00,Bus Stop,13,6,1.84,6,9,False,21.01
2026-01-25 09:30:00,Bus Stop,13,1,2.19,6,9,False,34.7
2026-01-25 09:30:00,Canteen,7,9,2.32,6,9,False,12.87
2026-01-25 09:30:00,Library,6,7,3.02,6,9,False,19.2
2026-01-25 09:45:00,Bus Stop,7,8,1.31,6,9,False,9.03
2026-01-25 09:45:00,Bus Stop,10,8,1.79,6,9,False,15.78
2026-01-25 09:45:00,Library,9,1,5.25,6,9,False,44.68
2026-01-25 10:00:00,Computer Lab,7,2,2.86,6,10,True,22.36
2026-01-25 10:15:00,Printing Shop,6,7,3.86,6,10,True,17.25
2026-01-25 10:30:00,Canteen,3,5,2.4,6,10,True,0.3
2026-01-25 10:30:00,Library,5,3,3.8,6,10,True,13.24
2026-01-25 10:30:00,Library,7,10,3.31,6,10,True,33.18
2026-01-25 10:30:00,Admin Office,4,6,5.58,6,10,True,19.0
2026-01-25 10:30:00,Library,5,2,1.63,6,10,True,17.04
2026-01-25 10:45:00,Printing Shop,8,3,3.09,6,10,True,22.81
2026-01-25 10:45:00,Computer Lab,5,8,3.27,6,10,True,12.53
2026-01-25 10:45:00,Printing Shop,5,7,3.8,6,10,True,21.01
2026-01-25 11:00:00,Canteen,6,9,2.83,6,11,True,14.84
2026-01-25 11:30:00,Admin Office,6,1,4.85,6,11,True,34.56
2026-01-25 11:30:00,Admin Office,5,4,5.15,6,11,True,30.16
2026-01-25 12:15:00,Admin Office,6,3,4.63,6,12,True,39.39
2026-01-25 12:30:00,Printing Shop,2,4,3.24,6,12,True,3.98
2026-01-25 12:30:00,Library,5,1,2.98,6,12,True,21.12
2026-01-25 12:45:00,Canteen,17,9,2.23,6,12,True,48.26
2026-01-25 12:45:00,Admin Office,3,7,5.01,6,12,True,11.81
2026-01-25 12:45:00,Admin Office,4,8,3.78,6,12,True,13.6
2026-01-25 13:00:00,Admin Office,4,6,5.88,6,13,True,27.5
2026-01-25 13:15:00,Library,3,8,4.04,6,13,True,19.18
2026-01-25 13:15:00,Admin Office,3,8,3.57,6,13,True,13.36
2026-01-25 13:15:00,Admin Office,0,7,6.5,6,13,True,0.0
2026-01-25 13:30:00,Library,5,2,3.7,6,13,True,19.42
2026-01-25 13:30:00,Computer Lab,5,5,4.92,6,13,True,31.95
2026-01-25 13:45:00,Library,5,7,4.17,6,13,True,17.86
2026-01-25 13:45:00,Library,3,3,5.58,6,13,True,11.55
2026-01-25 13:45:00,Bus Stop,6,6,1.83,6,13,True,18.12
2026-01-25 14:00:00,Canteen,10,2,3.0,6,14,True,31.51
2026-01-25 14:00:00,Bus Stop,10,7,1.41,6,14,True,22.28
2026-01-25 14:00:00,Canteen,12,3,1.97,6,14,True,29.06
2026-01-25 14:15:00,Computer Lab,6,6,3.54,6,14,True,27.62
2026-01-25 14:15:00,Bus Stop,8,10,1.35,6,14,True,8.18
2026-01-25 14:15:00,Library,3,4,3.41,6,14,True,19.2
2026-01-25 14:15:00,Library,4,6,3.89,6,14,True,13.62
2026-01-25 14:30:00,Bus Stop,11,9,1.65,6,14,True,22.6
2026-01-25 14:30:00,Bus Stop,6,6,1.19,6,14,True,0.21
2026-01-25 14:30:00,Admin Office,3,2,3.27,6,14,True,13.14
2026-01-25 14:45:00,Canteen,9,2,3.46,6,14,True,35.42
2026-01-25 14:45:00,Bus Stop,9,1,1.85,6,14,True,22.2
2026-01-25 14:45:00,Printing Shop,3,6,3.43,6,14,True,16.71
2026-01-25 15:00:00,Computer Lab,7,1,3.83,6,15,False,24.41
2026-01-25 15:00:00,Canteen,5,8,2.29,6,15,False,11.54
2026-01-25 15:00:00,Bus Stop,5,1,1.69,6,15,False,6.16
2026-01-25 15:00:00,Library,7,7,4.49,6,15,False,31.95
2026-01-25 15:00:00,Bus Stop,9,4,1.32,6,15,False,10.66
2026-01-25 15:15:00,Library,8,5,3.64,6,15,False,22.49
2026-01-25 15:15:00,Printing Shop,4,9,2.33,6,15,False,13.47
2026-01-25 15:30:00,Canteen,4,2,3.01,6,15,False,4.25
2026-01-25 15:30:00,Printing Shop,2,3,2.63,6,15,False,0.53
2026-01-25 15:30:00,Computer Lab,6,7,3.32,6,15,False,24.9
2026-01-25 15:30:00,Bus Stop,5,5,1.41,6,15,False,5.52
2026-01-25 15:45:00,Canteen,5,7,2.34,6,15,False,5.42
2026-01-25 15:45:00,Admin Office,6,9,6.45,6,15,False,44.16
2026-01-25 16:00:00,Canteen,10,3,2.2,6,16,True,32.84
2026-01-25 16:15:00,Computer Lab,5,1,4.41,6,16,True,32.0
2026-01-25 16:15:00,Computer Lab,5,8,3.16,6,16,True,20.71
2026-01-25 16:30:00,Library,5,7,3.85,6,16,True,14.37
2026-01-25 16:30:00,Canteen,6,5,1.97,6,16,True,18.44
2026-01-25 16:45:00,Library,4,9,3.99,6,16,True,22.78
2026-01-25 17:00:00,Bus Stop,15,2,1.21,6,17,True,30.36
2026-01-25 17:00:00,Canteen,12,9,2.8,6,17,True,38.43
2026-01-25 17:00:00,Bus Stop,12,1,1.31,6,17,True,20.45
2026-01-25 17:00:00,Library,5,6,3.26,6,17,True,14.47
2026-01-25 17:15:00,Printing Shop,4,9,2.39,6,17,True,13.27
2026-01-25 17:15:00,Library,7,6,2.7,6,17,True,21.18
2026-01-25 17:15:00,Computer Lab,4,1,3.94,6,17,True,18.97
2026-01-25 17:15:00,Canteen,11,9,2.93,6,17,True,28.24
2026-01-25 17:15:00,Canteen,5,8,1.88,6,17,True,4.9
2026-01-25 17:15:00,Computer Lab,6,3,3.07,6,17,True,25.41
2026-01-25 17:30:00,Admin Office,0,7,5.15,6,17,True,0.0
2026-01-25 17:45:00,Computer Lab,3,7,4.12,6,17,True,15.82
2026-01-25 17:45:00,Printing Shop,5,6,3.69,6,17,True,27.92
2026-01-25 17:45:00,Computer Lab,4,1,4.39,6,17,True,21.82
2026-01-26 08:00:00,Canteen,11,1,2.25,0,8,False,27.19
2026-01-26 08:15:00,Library,3,6,6.05,0,8,False,18.21
2026-01-26 08:15:00,Computer Lab,5,1,4.33,0,8,False,15.76
2026-01-26 08:30:00,Printing Shop,1,1,1.87,0,8,False,7.68
2026-01-26 08:30:00,Library,5,9,4.98,0,8,False,20.25
2026-01-26 08:30:00,Computer Lab,6,5,3.83,0,8,False,24.06
2026-01-26 08:30:00,Canteen,9,9,2.49,0,8,False,25.06
2026-01-26 08:30:00,Printing Shop,5,4,3.21,0,8,False,21.56
2026-01-26 08:45:00,Library,8,6,3.0,0,8,False,19.38
2026-01-26 09:00:00,Library,9,7,3.12,0,9,False,24.97
2026-01-26 09:00:00,Canteen,10,2,2.26,0,9,False,25.24
2026-01-26 09:15:00,Library,13,9,2.73,0,9,False,37.88
2026-01-26 09:15:00,Canteen,8,10,2.38,0,9,False,12.53
2026-01-26 09:15:00,Printing Shop,2,1,2.0,0,9,False,0.31
2026-01-26 09:30:00,Admin Office,2,4,5.19,0,9,False,7.18
2026-01-26 09:30:00,Printing Shop,4,9,2.63,0,9,False,8.82
2026-01-26 09:30:00,Bus Stop,27,6,2.13,0,9,False,55.71
2026-01-26 10:00:00,Library,7,2,3.79,0,10,True,29.35
2026-01-26 10:00:00,Printing Shop,9,9,3.04,0,10,True,23.19
2026-01-26 10:00:00,Admin Office,7,9,4.28,0,10,True,41.02
2026-01-26 10:00:00,Bus Stop,10,5,1.22,0,10,True,18.57
2026-01-26 10:00:00,Printing Shop,8,6,2.56,0,10,True,31.55
2026-01-26 10:15:00,Computer Lab,12,2,2.85,0,10,True,38.33
2026-01-26 10:30:00,Computer Lab,11,10,3.95,0,10,True,52.43
2026-01-26 10:30:00,Computer Lab,9,2,2.97,0,10,True,33.98
2026-01-26 10:45:00,Admin Office,7,7,5.52,0,10,True,41.93
2026-01-26 10:45:00,Canteen,10,10,2.95,0,10,True,30.34
2026-01-26 10:45:00,Canteen,7,10,2.35,0,10,True,16.25
2026-01-26 11:00:00,Canteen,10,8,2.06,0,11,True,24.72
2026-01-26 11:00:00,Admin Office,5,10,6.82,0,11,True,36.82
2026-01-26 11:00:00,Canteen,10,10,3.08,0,11,True,43.7
2026-01-26 11:00:00,Canteen,9,4,2.12,0,11,True,24.5
2026-01-26 11:15:00,Canteen,7,6,2.58,0,11,True,19.26
2026-01-26 11:30:00,Admin Office,9,3,5.15,0,11,True,48.16
2026-01-26 11:30:00,Printing Shop,4,5,3.45,0,11,True,11.0
2026-01-26 11:30:00,Printing Shop,5,6,3.51,0,11,True,15.99
2026-01-26 11:30:00,Bus Stop,7,2,1.24,0,11,True,4.12
2026-01-26 11:30:00,Library,11,4,3.62,0,11,True,44.22
2026-01-26 11:45:00,Library,5,3,4.29,0,11,True,25.59
2026-01-26 11:45:00,Bus Stop,11,8,1.09,0,11,True,7.21
2026-01-26 11:45:00,Library,7,5,4.02,0,11,True,29.04
2026-01-26 11:45:00,Printing Shop,6,10,4.47,0,11,True,37.86
2026-01-26 12:00:00,Canteen,25,6,2.26,0,12,True,59.58
2026-01-26 12:00:00,Library,7,1,4.43,0,12,True,43.58
2026-01-26 12:00:00,Computer Lab,13,5,4.24,0,12,True,69.99
2026-01-26 12:15:00,Computer Lab,14,3,2.75,0,12,True,45.78
2026-01-26 12:30:00,Canteen,27,3,2.28,0,12,True,71.79
2026-01-26 12:30:00,Canteen,24,2,2.05,0,12,True,56.67
2026-01-26 12:30:00,Computer Lab,14,8,2.96,0,12,True,39.59
2026-01-26 12:45:00,Library,4,1,3.98,0,12,True,12.8
2026-01-26 12:45:00,Bus Stop,15,5,1.67,0,12,True,24.8
2026-01-26 13:15:00,Bus Stop,16,10,1.6,0,13,True,29.65
2026-01-26 13:15:00,Bus Stop,18,9,1.62,0,13,True,31.11
2026-01-26 13:30:00,Computer Lab,11,4,3.06,0,13,True,39.19
2026-01-26 14:00:00,Library,11,3,4.73,0,14,True,50.83
2026-01-26 14:00:00,Printing Shop,2,6,3.39,0,14,True,16.19
2026-01-26 14:00:00,Canteen,37,7,3.43,0,14,True,134.75
2026-01-26 14:15:00,Printing Shop,5,6,4.08,0,14,True,16.43
2026-01-26 14:30:00,Bus Stop,13,1,1.38,0,14,True,23.63
2026-01-26 14:45:00,Library,10,9,3.65,0,14,True,36.3
2026-01-26 14:45:00,Canteen,12,3,2.96,0,14,True,31.71
2026-01-26 14:45:00,Bus Stop,14,9,1.54,0,14,True,19.78
2026-01-26 14:45:00,Bus Stop,20,2,1.76,0,14,True,40.33
2026-01-26 15:00:00,Computer Lab,21,6,4.28,0,15,False,82.14
2026-01-26 15:00:00,Computer Lab,14,3,3.32,0,15,False,45.21
2026-01-26 15:00:00,Bus Stop,14,9,1.61,0,15,False,17.83
2026-01-26 15:15:00,Bus Stop,18,1,1.34,0,15,False,16.27
2026-01-26 15:15:00,Computer Lab,13,9,3.54,0,15,False,46.36
2026-01-26 15:30:00,Bus Stop,16,9,1.61,0,15,False,32.4
2026-01-26 15:30:00,Bus Stop,10,7,1.76,0,15,False,22.7
2026-01-26 15:45:00,Computer Lab,11,7,4.98,0,15,False,52.31
2026-01-26 15:45:00,Printing Shop,10,7,2.55,0,15,False,32.85
2026-01-26 15:45:00,Canteen,3,9,1.68,0,15,False,5.88
2026-01-26 16:00:00,Bus Stop,22,3,2.03,0,16,True,41.27
2026-01-26 16:00:00,Canteen,16,1,2.82,0,16,True,45.56
2026-01-26 16:15:00,Admin Office,3,4,4.97,0,16,True,15.85
2026-01-26 16:15:00,Canteen,14,9,2.53,0,16,True,34.14
2026-01-26 16:15:00,Admin Office,2,1,5.16,0,16,True,10.72
2026-01-26 16:30:00,Bus Stop,23,6,1.65,0,16,True,38.18
2026-01-26 16:30:00,Canteen,15,9,2.42,0,16,True,33.47
2026-01-26 16:45:00,Printing Shop,8,4,3.3,0,16,True,27.51
2026-01-26 17:00:00,Canteen,9,6,2.45,0,17,True,26.24
2026-01-26 17:00:00,Library,13,8,5.42,0,17,True,90.2
2026-01-26 17:00:00,Computer Lab,9,1,3.99,0,17,True,45.6
2026-01-26 17:00:00,Admin Office,4,7,4.83,0,17,True,14.97
2026-01-26 17:15:00,Printing Shop,7,1,3.73,0,17,True,26.73
2026-01-26 17:15:00,Canteen,17,8,2.91,0,17,True,66.97
2026-01-26 17:15:00,Library,10,7,3.6,0,17,True,41.2
2026-01-26 17:30:00,Admin Office,5,7,4.84,0,17,True,25.04
2026-01-26 17:30:00,Bus Stop,28,3,1.48,0,17,True,48.75
2026-01-26 17:45:00,Printing Shop,4,6,1.9,0,17,True,12.72
2026-01-26 17:45:00,Admin Office,2,6,5.77,0,17,True,7.09
2026-01-27 08:00:00,Bus Stop,28,10,1.58,1,8,False,37.29
2026-01-27 08:15:00,Computer Lab,5,8,4.4,1,8,False,26.16
2026-01-27 08:15:00,Bus Stop,18,2,1.06,1,8,False,13.02
2026-01-27 08:15:00,Canteen,10,9,3.34,1,8,False,29.99
2026-01-27 08:15:00,Bus Stop,23,5,1.44,1,8,False,26.64
2026-01-27 08:30:00,Computer Lab,10,7,3.08,1,8,False,32.26
2026-01-27 08:30:00,Computer Lab,8,4,2.34,1,8,False,18.6
2026-01-27 08:30:00,Bus Stop,32,4,1.93,1,8,False,56.1
2026-01-27 08:30:00,Admin Office,6,9,2.19,1,8,False,7.66
2026-01-27 08:30:00,Computer Lab,7,7,1.38,1,8,False,16.4
2026-01-27 08:45:00,Canteen,12,1,1.87,1,8,False,17.52
2026-01-27 08:45:00,Admin Office,0,6,5.4,1,8,False,1.03
2026-01-27 08:45:00,Bus Stop,25,5,1.72,1,8,False,37.88
2026-01-27 08:45:00,Computer Lab,12,3,3.92,1,8,False,39.05
2026-01-27 09:00:00,Admin Office,3,2,4.73,1,9,False,19.92
2026-01-27 09:45:00,Admin Office,1,5,4.52,1,9,False,12.21
2026-01-27 09:45:00,Library,7,8,3.78,1,9,False,28.93
2026-01-27 09:45:00,Bus Stop,21,6,0.96,1,9,False,16.24
2026-01-27 10:00:00,Computer Lab,8,2,4.85,1,10,True,44.86
2026-01-27 10:00:00,Library,12,3,4.13,1,10,True,51.61
2026-01-27 10:15:00,Printing Shop,3,10,4.22,1,10,True,16.29
2026-01-27 10:30:00,Computer Lab,17,7,2.9,1,10,True,57.43
2026-01-27 10:30:00,Printing Shop,7,7,2.92,1,10,True,26.13
2026-01-27 10:30:00,Printing Shop,3,7,3.33,1,10,True,5.3
2026-01-27 10:30:00,Canteen,10,2,1.92,1,10,True,26.51
2026-01-27 10:30:00,Printing Shop,8,9,3.45,1,10,True,35.89
2026-01-27 10:45:00,Bus Stop,13,10,1.84,1,10,True,36.19
2026-01-27 10:45:00,Library,11,3,4.86,1,10,True,67.17
2026-01-27 11:00:00,Admin Office,6,8,4.33,1,11,True,32.98
2026-01-27 11:00:00,Computer Lab,12,9,4.45,1,11,True,69.97
2026-01-27 11:15:00,Library,9,2,4.77,1,11,True,47.67
2026-01-27 11:15:00,Printing Shop,5,6,1.78,1,11,True,13.09
2026-01-27 11:30:00,Admin Office,7,1,4.92,1,11,True,45.71
2026-01-27 11:30:00,Admin Office,9,9,5.05,1,11,True,54.25
2026-01-27 11:45:00,Computer Lab,10,4,3.49,1,11,True,40.73
2026-01-27 11:45:00,Computer Lab,16,2,3.13,1,11,True,49.93
2026-01-27 11:45:00,Computer Lab,12,2,2.89,1,11,True,42.59
2026-01-27 12:00:00,Admin Office,9,6,5.15,1,12,True,44.47
2026-01-27 12:00:00,Bus Stop,9,7,1.2,1,12,True,11.97
2026-01-27 12:00:00,Library,5,8,4.49,1,12,True,35.27
2026-01-27 12:15:00,Admin Office,3,7,4.94,1,12,True,21.91
2026-01-27 12:30:00,Computer Lab,11,8,2.34,1,12,True,30.21
2026-01-27 12:30:00,Admin Office,5,7,3.95,1,12,True,19.66
2026-01-27 12:45:00,Library,4,8,4.63,1,12,True,16.13
2026-01-27 12:45:00,Computer Lab,12,10,3.73,1,12,True,49.35
2026-01-27 13:00:00,Printing Shop,4,6,2.91,1,13,True,16.08
2026-01-27 13:00:00,Admin Office,3,1,5.66,1,13,True,16.94
2026-01-27 13:00:00,Bus Stop,24,7,1.83,1,13,True,51.43
2026-01-27 13:00:00,Computer Lab,7,2,3.7,1,13,True,33.18
2026-01-27 13:00:00,Computer Lab,8,5,3.8,1,13,True,41.98
2026-01-27 13:15:00,Computer Lab,8,3,3.26,1,13,True,34.34
2026-01-27 13:15:00,Library,7,4,3.02,1,13,True,17.1
2026-01-27 13:30:00,Bus Stop,12,3,1.7,1,13,True,32.88
2026-01-27 13:45:00,Bus Stop,16,3,1.27,1,13,True,15.22
2026-01-27 14:00:00,Computer Lab,14,1,2.63,1,14,True,39.38
2026-01-27 14:00:00,Computer Lab,7,6,3.27,1,14,True,27.59
2026-01-27 14:00:00,Library,11,9,3.21,1,14,True,44.22
2026-01-27 14:00:00,Canteen,28,7,2.83,1,14,True,93.76
2026-01-27 14:00:00,Printing Shop,5,5,2.3,1,14,True,19.15
2026-01-27 14:15:00,Computer Lab,9,6,2.77,1,14,True,21.14
2026-01-27 14:30:00,Printing Shop,0,9,3.48,1,14,True,7.19
2026-01-27 14:30:00,Library,11,7,3.56,1,14,True,43.34
2026-01-27 14:45:00,Bus Stop,24,10,1.6,1,14,True,47.87
2026-01-27 14:45:00,Computer Lab,10,8,3.33,1,14,True,42.54
2026-01-27 15:00:00,Library,7,3,4.96,1,15,False,35.51
2026-01-27 15:00:00,Computer Lab,10,7,4.71,1,15,False,54.73
2026-01-27 15:00:00,Computer Lab,5,3,4.34,1,15,False,29.06
2026-01-27 15:00:00,Printing Shop,9,9,2.31,1,15,False,19.65
2026-01-27 15:15:00,Bus Stop,11,6,1.15,1,15,False,10.92
2026-01-27 15:30:00,Admin Office,5,1,4.83,1,15,False,24.88
2026-01-27 15:30:00,Computer Lab,14,8,4.82,1,15,False,62.56
2026-01-27 15:45:00,Printing Shop,11,1,4.07,1,15,False,37.97
2026-01-27 15:45:00,Admin Office,1,10,5.81,1,15,False,11.58
2026-01-27 15:45:00,Bus Stop,13,2,1.21,1,15,False,16.78
2026-01-27 15:45:00,Canteen,11,3,2.49,1,15,False,22.85
2026-01-27 16:00:00,Computer Lab,14,2,3.47,1,16,True,57.23
2026-01-27 16:00:00,Computer Lab,15,2,3.76,1,16,True,73.1
2026-01-27 16:00:00,Computer Lab,11,6,2.4,1,16,True,26.07
2026-01-27 16:00:00,Library,13,7,3.06,1,16,True,49.84
2026-01-27 16:00:00,Bus Stop,22,6,1.67,1,16,True,37.37
2026-01-27 16:15:00,Computer Lab,14,8,2.08,1,16,True,34.47
2026-01-27 16:15:00,Bus Stop,30,5,1.32,1,16,True,49.54
2026-01-27 16:30:00,Bus Stop,30,7,1.4,1,16,True,54.09
2026-01-27 16:45:00,Computer Lab,14,10,3.06,1,16,True,44.28
2026-01-27 16:45:00,Canteen,8,8,2.49,1,16,True,13.82
2026-01-27 16:45:00,Printing Shop,12,1,3.19,1,16,True,51.18
2026-01-27 17:00:00,Library,5,7,4.63,1,17,True,31.43
2026-01-27 17:15:00,Canteen,12,8,2.84,1,17,True,46.84
2026-01-27 17:15:00,Computer Lab,7,9,3.8,1,17,True,34.05
2026-01-27 17:15:00,Library,8,4,4.88,1,17,True,44.64
2026-01-27 17:30:00,Printing Shop,9,4,3.91,1,17,True,33.63
2026-01-27 17:30:00,Printing Shop,9,4,2.2,1,17,True,19.46
2026-01-27 17:30:00,Printing Shop,9,8,3.17,1,17,True,41.04
2026-01-27 17:30:00,Admin Office,5,9,4.55,1,17,True,23.35
2026-01-27 17:45:00,Library,12,2,4.19,1,17,True,57.28
2026-01-27 17:45:00,Canteen,14,2,1.65,1,17,True,21.89
2026-01-28 08:00:00,Bus Stop,35,5,0.93,2,8,False,24.68
2026-01-28 08:00:00,Admin Office,3,10,5.85,2,8,False,22.33
2026-01-28 08:00:00,Canteen,9,2,2.83,2,8,False,26.85
2026-01-28 08:00:00,Bus Stop,12,2,1.39,2,8,False,22.37
2026-01-28 08:15:00,Canteen,13,10,2.65,2,8,False,27.4
2026-01-28 08:15:00,Canteen,13,7,3.24,2,8,False,48.59
2026-01-28 08:30:00,Canteen,8,1,2.62,2,8,False,24.93
2026-01-28 08:30:00,Bus Stop,14,5,1.36,2,8,False,13.69
2026-01-28 08:30:00,Computer Lab,5,2,3.55,2,8,False,21.5
2026-01-28 08:45:00,Computer Lab,8,10,3.47,2,8,False,21.36
2026-01-28 09:00:00,Computer Lab,8,3,2.01,2,9,False,9.82
2026-01-28 09:00:00,Computer Lab,4,7,2.93,2,9,False,10.74
2026-01-28 09:15:00,Canteen,7,1,2.26,2,9,False,22.15
2026-01-28 09:15:00,Canteen,9,5,2.97,2,9,False,21.76
2026-01-28 09:15:00,Bus Stop,26,3,1.69,2,9,False,37.08
2026-01-28 09:15:00,Admin Office,7,7,3.47,2,9,False,17.14
2026-01-28 09:15:00,Library,7,3,3.71,2,9,False,26.51
2026-01-28 09:15:00,Bus Stop,26,4,1.62,2,9,False,42.58
2026-01-28 09:30:00,Admin Office,4,10,4.99,2,9,False,16.52
2026-01-28 09:30:00,Admin Office,6,2,5.66,2,9,False,27.68
2026-01-28 09:45:00,Bus Stop,23,7,1.43,2,9,False,28.18
2026-01-28 09:45:00,Computer Lab,6,3,3.12,2,9,False,12.63
2026-01-28 09:45:00,Library,6,5,4.01,2,9,False,21.57
2026-01-28 10:30:00,Library,6,9,3.31,2,10,True,22.06
2026-01-28 10:30:00,Canteen,12,8,1.82,2,10,True,30.7
2026-01-28 10:45:00,Computer Lab,14,4,3.47,2,10,True,49.46
2026-01-28 10:45:00,Canteen,8,2,2.77,2,10,True,23.13
2026-01-28 10:45:00,Admin Office,6,3,3.78,2,10,True,22.87
2026-01-28 11:00:00,Library,12,5,5.37,2,11,True,65.17
2026-01-28 11:00:00,Canteen,11,4,2.95,2,11,True,29.04
2026-01-28 11:45:00,Bus Stop,17,10,1.2,2,11,True,20.39
2026-01-28 11:45:00,Computer Lab,18,4,3.91,2,11,True,81.41
2026-01-28 12:00:00,Canteen,21,9,2.05,2,12,True,55.14
2026-01-28 12:15:00,Computer Lab,12,9,2.32,2,12,True,35.58
2026-01-28 12:15:00,Library,6,5,3.22,2,12,True,28.11
2026-01-28 12:15:00,Printing Shop,5,9,2.02,2,12,True,5.92
2026-01-28 12:15:00,Library,5,2,4.26,2,12,True,18.09
2026-01-28 12:15:00,Canteen,23,7,2.73,2,12,True,67.93
2026-01-28 12:30:00,Bus Stop,12,5,1.54,2,12,True,16.09
2026-01-28 12:30:00,Library,6,8,4.32,2,12,True,25.78
2026-01-28 12:30:00,Library,6,6,4.81,2,12,True,24.29
2026-01-28 12:30:00,Canteen,31,8,2.26,2,12,True,78.35
2026-01-28 12:45:00,Printing Shop,9,7,3.96,2,12,True,33.74
2026-01-28 13:00:00,Library,7,7,2.98,2,13,True,26.79
2026-01-28 13:15:00,Library,6,9,4.33,2,13,True,31.96
2026-01-28 13:15:00,Canteen,31,9,1.75,2,13,True,52.39
2026-01-28 13:15:00,Admin Office,5,6,3.93,2,13,True,17.45
2026-01-28 13:30:00,Computer Lab,6,3,3.95,2,13,True,20.12
2026-01-28 13:30:00,Library,5,1,4.97,2,13,True,31.36
2026-01-28 13:30:00,Library,7,2,5.33,2,13,True,32.78
2026-01-28 13:45:00,Bus Stop,14,3,2.03,2,13,True,28.76
2026-01-28 14:00:00,Printing Shop,6,7,2.4,2,14,True,21.32
2026-01-28 14:00:00,Admin Office,4,9,4.85,2,14,True,21.05
2026-01-28 14:00:00,Canteen,37,8,2.9,2,14,True,109.08
2026-01-28 14:00:00,Computer Lab,14,6,4.52,2,14,True,67.05
2026-01-28 14:00:00,Printing Shop,3,6,3.52,2,14,True,9.34
2026-01-28 14:15:00,Library,13,1,3.05,2,14,True,47.18
2026-01-28 14:15:00,Bus Stop,15,4,1.98,2,14,True,33.91
2026-01-28 14:30:00,Canteen,23,6,3.3,2,14,True,82.52
2026-01-28 14:30:00,Library,7,8,3.74,2,14,True,32.87
2026-01-28 14:45:00,Admin Office,4,4,5.19,2,14,True,29.16
2026-01-28 14:45:00,Bus Stop,17,8,1.43,2,14,True,21.76
2026-01-28 14:45:00,Computer Lab,8,7,2.39,2,14,True,25.5
2026-01-28 14:45:00,Admin Office,4,8,5.55,2,14,True,23.48
2026-01-28 15:00:00,Canteen,7,8,3.0,2,15,False,20.8
2026-01-28 15:00:00,Computer Lab,11,2,3.6,2,15,False,35.91
2026-01-28 15:00:00,Canteen,7,10,2.61,2,15,False,19.09
2026-01-28 15:15:00,Admin Office,4,7,4.53,2,15,False,16.45
2026-01-28 15:30:00,Computer Lab,11,6,2.73,2,15,False,32.95
2026-01-28 15:30:00,Bus Stop,11,4,1.86,2,15,False,15.14
2026-01-28 15:30:00,Bus Stop,13,3,1.23,2,15,False,15.92
2026-01-28 15:30:00,Bus Stop,7,5,1.1,2,15,False,15.6
2026-01-28 15:45:00,Bus Stop,14,6,1.81,2,15,False,18.52
2026-01-28 15:45:00,Canteen,10,5,2.83,2,15,False,24.91
2026-01-28 15:45:00,Canteen,9,4,1.86,2,15,False,24.68
2026-01-28 16:00:00,Canteen,17,9,2.67,2,16,True,53.65
2026-01-28 16:00:00,Bus Stop,41,4,2.11,2,16,True,89.8
2026-01-28 16:00:00,Canteen,21,3,2.97,2,16,True,74.15
2026-01-28 16:15:00,Printing Shop,7,5,2.81,2,16,True,19.94
2026-01-28 16:15:00,Bus Stop,30,4,1.55,2,16,True,53.55
2026-01-28 16:15:00,Canteen,16,6,2.27,2,16,True,38.09
2026-01-28 16:30:00,Computer Lab,16,8,2.89,2,16,True,60.97
2026-01-28 16:30:00,Computer Lab,13,4,3.92,2,16,True,55.32
2026-01-28 16:45:00,Library,10,5,2.71,2,16,True,28.41
2026-01-28 16:45:00,Bus Stop,27,10,1.52,2,16,True,41.89
2026-01-28 17:15:00,Bus Stop,30,4,1.6,2,17,True,50.41
2026-01-28 17:30:00,Library,13,10,4.41,2,17,True,59.29
2026-01-28 17:30:00,Bus Stop,42,5,1.57,2,17,True,85.08
2026-01-28 17:30:00,Printing Shop,8,7,3.71,2,17,True,27.3
2026-01-29 08:00:00,Bus Stop,22,7,1.63,3,8,False,38.96
2026-01-29 08:15:00,Canteen,10,5,2.43,3,8,False,23.35
2026-01-29 08:45:00,Bus Stop,27,6,1.36,3,8,False,32.25
2026-01-29 09:00:00,Computer Lab,9,10,3.09,3,9,False,28.69
2026-01-29 09:15:00,Canteen,8,2,2.59,3,9,False,28.22
2026-01-29 09:30:00,Printing Shop,4,3,3.19,3,9,False,18.59
2026-01-29 09:30:00,Canteen,11,4,2.13,3,9,False,24.05
2026-01-29 09:30:00,Canteen,10,7,2.41,3,9,False,31.66
2026-01-29 09:30:00,Bus Stop,22,9,1.59,3,9,False,31.63
2026-01-29 09:30:00,Bus Stop,32,8,1.44,3,9,False,49.61
2026-01-29 09:45:00,Canteen,13,9,2.13,3,9,False,24.48
2026-01-29 10:00:00,Computer Lab,10,5,3.14,3,10,True,37.11
2026-01-29 10:00:00,Bus Stop,14,1,2.03,3,10,True,30.76
2026-01-29 10:00:00,Library,7,9,3.85,3,10,True,25.51
2026-01-29 10:15:00,Computer Lab,11,7,3.74,3,10,True,46.67
2026-01-29 10:15:00,Library,13,9,4.7,3,10,True,62.14
2026-01-29 10:15:00,Admin Office,7,9,5.05,3,10,True,48.59
2026-01-29 10:15:00,Bus Stop,12,1,1.19,3,10,True,23.66
2026-01-29 10:30:00,Bus Stop,15,6,1.43,3,10,True,33.46
2026-01-29 10:30:00,Admin Office,6,10,4.12,3,10,True,31.47
2026-01-29 10:30:00,Computer Lab,11,3,3.08,3,10,True,33.46
2026-01-29 10:45:00,Admin Office,5,6,3.81,3,10,True,13.29
2026-01-29 10:45:00,Bus Stop,13,4,1.47,3,10,True,24.84
2026-01-29 10:45:00,Library,14,1,3.43,3,10,True,53.68
2026-01-29 10:45:00,Bus Stop,9,6,2.11,3,10,True,23.31
2026-01-29 10:45:00,Bus Stop,14,2,1.79,3,10,True,21.88
2026-01-29 11:00:00,Computer Lab,6,6,5.14,3,11,True,36.95
2026-01-29 11:00:00,Bus Stop,8,5,1.83,3,11,True,23.6
2026-01-29 11:15:00,Library,8,4,4.33,3,11,True,41.11
2026-01-29 11:15:00,Canteen,11,10,3.25,3,11,True,34.98
2026-01-29 11:15:00,Canteen,8,10,3.74,3,11,True,33.09
2026-01-29 11:30:00,Printing Shop,7,8,3.03,3,11,True,24.02
2026-01-29 11:30:00,Canteen,10,5,1.96,3,11,True,18.35
2026-01-29 11:30:00,Library,9,1,4.78,3,11,True,58.18
2026-01-29 12:00:00,Library,11,6,4.22,3,12,True,57.92
2026-01-29 12:00:00,Printing Shop,4,3,2.98,3,12,True,9.09
2026-01-29 12:30:00,Computer Lab,11,2,2.16,3,12,True,23.46
2026-01-29 12:30:00,Computer Lab,9,9,3.25,3,12,True,30.18
2026-01-29 12:30:00,Printing Shop,7,9,4.07,3,12,True,38.18
2026-01-29 12:30:00,Computer Lab,9,9,2.81,3,12,True,27.93
2026-01-29 12:30:00,Library,9,9,4.96,3,12,True,48.81
2026-01-29 12:45:00,Bus Stop,14,1,1.67,3,12,True,20.58
2026-01-29 13:00:00,Admin Office,3,7,4.81,3,13,True,14.77
2026-01-29 13:00:00,Canteen,26,6,2.5,3,13,True,79.76
2026-01-29 13:15:00,Canteen,22,6,1.89,3,13,True,49.36
2026-01-29 13:15:00,Computer Lab,7,2,4.28,3,13,True,25.9
2026-01-29 13:30:00,Admin Office,2,7,5.89,3,13,True,13.25
2026-01-29 13:45:00,Computer Lab,6,10,3.17,3,13,True,27.57
2026-01-29 14:00:00,Library,8,5,4.5,3,14,True,42.37
2026-01-29 14:00:00,Canteen,27,1,2.87,3,14,True,92.91
2026-01-29 14:00:00,Admin Office,7,6,4.24,3,14,True,41.4
2026-01-29 14:00:00,Admin Office,9,5,4.02,3,14,True,34.76
2026-01-29 14:00:00,Admin Office,6,4,5.67,3,14,True,34.45
2026-01-29 14:00:00,Computer Lab,12,4,4.59,3,14,True,66.62
2026-01-29 14:15:00,Computer Lab,17,9,1.68,3,14,True,29.04
2026-01-29 14:15:00,Computer Lab,11,8,3.63,3,14,True,51.45
2026-01-29 14:15:00,Computer Lab,15,2,2.89,3,14,True,57.69
2026-01-29 14:15:00,Computer Lab,15,10,3.52,3,14,True,50.29
2026-01-29 14:15:00,Computer Lab,14,6,2.85,3,14,True,39.03
2026-01-29 14:30:00,Canteen,12,8,2.25,3,14,True,37.05
2026-01-29 14:30:00,Canteen,25,7,1.95,3,14,True,56.72
2026-01-29 14:30:00,Canteen,24,4,2.64,3,14,True,83.91
2026-01-29 14:45:00,Computer Lab,12,2,3.67,3,14,True,49.53
2026-01-29 14:45:00,Printing Shop,2,9,3.33,3,14,True,13.39
2026-01-29 14:45:00,Admin Office,7,10,6.77,3,14,True,50.69
2026-01-29 14:45:00,Printing Shop,6,7,3.49,3,14,True,25.58
2026-01-29 15:00:00,Canteen,8,10,1.71,3,15,False,18.44
2026-01-29 15:00:00,Canteen,9,5,2.5,3,15,False,23.91
2026-01-29 15:30:00,Bus Stop,7,6,1.7,3,15,False,14.06
2026-01-29 15:30:00,Canteen,8,2,3.37,3,15,False,19.32
2026-01-29 15:30:00,Canteen,14,8,2.29,3,15,False,30.29
2026-01-29 15:45:00,Printing Shop,6,10,2.86,3,15,False,15.0
2026-01-29 15:45:00,Printing Shop,8,4,2.96,3,15,False,24.76
2026-01-29 15:45:00,Library,12,8,4.33,3,15,False,46.03
2026-01-29 16:15:00,Canteen,8,3,2.71,3,16,True,16.55
2026-01-29 16:30:00,Computer Lab,12,3,3.07,3,16,True,41.24
2026-01-29 16:30:00,Admin Office,4,6,3.13,3,16,True,6.79
2026-01-29 16:45:00,Canteen,9,6,3.25,3,16,True,38.86
2026-01-29 16:45:00,Canteen,13,6,1.99,3,16,True,35.43
2026-01-29 16:45:00,Printing Shop,6,7,3.88,3,16,True,24.78
2026-01-29 16:45:00,Library,13,6,2.95,3,16,True,41.09
2026-01-29 17:00:00,Printing Shop,9,2,3.33,3,17,True,28.83
2026-01-29 17:00:00,Printing Shop,13,2,3.01,3,17,True,47.5
2026-01-29 17:15:00,Admin Office,4,3,5.75,3,17,True,30.99
2026-01-29 17:15:00,Bus Stop,33,7,2.17,3,17,True,77.43
2026-01-29 17:30:00,Printing Shop,13,3,3.74,3,17,True,47.32
2026-01-29 17:30:00,Admin Office,4,6,6.43,3,17,True,22.82
2026-01-29 17:45:00,Computer Lab,6,7,3.16,3,17,True,20.14
2026-01-29 17:45:00,Printing Shop,6,9,3.22,3,17,True,23.05
2026-01-30 08:00:00,Canteen,8,2,2.76,4,8,False,18.06
2026-01-30 08:00:00,Printing Shop,7,1,2.54,4,8,False,24.58
2026-01-30 08:00:00,Printing Shop,4,1,2.67,4,8,False,6.0
2026-01-30 08:00:00,Printing Shop,7,9,3.43,4,8,False,31.22
2026-01-30 08:15:00,Printing Shop,4,3,3.29,4,8,False,12.56
2026-01-30 08:15:00,Canteen,11,6,2.36,4,8,False,31.43
2026-01-30 08:30:00,Canteen,11,7,1.57,4,8,False,18.97
2026-01-30 08:30:00,Printing Shop,5,6,2.72,4,8,False,21.44
2026-01-30 08:30:00,Bus Stop,22,7,1.94,4,8,False,35.48
2026-01-30 08:45:00,Library,5,2,2.24,4,8,False,12.33
2026-01-30 08:45:00,Canteen,10,3,2.7,4,8,False,33.5
2026-01-30 09:00:00,Printing Shop,3,3,3.03,4,9,False,1.57
2026-01-30 09:00:00,Printing Shop,5,1,3.23,4,9,False,20.05
2026-01-30 09:15:00,Canteen,13,10,2.66,4,9,False,32.02
2026-01-30 09:45:00,Computer Lab,5,4,3.35,4,9,False,16.49
2026-01-30 09:45:00,Canteen,7,9,2.78,4,9,False,13.24
2026-01-30 10:00:00,Library,9,2,4.24,4,10,True,39.07
2026-01-30 10:30:00,Library,9,10,4.17,4,10,True,37.09
2026-01-30 10:30:00,Bus Stop,11,8,1.78,4,10,True,19.73
2026-01-30 10:30:00,Canteen,6,6,2.59,4,10,True,14.02
2026-01-30 10:45:00,Computer Lab,17,2,4.78,4,10,True,91.65
2026-01-30 10:45:00,Printing Shop,11,7,2.82,4,10,True,31.44
2026-01-30 11:00:00,Bus Stop,15,1,0.8,4,11,True,12.57
2026-01-30 11:00:00,Computer Lab,9,4,3.06,4,11,True,21.96
2026-01-30 11:00:00,Bus Stop,12,1,0.99,4,11,True,8.1
2026-01-30 11:15:00,Bus Stop,4,10,1.78,4,11,True,6.75
2026-01-30 11:30:00,Admin Office,6,4,6.1,4,11,True,46.54
2026-01-30 11:30:00,Printing Shop,8,5,1.88,4,11,True,15.37
2026-01-30 11:30:00,Bus Stop,15,3,1.44,4,11,True,31.22
2026-01-30 11:45:00,Bus Stop,8,3,1.82,4,11,True,13.5
2026-01-30 11:45:00,Canteen,14,9,1.85,4,11,True,28.6
2026-01-30 12:00:00,Admin Office,6,10,5.3,4,12,True,32.57
2026-01-30 12:15:00,Canteen,18,5,2.39,4,12,True,48.85
2026-01-30 12:15:00,Admin Office,7,7,4.62,4,12,True,38.05
2026-01-30 12:30:00,Computer Lab,10,4,3.52,4,12,True,43.0
2026-01-30 12:30:00,Printing Shop,9,7,4.1,4,12,True,37.1
2026-01-30 12:45:00,Library,8,5,3.77,4,12,True,26.09
2026-01-30 12:45:00,Canteen,24,7,2.48,4,12,True,75.03
2026-01-30 12:45:00,Bus Stop,16,6,1.21,4,12,True,18.06
2026-01-30 12:45:00,Printing Shop,5,8,1.89,4,12,True,18.28
2026-01-30 13:00:00,Canteen,21,10,2.9,4,13,True,65.54
2026-01-30 13:00:00,Admin Office,4,8,4.56,4,13,True,22.04
2026-01-30 13:00:00,Printing Shop,3,5,2.68,4,13,True,1.59
2026-01-30 13:15:00,Computer Lab,9,10,3.99,4,13,True,36.01
2026-01-30 13:15:00,Admin Office,4,2,4.97,4,13,True,32.78
2026-01-30 13:15:00,Library,7,3,3.74,4,13,True,35.73
2026-01-30 13:15:00,Printing Shop,5,6,3.41,4,13,True,15.6
2026-01-30 13:30:00,Computer Lab,4,8,2.54,4,13,True,11.46
2026-01-30 13:45:00,Library,3,4,2.9,4,13,True,7.34
2026-01-30 13:45:00,Printing Shop,4,5,2.61,4,13,True,20.66
2026-01-30 13:45:00,Computer Lab,7,7,3.09,4,13,True,28.33
2026-01-30 14:00:00,Canteen,20,8,2.5,4,14,True,51.99
2026-01-30 14:15:00,Admin Office,6,10,5.42,4,14,True,41.37
2026-01-30 14:15:00,Bus Stop,17,7,1.49,4,14,True,32.06
2026-01-30 14:15:00,Bus Stop,16,4,1.17,4,14,True,15.08
2026-01-30 14:30:00,Bus Stop,12,2,1.73,4,14,True,17.37
2026-01-30 14:45:00,Canteen,31,3,2.48,4,14,True,92.93
2026-01-30 14:45:00,Printing Shop,3,9,3.6,4,14,True,20.23
2026-01-30 14:45:00,Printing Shop,7,8,3.19,4,14,True,32.09
2026-01-30 14:45:00,Canteen,23,10,3.0,4,14,True,84.56
2026-01-30 14:45:00,Canteen,26,3,2.84,4,14,True,72.26
2026-01-30 15:00:00,Library,8,9,4.91,4,15,False,40.3
2026-01-30 15:00:00,Bus Stop,10,10,1.5,4,15,False,22.01
2026-01-30 15:00:00,Admin Office,8,9,6.12,4,15,False,48.96
2026-01-30 15:15:00,Bus Stop,10,9,1.23,4,15,False,5.01
2026-01-30 15:15:00,Computer Lab,8,7,3.95,4,15,False,26.61
2026-01-30 15:15:00,Library,13,9,3.69,4,15,False,51.17
2026-01-30 15:15:00,Library,12,1,3.38,4,15,False,41.7
2026-01-30 15:15:00,Printing Shop,7,9,2.51,4,15,False,18.22
2026-01-30 15:15:00,Printing Shop,6,5,3.44,4,15,False,20.11
2026-01-30 15:30:00,Canteen,12,3,2.71,4,15,False,29.86
2026-01-30 15:30:00,Printing Shop,6,3,3.18,4,15,False,27.0
2026-01-30 15:45:00,Library,12,8,3.42,4,15,False,39.08
2026-01-30 16:00:00,Computer Lab,16,3,2.29,4,16,True,37.71
2026-01-30 16:00:00,Canteen,15,6,3.11,4,16,True,54.0
2026-01-30 16:00:00,Admin Office,4,2,4.3,4,16,True,15.85
2026-01-30 16:15:00,Printing Shop,7,2,3.35,4,16,True,17.85
2026-01-30 16:45:00,Canteen,15,7,2.27,4,16,True,43.14
2026-01-30 16:45:00,Admin Office,10,8,5.56,4,16,True,54.87
2026-01-30 16:45:00,Library,6,6,3.03,4,16,True,19.6
2026-01-30 17:00:00,Computer Lab,5,5,2.85,4,17,True,11.45
2026-01-30 17:15:00,Admin Office,7,9,5.04,4,17,True,49.67
2026-01-30 17:15:00,Library,13,1,3.68,4,17,True,47.86
2026-01-30 17:15:00,Canteen,15,5,1.97,4,17,True,34.32
2026-01-30 17:30:00,Bus Stop,26,8,1.5,4,17,True,38.47
2026-01-30 17:30:00,Printing Shop,8,3,4.09,4,17,True,39.46
2026-01-30 17:45:00,Canteen,11,6,3.04,4,17,True,32.21
2026-01-30 17:45:00,Admin Office,3,3,4.14,4,17,True,22.83
2026-01-31 08:00:00,Printing Shop,1,9,3.42,5,8,False,0.0
2026-01-31 08:00:00,Library,7,3,3.46,5,8,False,26.74
2026-01-31 08:15:00,Bus Stop,14,1,1.72,5,8,False,30.1
2026-01-31 08:15:00,Admin Office,0,9,5.01,5,8,False,0.54
2026-01-31 08:30:00,Printing Shop,2,1,3.77,5,8,False,7.13
2026-01-31 08:45:00,Admin Office,3,7,5.17,5,8,False,15.25
2026-01-31 08:45:00,Computer Lab,4,2,3.88,5,8,False,18.82
2026-01-31 08:45:00,Computer Lab,4,7,3.37,5,8,False,10.44
2026-01-31 09:00:00,Canteen,6,6,2.62,5,9,False,20.71
2026-01-31 09:00:00,Canteen,7,8,1.69,5,9,False,10.64
2026-01-31 09:00:00,Printing Shop,1,2,2.96,5,9,False,8.33
2026-01-31 09:15:00,Library,4,4,2.88,5,9,False,18.54
2026-01-31 09:15:00,Admin Office,1,3,3.38,5,9,False,5.07
2026-01-31 09:15:00,Admin Office,5,2,5.96,5,9,False,26.81
2026-01-31 09:30:00,Admin Office,1,6,5.15,5,9,False,6.82
2026-01-31 09:30:00,Printing Shop,2,1,2.23,5,9,False,8.79
2026-01-31 09:30:00,Printing Shop,1,3,2.3,5,9,False,0.0
2026-01-31 09:30:00,Printing Shop,4,3,4.27,5,9,False,9.26
2026-01-31 09:45:00,Bus Stop,13,6,1.75,5,9,False,21.16
2026-01-31 10:00:00,Library,5,9,3.94,5,10,True,27.06
2026-01-31 10:00:00,Bus Stop,4,5,2.09,5,10,True,11.3
2026-01-31 10:00:00,Admin Office,2,5,5.21,5,10,True,10.3
2026-01-31 10:15:00,Library,4,7,3.25,5,10,True,9.5
2026-01-31 11:00:00,Admin Office,3,9,3.8,5,11,True,10.12
2026-01-31 11:00:00,Printing Shop,2,5,2.56,5,11,True,0.17
2026-01-31 11:00:00,Bus Stop,5,1,1.67,5,11,True,15.32
2026-01-31 11:00:00,Canteen,10,2,2.44,5,11,True,21.17
2026-01-31 11:15:00,Library,5,3,2.42,5,11,True,5.26
2026-01-31 11:15:00,Canteen,5,1,2.38,5,11,True,15.0
2026-01-31 11:30:00,Bus Stop,7,5,2.0,5,11,True,14.7
2026-01-31 11:30:00,Printing Shop,4,2,1.67,5,11,True,1.01
2026-01-31 11:30:00,Computer Lab,7,2,3.75,5,11,True,29.34
2026-01-31 11:45:00,Printing Shop,7,1,3.3,5,11,True,25.7
2026-01-31 11:45:00,Library,4,9,5.38,5,11,True,29.06
2026-01-31 11:45:00,Printing Shop,1,3,3.26,5,11,True,2.57
2026-01-31 12:00:00,Bus Stop,6,6,1.76,5,12,True,4.62
2026-01-31 12:00:00,Computer Lab,3,4,5.15,5,12,True,9.13
2026-01-31 12:30:00,Computer Lab,8,3,2.46,5,12,True,31.66
2026-01-31 13:00:00,Computer Lab,1,9,4.28,5,13,True,0.0
2026-01-31 13:30:00,Canteen,16,3,2.83,5,13,True,50.67
2026-01-31 13:30:00,Bus Stop,11,3,1.24,5,13,True,23.59
2026-01-31 13:45:00,Admin Office,3,9,5.16,5,13,True,19.61
2026-01-31 13:45:00,Library,6,1,5.83,5,13,True,42.53
2026-01-31 13:45:00,Canteen,22,5,2.01,5,13,True,46.78
2026-01-31 13:45:00,Library,3,1,4.08,5,13,True,21.03
2026-01-31 14:00:00,Admin Office,2,6,3.71,5,14,True,16.84
2026-01-31 14:15:00,Canteen,10,4,2.43,5,14,True,31.59
2026-01-31 14:15:00,Canteen,19,3,3.1,5,14,True,62.37
2026-01-31 14:30:00,Canteen,17,6,1.98,5,14,True,40.43
2026-01-31 14:30:00,Admin Office,1,6,6.14,5,14,True,5.41
2026-01-31 14:30:00,Library,7,4,2.9,5,14,True,20.87
2026-01-31 14:30:00,Bus Stop,10,4,1.91,5,14,True,31.57
2026-01-31 14:45:00,Computer Lab,3,10,2.81,5,14,True,4.35
2026-01-31 15:15:00,Admin Office,4,10,5.1,5,15,False,19.15
2026-01-31 15:15:00,Canteen,3,3,3.04,5,15,False,13.48
2026-01-31 15:30:00,Canteen,6,2,3.06,5,15,False,12.42
2026-01-31 15:30:00,Canteen,7,7,1.78,5,15,False,19.2
2026-01-31 15:30:00,Bus Stop,6,2,2.32,5,15,False,21.29
2026-01-31 16:00:00,Library,7,6,3.17,5,16,True,17.82
2026-01-31 16:15:00,Library,8,9,4.97,5,16,True,40.06
2026-01-31 16:15:00,Printing Shop,2,4,2.86,5,16,True,14.64
2026-01-31 16:15:00,Admin Office,1,9,5.8,5,16,True,8.88
2026-01-31 16:15:00,Bus Stop,10,3,1.27,5,16,True,7.3
2026-01-31 16:15:00,Computer Lab,6,4,3.64,5,16,True,15.1
2026-01-31 16:45:00,Computer Lab,2,9,3.17,5,16,True,5.4
2026-01-31 16:45:00,Bus Stop,20,6,2.31,5,16,True,42.47
2026-01-31 17:00:00,Library,4,10,5.14,5,17,True,22.28
2026-01-31 17:00:00,Bus Stop,15,2,1.66,5,17,True,19.82
2026-01-31 17:00:00,Printing Shop,6,2,3.77,5,17,True,30.63
2026-01-31 17:15:00,Library,4,8,3.97,5,17,True,19.9
2026-01-31 17:15:00,Library,7,7,2.22,5,17,True,23.94
2026-01-31 17:15:00,Bus Stop,16,5,1.24,5,17,True,22.15
2026-01-31 17:30:00,Library,10,7,3.44,5,17,True,36.4
2026-01-31 17:30:00,Canteen,7,4,2.61,5,17,True,16.43
2026-01-31 17:45:00,Library,9,6,4.28,5,17,True,43.43
2026-01-31 17:45:00,Library,5,4,4.85,5,17,True,19.78
2026-01-31 17:45:00,Printing Shop,3,2,2.51,5,17,True,6.38
2026-01-31 17:45:00,Library,4,10,3.1,5,17,True,5.6
2026-01-31 17:45:00,Library,8,4,3.53,5,17,True,38.65
2026-02-01 08:00:00,Printing Shop,5,5,2.22,6,8,False,6.93
2026-02-01 08:15:00,Printing Shop,1,2,3.16,6,8,False,9.09
2026-02-01 08:30:00,Admin Office,2,7,5.48,6,8,False,16.26
2026-02-01 08:30:00,Computer Lab,2,9,3.16,6,8,False,0.4
2026-02-01 08:30:00,Canteen,4,9,1.79,6,8,False,0.0
2026-02-01 08:30:00,Library,3,7,5.91,6,8,False,21.44
2026-02-01 08:45:00,Admin Office,0,4,3.6,6,8,False,7.39
2026-02-01 08:45:00,Bus Stop,11,3,1.62,6,8,False,14.22
2026-02-01 08:45:00,Computer Lab,6,1,3.69,6,8,False,17.48
2026-02-01 09:00:00,Admin Office,0,8,4.42,6,9,False,0.0
2026-02-01 09:15:00,Admin Office,0,4,2.52,6,9,False,4.36
2026-02-01 09:15:00,Canteen,7,3,2.5,6,9,False,14.16
2026-02-01 09:45:00,Admin Office,2,10,2.67,6,9,False,10.29
2026-02-01 09:45:00,Admin Office,0,9,6.55,6,9,False,2.11
2026-02-01 09:45:00,Bus Stop,15,7,1.51,6,9,False,22.66
2026-02-01 10:00:00,Bus Stop,5,5,1.21,6,10,True,5.96
2026-02-01 10:00:00,Printing Shop,5,3,2.6,6,10,True,20.48
2026-02-01 10:30:00,Printing Shop,1,1,1.98,6,10,True,0.0
2026-02-01 10:45:00,Bus Stop,10,10,2.13,6,10,True,23.88
2026-02-01 11:00:00,Canteen,8,1,3.29,6,11,True,33.55
2026-02-01 11:15:00,Canteen,0,1,2.53,6,11,True,0.0
2026-02-01 11:30:00,Bus Stop,8,9,1.23,6,11,True,17.07
2026-02-01 11:30:00,Printing Shop,9,2,3.48,6,11,True,34.61
2026-02-01 11:30:00,Bus Stop,8,8,1.82,6,11,True,25.05
2026-02-01 11:30:00,Canteen,6,2,1.95,6,11,True,19.18
2026-02-01 11:45:00,Bus Stop,8,10,1.11,6,11,True,14.52
2026-02-01 12:00:00,Bus Stop,8,4,1.49,6,12,True,5.86
2026-02-01 12:00:00,Computer Lab,3,8,4.15,6,12,True,18.23
2026-02-01 12:00:00,Bus Stop,5,6,1.24,6,12,True,7.02
2026-02-01 12:00:00,Admin Office,9,2,2.93,6,12,True,27.83
2026-02-01 12:00:00,Library,5,8,4.29,6,12,True,31.0
2026-02-01 12:00:00,Library,4,3,4.46,6,12,True,15.4
2026-02-01 12:00:00,Admin Office,2,1,6.52,6,12,True,9.99
2026-02-01 12:00:00,Printing Shop,5,5,3.02,6,12,True,21.7
2026-02-01 12:15:00,Admin Office,1,4,5.84,6,12,True,3.31
2026-02-01 12:30:00,Bus Stop,6,5,1.51,6,12,True,13.72
2026-02-01 12:30:00,Admin Office,1,8,5.53,6,12,True,7.03
2026-02-01 12:30:00,Bus Stop,4,4,1.41,6,12,True,8.73
2026-02-01 12:45:00,Admin Office,3,6,5.78,6,12,True,16.57
2026-02-01 12:45:00,Printing Shop,7,5,3.47,6,12,True,35.25
2026-02-01 13:00:00,Bus Stop,16,6,1.94,6,13,True,42.85
2026-02-01 13:00:00,Computer Lab,2,9,3.41,6,13,True,13.73
2026-02-01 13:15:00,Bus Stop,14,10,1.41,6,13,True,26.36
2026-02-01 13:15:00,Canteen,14,3,2.5,6,13,True,29.35
2026-02-01 13:15:00,Library,8,7,3.43,6,13,True,21.4
2026-02-01 13:30:00,Library,3,5,3.49,6,13,True,14.67
2026-02-01 13:30:00,Computer Lab,0,1,2.68,6,13,True,6.87
2026-02-01 13:45:00,Computer Lab,1,4,2.58,6,13,True,11.35
2026-02-01 13:45:00,Printing Shop,0,5,2.48,6,13,True,0.0
2026-02-01 13:45:00,Canteen,10,7,2.64,6,13,True,35.74
2026-02-01 13:45:00,Computer Lab,2,1,2.37,6,13,True,5.0
2026-02-01 13:45:00,Bus Stop,14,7,1.47,6,13,True,22.16
2026-02-01 14:00:00,Bus Stop,15,6,1.64,6,14,True,32.05
2026-02-01 14:15:00,Printing Shop,4,4,2.9,6,14,True,19.91
2026-02-01 14:15:00,Admin Office,4,5,3.94,6,14,True,20.91
2026-02-01 14:15:00,Canteen,15,2,2.87,6,14,True,47.71
2026-02-01 14:15:00,Canteen,9,4,1.95,6,14,True,18.98
2026-02-01 14:15:00,Library,9,3,3.51,6,14,True,42.34
2026-02-01 14:30:00,Computer Lab,9,2,3.88,6,14,True,36.89
2026-02-01 14:30:00,Bus Stop,11,4,1.74,6,14,True,29.49
2026-02-01 14:30:00,Computer Lab,9,8,2.56,6,14,True,20.37
2026-02-01 14:30:00,Computer Lab,5,10,4.43,6,14,True,28.33
2026-02-01 14:45:00,Printing Shop,2,10,2.26,6,14,True,3.57
2026-02-01 15:00:00,Admin Office,2,3,5.37,6,15,False,13.45
2026-02-01 15:00:00,Canteen,5,1,3.15,6,15,False,19.22
2026-02-01 15:00:00,Computer Lab,9,6,3.68,6,15,False,34.78
2026-02-01 15:15:00,Canteen,7,3,1.12,6,15,False,1.95
2026-02-01 15:15:00,Bus Stop,2,10,1.69,6,15,False,0.0
2026-02-01 15:30:00,Library,7,9,4.45,6,15,False,36.09
2026-02-01 15:30:00,Canteen,9,1,3.12,6,15,False,22.56
2026-02-01 15:30:00,Library,10,4,3.83,6,15,False,31.99
2026-02-01 15:45:00,Printing Shop,6,7,2.13,6,15,False,11.19
2026-02-01 16:00:00,Computer Lab,9,9,3.32,6,16,True,30.36
2026-02-01 16:00:00,Library,6,5,3.74,6,16,True,30.18
2026-02-01 16:00:00,Admin Office,4,1,5.06,6,16,True,27.34
2026-02-01 16:15:00,Library,11,2,3.17,6,16,True,42.0
2026-02-01 16:30:00,Canteen,12,2,2.41,6,16,True,26.89
2026-02-01 16:30:00,Canteen,8,3,2.6,6,16,True,14.34
2026-02-01 16:45:00,Bus Stop,8,6,1.09,6,16,True,6.11
2026-02-01 17:00:00,Bus Stop,18,5,1.89,6,17,True,44.11
2026-02-01 17:15:00,Bus Stop,16,5,1.42,6,17,True,22.69
2026-02-01 17:15:00,Computer Lab,5,8,4.13,6,17,True,22.74
2026-02-01 17:15:00,Bus Stop,15,5,1.2,6,17,True,17.14
2026-02-01 17:15:00,Canteen,9,7,2.0,6,17,True,18.17
2026-02-01 17:15:00,Computer Lab,3,2,3.01,6,17,True,17.49
2026-02-01 17:15:00,Printing Shop,2,7,3.78,6,17,True,6.43
2026-02-01 17:15:00,Printing Shop,4,10,2.58,6,17,True,13.34
2026-02-01 17:15:00,Canteen,7,2,2.62,6,17,True,26.96
2026-02-01 17:15:00,Printing Shop,8,10,3.78,6,17,True,32.3
2026-02-01 17:15:00,Library,6,3,4.41,6,17,True,23.44
2026-02-01 17:30:00,Admin Office,0,7,5.9,6,17,True,0.0
2026-02-01 17:45:00,Library,4,3,3.49,6,17,True,11.92
2026-02-01 17:45:00,Library,3,5,5.14,6,17,True,19.66
2026-02-01 17:45:00,Computer Lab,3,5,2.43,6,17,True,4.66
2026-02-01 17:45:00,Printing Shop,1,10,3.49,6,17,True,0.0
2026-02-02 08:15:00,Computer Lab,7,5,5.31,0,8,False,29.9
2026-02-02 08:15:00,Computer Lab,9,8,2.92,0,8,False,22.07
2026-02-02 08:30:00,Admin Office,0,10,3.09,0,8,False,0.0
2026-02-02 09:00:00,Computer Lab,8,3,3.12,0,9,False,24.11
2026-02-02 09:00:00,Library,7,10,3.71,0,9,False,21.12
2026-02-02 09:00:00,Library,15,7,4.29,0,9,False,65.21
2026-02-02 09:30:00,Library,12,4,3.83,0,9,False,38.78
2026-02-02 09:30:00,Bus Stop,23,2,1.74,0,9,False,40.48
2026-02-02 09:30:00,Printing Shop,3,4,2.85,0,9,False,15.5
2026-02-02 09:45:00,Admin Office,4,7,2.55,0,9,False,11.69
2026-02-02 09:45:00,Printing Shop,1,8,4.1,0,9,False,4.4
2026-02-02 09:45:00,Canteen,7,3,2.78,0,9,False,14.03
2026-02-02 10:00:00,Printing Shop,2,6,2.69,0,10,True,14.07
2026-02-02 10:15:00,Computer Lab,14,7,2.68,0,10,True,48.99
2026-02-02 10:30:00,Canteen,10,10,2.63,0,10,True,24.18
2026-02-02 10:30:00,Printing Shop,8,9,4.47,0,10,True,36.63
2026-02-02 10:30:00,Admin Office,7,7,6.91,0,10,True,47.01
2026-02-02 10:30:00,Bus Stop,13,1,1.34,0,10,True,12.23
2026-02-02 10:30:00,Admin Office,8,1,4.4,0,10,True,35.76
2026-02-02 10:30:00,Canteen,9,2,2.39,0,10,True,22.13
2026-02-02 10:45:00,Bus Stop,13,3,1.36,0,10,True,24.94
2026-02-02 10:45:00,Admin Office,6,4,4.26,0,10,True,30.94
2026-02-02 10:45:00,Library,11,2,2.63,0,10,True,28.37
2026-02-02 11:00:00,Computer Lab,14,10,2.12,0,11,True,31.74
2026-02-02 11:15:00,Canteen,10,2,2.39,0,11,True,22.76
2026-02-02 11:15:00,Library,6,8,4.76,0,11,True,22.6
2026-02-02 11:30:00,Computer Lab,11,7,3.9,0,11,True,46.86
2026-02-02 11:30:00,Admin Office,8,9,6.69,0,11,True,58.72
2026-02-02 11:30:00,Library,9,5,4.52,0,11,True,41.94
2026-02-02 12:00:00,Admin Office,5,6,5.94,0,12,True,30.58
2026-02-02 12:15:00,Canteen,21,6,2.6,0,12,True,51.68
2026-02-02 12:45:00,Printing Shop,8,6,2.95,0,12,True,34.48
2026-02-02 12:45:00,Printing Shop,8,1,2.91,0,12,True,19.55
2026-02-02 12:45:00,Computer Lab,11,1,3.42,0,12,True,44.74
2026-02-02 12:45:00,Printing Shop,4,9,2.25,0,12,True,7.0
2026-02-02 12:45:00,Printing Shop,6,4,2.38,0,12,True,16.27
2026-02-02 13:00:00,Bus Stop,17,3,1.67,0,13,True,30.83
2026-02-02 13:00:00,Printing Shop,3,6,4.37,0,13,True,22.77
2026-02-02 13:00:00,Admin Office,4,3,4.53,0,13,True,15.13
2026-02-02 13:15:00,Admin Office,5,1,4.97,0,13,True,23.37
2026-02-02 13:15:00,Printing Shop,3,7,3.5,0,13,True,17.38
2026-02-02 13:15:00,Computer Lab,9,6,3.6,0,13,True,27.5
2026-02-02 13:15:00,Admin Office,3,7,4.69,0,13,True,21.64
2026-02-02 13:30:00,Computer Lab,10,3,2.7,0,13,True,30.24
2026-02-02 13:30:00,Bus Stop,26,3,1.5,0,13,True,47.15
2026-02-02 13:30:00,Library,5,5,4.16,0,13,True,19.28
2026-02-02 13:45:00,Computer Lab,5,5,3.05,0,13,True,23.27
2026-02-02 13:45:00,Canteen,27,10,3.15,0,13,True,90.38
2026-02-02 13:45:00,Printing Shop,3,1,2.57,0,13,True,5.38
2026-02-02 13:45:00,Admin Office,3,10,6.02,0,13,True,12.7
2026-02-02 13:45:00,Printing Shop,6,1,2.0,0,13,True,6.36
2026-02-02 14:00:00,Printing Shop,7,7,3.25,0,14,True,16.66
2026-02-02 14:00:00,Bus Stop,17,4,1.17,0,14,True,18.52
2026-02-02 14:00:00,Bus Stop,26,3,1.49,0,14,True,37.02
2026-02-02 14:15:00,Printing Shop,8,1,3.49,0,14,True,22.6
2026-02-02 14:15:00,Library,9,2,3.62,0,14,True,33.23
2026-02-02 14:15:00,Library,11,4,3.38,0,14,True,37.48
2026-02-02 14:30:00,Bus Stop,19,6,1.42,0,14,True,33.98
2026-02-02 14:30:00,Library,8,10,3.99,0,14,True,38.95
2026-02-02 14:45:00,Computer Lab,12,1,3.69,0,14,True,53.74
2026-02-02 14:45:00,Printing Shop,7,8,3.32,0,14,True,31.38
2026-02-02 15:00:00,Admin Office,6,6,5.56,0,15,False,32.15
2026-02-02 15:15:00,Printing Shop,6,1,3.42,0,15,False,15.76
2026-02-02 15:15:00,Admin Office,7,4,4.63,0,15,False,27.85
2026-02-02 15:15:00,Computer Lab,14,10,4.58,0,15,False,65.16
2026-02-02 15:15:00,Library,10,5,3.87,0,15,False,38.62
2026-02-02 15:30:00,Computer Lab,14,7,5.4,0,15,False,78.28
2026-02-02 15:30:00,Canteen,11,6,1.86,0,15,False,23.94
2026-02-02 15:30:00,Admin Office,1,5,7.2,0,15,False,3.83
2026-02-02 15:30:00,Bus Stop,10,4,2.07,0,15,False,18.16
2026-02-02 15:30:00,Bus Stop,19,1,1.72,0,15,False,36.54
2026-02-02 15:30:00,Admin Office,3,10,5.22,0,15,False,22.52
2026-02-02 15:45:00,Library,13,5,5.22,0,15,False,61.37
2026-02-02 15:45:00,Admin Office,5,9,4.62,0,15,False,23.78
2026-02-02 15:45:00,Admin Office,3,7,4.38,0,15,False,5.34
2026-02-02 15:45:00,Canteen,9,6,2.07,0,15,False,24.2
2026-02-02 16:00:00,Computer Lab,12,7,3.39,0,16,True,47.84
2026-02-02 16:15:00,Canteen,16,3,2.45,0,16,True,34.24
2026-02-02 16:15:00,Computer Lab,10,7,4.41,0,16,True,55.31
2026-02-02 16:30:00,Computer Lab,12,10,2.24,0,16,True,33.73
2026-02-02 16:30:00,Admin Office,3,7,4.82,0,16,True,15.8
2026-02-02 16:30:00,Bus Stop,18,1,0.8,0,16,True,14.37
2026-02-02 16:45:00,Admin Office,4,2,5.63,0,16,True,27.42
2026-02-02 16:45:00,Computer Lab,8,7,3.45,0,16,True,29.05
2026-02-02 17:00:00,Admin Office,0,1,4.94,0,17,True,4.31
2026-02-02 17:00:00,Library,10,9,3.24,0,17,True,40.1
2026-02-02 17:00:00,Printing Shop,9,4,3.19,0,17,True,35.53
2026-02-02 17:00:00,Admin Office,6,5,5.52,0,17,True,40.5
2026-02-02 17:30:00,Canteen,17,9,2.12,0,17,True,44.84
2026-02-02 17:30:00,Library,11,3,4.44,0,17,True,45.36
2026-02-02 17:30:00,Computer Lab,9,5,3.84,0,17,True,34.37
2026-02-02 17:45:00,Admin Office,2,1,4.46,0,17,True,3.36
2026-02-02 17:45:00,Printing Shop,7,6,2.51,0,17,True,11.3
2026-02-02 17:45:00,Printing Shop,6,3,3.51,0,17,True,18.75
2026-02-02 17:45:00,Library,13,4,5.05,0,17,True,68.67
2026-02-03 08:00:00,Library,7,1,4.18,1,8,False,30.64
2026-02-03 08:00:00,Bus Stop,24,3,1.51,1,8,False,41.72
2026-02-03 08:30:00,Admin Office,4,10,3.45,1,8,False,14.48
2026-02-03 08:30:00,Canteen,12,1,2.24,1,8,False,32.85
2026-02-03 08:30:00,Bus Stop,33,5,1.87,1,8,False,55.56
2026-02-03 08:45:00,Bus Stop,32,5,1.73,1,8,False,56.57
2026-02-03 08:45:00,Bus Stop,23,1,1.18,1,8,False,22.6
2026-02-03 09:00:00,Library,6,2,4.76,1,9,False,32.42
2026-02-03 09:00:00,Printing Shop,7,10,2.62,1,9,False,24.29
2026-02-03 09:00:00,Bus Stop,19,6,1.64,1,9,False,37.97
2026-02-03 09:45:00,Computer Lab,6,3,3.5,1,9,False,27.18
2026-02-03 09:45:00,Canteen,7,7,3.17,1,9,False,27.05
2026-02-03 09:45:00,Admin Office,2,5,5.31,1,9,False,16.71
2026-02-03 10:00:00,Printing Shop,9,7,1.87,1,10,True,24.58
2026-02-03 10:00:00,Computer Lab,9,5,3.4,1,10,True,32.31
2026-02-03 10:00:00,Bus Stop,6,2,1.56,1,10,True,7.21
2026-02-03 10:30:00,Canteen,8,10,2.42,1,10,True,24.32
2026-02-03 10:30:00,Library,10,10,4.28,1,10,True,45.7
2026-02-03 10:30:00,Canteen,9,6,2.84,1,10,True,21.01
2026-02-03 10:45:00,Library,7,10,4.14,1,10,True,30.76
2026-02-03 10:45:00,Canteen,13,3,2.65,1,10,True,35.16
2026-02-03 10:45:00,Printing Shop,11,4,2.97,1,10,True,40.63
2026-02-03 10:45:00,Library,11,7,4.03,1,10,True,48.59
2026-02-03 10:45:00,Canteen,10,10,3.2,1,10,True,37.65
2026-02-03 10:45:00,Printing Shop,10,2,2.53,1,10,True,27.21
2026-02-03 11:00:00,Canteen,9,9,3.46,1,11,True,38.46
2026-02-03 11:00:00,Canteen,7,10,2.38,1,11,True,25.06
2026-02-03 11:00:00,Printing Shop,6,6,2.96,1,11,True,18.25
2026-02-03 11:00:00,Computer Lab,8,8,2.69,1,11,True,24.21
2026-02-03 11:45:00,Library,13,4,3.07,1,11,True,42.92
2026-02-03 11:45:00,Bus Stop,10,5,1.4,1,11,True,23.29
2026-02-03 11:45:00,Canteen,10,4,2.37,1,11,True,22.4
2026-02-03 11:45:00,Admin Office,12,3,4.35,1,11,True,59.14
2026-02-03 11:45:00,Printing Shop,6,9,3.03,1,11,True,18.53
2026-02-03 12:00:00,Canteen,33,7,2.35,1,12,True,80.67
2026-02-03 12:00:00,Canteen,22,9,2.5,1,12,True,56.67
2026-02-03 12:15:00,Admin Office,8,5,5.53,1,12,True,45.35
2026-02-03 12:15:00,Canteen,23,4,2.6,1,12,True,74.16
2026-02-03 12:30:00,Library,6,2,4.61,1,12,True,23.67
2026-02-03 12:30:00,Bus Stop,15,3,1.84,1,12,True,34.56
2026-02-03 12:30:00,Library,5,9,3.36,1,12,True,23.23
2026-02-03 12:30:00,Bus Stop,10,6,1.46,1,12,True,24.28
2026-02-03 13:00:00,Admin Office,4,6,3.76,1,13,True,13.93
2026-02-03 13:00:00,Computer Lab,10,9,4.35,1,13,True,43.79
2026-02-03 13:15:00,Bus Stop,10,5,2.02,1,13,True,21.47
2026-02-03 13:30:00,Admin Office,4,8,3.19,1,13,True,11.0
2026-02-03 13:30:00,Admin Office,5,9,5.46,1,13,True,28.88
2026-02-03 13:45:00,Library,3,5,4.66,1,13,True,17.89
2026-02-03 13:45:00,Printing Shop,4,2,2.63,1,13,True,3.16
2026-02-03 13:45:00,Printing Shop,9,9,3.91,1,13,True,32.02
2026-02-03 14:00:00,Printing Shop,5,4,2.08,1,14,True,20.04
2026-02-03 14:15:00,Bus Stop,24,10,1.57,1,14,True,48.67
2026-02-03 14:30:00,Computer Lab,14,1,3.58,1,14,True,56.71
2026-02-03 14:30:00,Canteen,26,6,3.31,1,14,True,92.66
2026-02-03 14:45:00,Printing Shop,3,8,2.15,1,14,True,12.11
2026-02-03 14:45:00,Admin Office,2,5,4.27,1,14,True,8.73
2026-02-03 14:45:00,Bus Stop,20,4,1.2,1,14,True,20.15
2026-02-03 15:15:00,Canteen,13,3,2.29,1,15,False,30.38
2026-02-03 15:45:00,Library,10,5,4.26,1,15,False,42.67
2026-02-03 15:45:00,Printing Shop,4,4,1.56,1,15,False,8.52
2026-02-03 16:00:00,Printing Shop,8,5,3.23,1,16,True,20.45
2026-02-03 16:15:00,Bus Stop,21,6,1.35,1,16,True,32.41
2026-02-03 16:15:00,Computer Lab,21,6,3.3,1,16,True,71.84
2026-02-03 16:15:00,Library,13,2,4.07,1,16,True,63.87
2026-02-03 16:30:00,Admin Office,8,9,7.87,1,16,True,70.92
2026-02-03 16:30:00,Printing Shop,4,6,2.79,1,16,True,7.56
2026-02-03 16:45:00,Library,9,10,3.69,1,16,True,41.13
2026-02-03 16:45:00,Admin Office,4,5,5.5,1,16,True,18.24
2026-02-03 17:00:00,Library,13,1,5.42,1,17,True,74.32
2026-02-03 17:15:00,Printing Shop,8,1,3.46,1,17,True,31.65
2026-02-03 17:15:00,Computer Lab,9,9,2.84,1,17,True,25.34
2026-02-03 17:15:00,Admin Office,4,1,3.39,1,17,True,14.87
2026-02-03 17:15:00,Computer Lab,6,3,3.0,1,17,True,26.09
2026-02-03 17:30:00,Bus Stop,26,10,1.68,1,17,True,42.78
2026-02-03 17:45:00,Admin Office,0,9,5.52,1,17,True,0.71
2026-02-03 17:45:00,Canteen,14,1,3.1,1,17,True,41.98
2026-02-03 17:45:00,Printing Shop,10,9,3.7,1,17,True,38.53
2026-02-04 08:00:00,Admin Office,4,3,5.48,2,8,False,23.53
2026-02-04 08:00:00,Canteen,10,5,2.36,2,8,False,30.16
2026-02-04 08:00:00,Admin Office,0,8,3.5,2,8,False,3.38
2026-02-04 08:00:00,Computer Lab,9,6,1.48,2,8,False,16.69
2026-02-04 08:00:00,Admin Office,4,8,5.41,2,8,False,21.0
2026-02-04 08:30:00,Admin Office,6,8,3.67,2,8,False,29.64
2026-02-04 08:30:00,Computer Lab,6,5,4.25,2,8,False,26.34
2026-02-04 08:30:00,Canteen,10,5,2.46,2,8,False,25.43
2026-02-04 08:45:00,Bus Stop,26,9,1.05,2,8,False,32.47
2026-02-04 08:45:00,Computer Lab,5,3,4.55,2,8,False,20.65
2026-02-04 08:45:00,Bus Stop,21,9,1.12,2,8,False,26.18
2026-02-04 09:15:00,Admin Office,3,9,3.83,2,9,False,6.22
2026-02-04 09:15:00,Computer Lab,6,7,2.8,2,9,False,22.36
2026-02-04 09:15:00,Bus Stop,29,2,1.76,2,9,False,50.68
2026-02-04 09:15:00,Computer Lab,9,6,3.97,2,9,False,38.17
2026-02-04 09:45:00,Canteen,9,8,2.24,2,9,False,22.31
2026-02-04 10:15:00,Bus Stop,11,4,1.2,2,10,True,17.07
2026-02-04 10:15:00,Canteen,10,4,2.4,2,10,True,28.19
2026-02-04 10:15:00,Bus Stop,14,4,1.79,2,10,True,33.83
2026-02-04 10:45:00,Printing Shop,4,1,3.47,2,10,True,11.17
2026-02-04 10:45:00,Printing Shop,5,10,3.51,2,10,True,28.66
2026-02-04 10:45:00,Bus Stop,11,7,2.02,2,10,True,25.77
2026-02-04 10:45:00,Library,5,5,3.1,2,10,True,20.61
2026-02-04 11:00:00,Computer Lab,14,6,4.45,2,11,True,66.97
2026-02-04 11:00:00,Bus Stop,12,5,0.8,2,11,True,14.43
2026-02-04 11:00:00,Printing Shop,6,4,3.09,2,11,True,13.79
2026-02-04 11:15:00,Canteen,7,8,2.29,2,11,True,11.18
2026-02-04 11:15:00,Library,12,2,2.46,2,11,True,42.44
2026-02-04 11:30:00,Library,8,2,2.98,2,11,True,17.57
2026-02-04 11:30:00,Bus Stop,12,2,1.42,2,11,True,27.45
2026-02-04 11:30:00,Canteen,13,10,1.71,2,11,True,21.76
2026-02-04 11:30:00,Bus Stop,15,4,1.66,2,11,True,28.15
2026-02-04 12:00:00,Library,8,10,3.96,2,12,True,36.1
2026-02-04 12:00:00,Computer Lab,9,10,2.35,2,12,True,31.11
2026-02-04 12:00:00,Library,10,6,5.28,2,12,True,68.67
2026-02-04 12:15:00,Library,8,3,2.96,2,12,True,19.49
2026-02-04 12:30:00,Admin Office,3,8,4.55,2,12,True,11.76
2026-02-04 12:30:00,Library,6,9,3.46,2,12,True,19.09
2026-02-04 12:45:00,Printing Shop,9,6,2.45,2,12,True,34.22
2026-02-04 12:45:00,Printing Shop,7,6,3.07,2,12,True,20.14
2026-02-04 13:00:00,Printing Shop,4,10,3.76,2,13,True,16.77
2026-02-04 13:00:00,Computer Lab,7,6,3.44,2,13,True,17.9
2026-02-04 13:15:00,Canteen,33,1,2.56,2,13,True,94.25
2026-02-04 13:30:00,Bus Stop,17,2,1.6,2,13,True,29.5
2026-02-04 13:30:00,Printing Shop,1,10,2.63,2,13,True,8.47
2026-02-04 13:30:00,Printing Shop,6,5,3.73,2,13,True,25.35
2026-02-04 13:30:00,Library,9,6,3.34,2,13,True,26.95
2026-02-04 13:45:00,Bus Stop,31,7,1.64,2,13,True,53.66
2026-02-04 14:00:00,Computer Lab,8,1,4.27,2,14,True,32.58
2026-02-04 14:15:00,Library,12,3,4.18,2,14,True,58.28
2026-02-04 14:15:00,Bus Stop,22,10,1.45,2,14,True,35.86
2026-02-04 14:15:00,Computer Lab,10,2,3.12,2,14,True,42.17
2026-02-04 14:30:00,Library,14,10,2.42,2,14,True,46.52
2026-02-04 14:30:00,Bus Stop,10,2,1.82,2,14,True,13.57
2026-02-04 14:45:00,Printing Shop,8,5,2.69,2,14,True,16.94
2026-02-04 14:45:00,Admin Office,2,3,5.17,2,14,True,3.15
2026-02-04 14:45:00,Canteen,27,1,1.98,2,14,True,53.98
2026-02-04 14:45:00,Bus Stop,19,5,1.73,2,14,True,28.45
2026-02-04 15:00:00,Computer Lab,15,1,3.35,2,15,False,46.62
2026-02-04 15:15:00,Printing Shop,5,10,3.79,2,15,False,22.68
2026-02-04 15:45:00,Computer Lab,11,5,2.32,2,15,False,20.12
2026-02-04 15:45:00,Library,13,6,4.4,2,15,False,52.06
2026-02-04 16:00:00,Canteen,13,10,2.53,2,16,True,35.2
2026-02-04 16:00:00,Admin Office,4,1,6.28,2,16,True,23.44
2026-02-04 16:00:00,Admin Office,2,2,5.3,2,16,True,7.75
2026-02-04 16:15:00,Printing Shop,9,4,3.12,2,16,True,38.28
2026-02-04 16:15:00,Admin Office,5,5,3.54,2,16,True,11.25
2026-02-04 16:15:00,Printing Shop,9,4,1.46,2,16,True,21.06
2026-02-04 16:30:00,Bus Stop,14,2,1.47,2,16,True,33.43
2026-02-04 16:30:00,Admin Office,2,2,3.76,2,16,True,3.0
2026-02-04 16:30:00,Canteen,15,1,2.73,2,16,True,56.94
2026-02-04 16:30:00,Library,11,5,3.87,2,16,True,49.73
2026-02-04 16:45:00,Computer Lab,10,2,3.39,2,16,True,39.18
2026-02-04 16:45:00,Library,10,8,3.41,2,16,True,31.69
2026-02-04 17:00:00,Bus Stop,26,5,1.21,2,17,True,42.81
2026-02-04 17:00:00,Canteen,16,7,2.96,2,17,True,45.34
2026-02-04 17:30:00,Canteen,16,6,2.47,2,17,True,47.72
2026-02-05 08:15:00,Library,6,6,4.83,3,8,False,34.54
2026-02-05 08:15:00,Bus Stop,23,7,1.18,3,8,False,26.66
2026-02-05 08:15:00,Canteen,10,1,2.75,3,8,False,29.67
2026-02-05 08:30:00,Bus Stop,28,7,1.69,3,8,False,53.21
2026-02-05 08:30:00,Admin Office,1,7,5.8,3,8,False,1.53
2026-02-05 08:30:00,Bus Stop,36,9,1.39,3,8,False,55.92
2026-02-05 08:30:00,Canteen,5,4,2.49,3,8,False,5.17
2026-02-05 08:45:00,Printing Shop,5,4,3.38,3,8,False,21.46
2026-02-05 08:45:00,Library,6,9,4.49,3,8,False,30.73
2026-02-05 08:45:00,Canteen,8,10,2.71,3,8,False,27.38
2026-02-05 09:00:00,Canteen,11,9,2.72,3,9,False,34.99
2026-02-05 09:00:00,Computer Lab,8,3,4.34,3,9,False,40.13
2026-02-05 09:00:00,Admin Office,5,1,3.43,3,9,False,12.4
2026-02-05 09:15:00,Computer Lab,9,4,3.63,3,9,False,27.66
2026-02-05 09:15:00,Admin Office,8,4,1.96,3,9,False,17.34
2026-02-05 09:15:00,Printing Shop,3,7,3.36,3,9,False,9.01
2026-02-05 09:30:00,Bus Stop,27,6,1.82,3,9,False,43.36
2026-02-05 09:30:00,Canteen,11,5,2.73,3,9,False,36.87
2026-02-05 09:30:00,Canteen,6,8,3.06,3,9,False,16.08
2026-02-05 10:15:00,Computer Lab,12,5,4.28,3,10,True,53.99
2026-02-05 10:15:00,Canteen,11,6,3.1,3,10,True,38.78
2026-02-05 10:30:00,Computer Lab,12,3,3.57,3,10,True,49.44
2026-02-05 10:45:00,Bus Stop,17,8,1.26,3,10,True,27.72
2026-02-05 10:45:00,Computer Lab,10,5,3.18,3,10,True,43.14
2026-02-05 11:00:00,Bus Stop,20,1,1.46,3,11,True,37.78
2026-02-05 11:00:00,Admin Office,8,9,5.83,3,11,True,62.03
2026-02-05 11:00:00,Canteen,13,3,3.1,3,11,True,36.66
2026-02-05 11:15:00,Admin Office,6,4,3.15,3,11,True,23.14
2026-02-05 11:30:00,Bus Stop,8,3,1.41,3,11,True,19.92
2026-02-05 11:45:00,Admin Office,6,3,6.59,3,11,True,47.48
2026-02-05 11:45:00,Bus Stop,11,1,1.18,3,11,True,7.01
2026-02-05 11:45:00,Library,7,3,4.12,3,11,True,24.81
2026-02-05 11:45:00,Computer Lab,11,1,3.4,3,11,True,49.7
2026-02-05 11:45:00,Canteen,14,6,1.99,3,11,True,26.02
2026-02-05 11:45:00,Library,9,7,4.48,3,11,True,37.76
2026-02-05 11:45:00,Library,7,1,4.2,3,11,True,36.02
2026-02-05 12:00:00,Computer Lab,12,8,2.96,3,12,True,37.66
2026-02-05 12:15:00,Admin Office,5,7,5.37,3,12,True,28.42
2026-02-05 12:15:00,Admin Office,6,2,4.73,3,12,True,24.88
2026-02-05 12:15:00,Canteen,18,4,2.06,3,12,True,35.45
2026-02-05 12:30:00,Library,8,1,4.44,3,12,True,39.08
2026-02-05 12:45:00,Canteen,24,10,2.59,3,12,True,75.03
2026-02-05 13:00:00,Printing Shop,3,2,3.81,3,13,True,10.07
2026-02-05 13:00:00,Computer Lab,9,2,3.99,3,13,True,44.34
2026-02-05 13:00:00,Library,3,10,4.06,3,13,True,21.55
2026-02-05 13:00:00,Library,6,5,3.02,3,13,True,16.23
2026-02-05 13:00:00,Admin Office,4,9,5.39,3,13,True,28.35
2026-02-05 13:00:00,Bus Stop,13,6,1.0,3,13,True,7.22
2026-02-05 13:15:00,Library,5,1,3.89,3,13,True,17.92
2026-02-05 13:15:00,Bus Stop,25,5,1.72,3,13,True,48.45
2026-02-05 13:30:00,Bus Stop,14,4,1.57,3,13,True,17.17
2026-02-05 13:30:00,Admin Office,6,8,4.7,3,13,True,31.98
2026-02-05 13:45:00,Computer Lab,9,8,3.67,3,13,True,37.74
2026-02-05 14:00:00,Library,15,6,2.46,3,14,True,52.69
2026-02-05 14:15:00,Printing Shop,6,6,2.39,3,14,True,23.65
2026-02-05 14:15:00,Computer Lab,14,5,2.28,3,14,True,37.0
2026-02-05 14:15:00,Printing Shop,4,2,2.52,3,14,True,10.08
2026-02-05 14:30:00,Printing Shop,6,2,1.93,3,14,True,10.59
2026-02-05 14:30:00,Bus Stop,14,8,1.17,3,14,True,24.57
2026-02-05 14:45:00,Library,13,5,2.77,3,14,True,37.64
2026-02-05 14:45:00,Canteen,18,1,2.85,3,14,True,58.63
2026-02-05 15:00:00,Computer Lab,14,2,4.38,3,15,False,65.55
2026-02-05 15:00:00,Bus Stop,19,9,1.52,3,15,False,36.35
2026-02-05 15:00:00,Printing Shop,7,4,2.6,3,15,False,21.81
2026-02-05 15:00:00,Bus Stop,15,5,1.1,3,15,False,9.51
2026-02-05 15:15:00,Canteen,8,3,2.95,3,15,False,23.85
2026-02-05 15:30:00,Canteen,10,9,1.64,3,15,False,11.36
2026-02-05 15:45:00,Printing Shop,8,4,2.5,3,15,False,18.86
2026-02-05 16:00:00,Admin Office,2,8,4.72,3,16,True,14.79
2026-02-05 16:00:00,Admin Office,6,1,5.02,3,16,True,28.06
2026-02-05 16:15:00,Library,13,6,3.57,3,16,True,53.95
2026-02-05 16:15:00,Bus Stop,29,5,0.97,3,16,True,28.69
2026-02-05 16:15:00,Admin Office,6,7,6.11,3,16,True,45.79
2026-02-05 16:15:00,Admin Office,5,2,5.67,3,16,True,41.32
2026-02-05 16:30:00,Canteen,8,10,2.83,3,16,True,20.86
2026-02-05 16:45:00,Library,8,5,4.13,3,16,True,28.69
2026-02-05 17:00:00,Bus Stop,29,10,1.67,3,17,True,60.25
2026-02-05 17:00:00,Canteen,16,9,2.23,3,17,True,45.27
2026-02-05 17:45:00,Canteen,12,4,3.19,3,17,True,35.33
2026-02-05 17:45:00,Printing Shop,5,8,4.19,3,17,True,17.65
2026-02-05 17:45:00,Library,11,10,2.35,3,17,True,29.36
2026-02-06 08:00:00,Printing Shop,4,4,2.07,4,8,False,13.11
2026-02-06 08:00:00,Bus Stop,13,3,1.76,4,8,False,15.68
2026-02-06 08:00:00,Canteen,8,6,2.24,4,8,False,16.48
2026-02-06 08:00:00,Bus Stop,26,10,1.51,4,8,False,41.48
2026-02-06 08:15:00,Bus Stop,26,9,1.18,4,8,False,36.6
2026-02-06 08:30:00,Canteen,10,6,3.13,4,8,False,38.44
2026-02-06 08:30:00,Canteen,10,8,3.17,4,8,False,37.58
2026-02-06 08:30:00,Admin Office,4,7,6.07,4,8,False,16.86
2026-02-06 08:30:00,Printing Shop,4,5,2.41,4,8,False,14.69
2026-02-06 08:45:00,Printing Shop,7,3,3.36,4,8,False,27.71
2026-02-06 09:00:00,Bus Stop,27,9,1.57,4,9,False,35.43
2026-02-06 09:00:00,Computer Lab,9,2,4.2,4,9,False,38.98
2026-02-06 09:15:00,Admin Office,6,4,3.84,4,9,False,15.31
2026-02-06 09:15:00,Admin Office,1,2,4.74,4,9,False,4.65
2026-02-06 09:15:00,Bus Stop,22,1,1.5,4,9,False,28.91
2026-02-06 09:15:00,Bus Stop,20,7,1.26,4,9,False,32.84
2026-02-06 09:30:00,Canteen,8,3,2.66,4,9,False,24.88
2026-02-06 09:30:00,Library,10,2,3.79,4,9,False,31.47
2026-02-06 09:30:00,Bus Stop,25,6,1.48,4,9,False,35.54
2026-02-06 09:30:00,Library,7,1,2.91,4,9,False,18.16
2026-02-06 09:45:00,Computer Lab,7,3,3.21,4,9,False,14.8
2026-02-06 09:45:00,Bus Stop,27,9,1.24,4,9,False,35.79
2026-02-06 10:00:00,Bus Stop,12,4,1.97,4,10,True,36.72
2026-02-06 10:00:00,Library,8,10,2.58,4,10,True,23.55
2026-02-06 10:00:00,Admin Office,6,10,5.31,4,10,True,41.52
2026-02-06 10:15:00,Admin Office,5,9,3.94,4,10,True,16.86
2026-02-06 10:15:00,Bus Stop,16,3,1.47,4,10,True,24.6
2026-02-06 10:15:00,Library,10,8,3.43,4,10,True,31.67
2026-02-06 10:30:00,Printing Shop,8,4,2.79,4,10,True,24.18
2026-02-06 10:30:00,Computer Lab,14,4,2.85,4,10,True,35.35
2026-02-06 10:30:00,Bus Stop,14,8,1.54,4,10,True,21.24
2026-02-06 10:45:00,Bus Stop,15,6,1.76,4,10,True,33.73
2026-02-06 10:45:00,Canteen,13,7,2.74,4,10,True,33.39
2026-02-06 11:00:00,Library,8,1,4.41,4,11,True,37.08
2026-02-06 11:00:00,Library,11,9,4.21,4,11,True,59.81
2026-02-06 11:15:00,Library,7,1,4.06,4,11,True,30.07
2026-02-06 11:15:00,Printing Shop,5,4,3.36,4,11,True,19.33
2026-02-06 11:30:00,Admin Office,5,2,4.15,4,11,True,26.28
2026-02-06 11:30:00,Printing Shop,6,6,2.12,4,11,True,22.38
2026-02-06 11:30:00,Admin Office,3,7,4.49,4,11,True,12.57
2026-02-06 11:45:00,Bus Stop,12,1,1.73,4,11,True,21.55
2026-02-06 11:45:00,Computer Lab,17,10,3.29,4,11,True,66.57
2026-02-06 12:00:00,Computer Lab,11,9,3.99,4,12,True,51.18
2026-02-06 12:15:00,Library,6,5,3.69,4,12,True,29.9
2026-02-06 12:45:00,Canteen,27,1,2.33,4,12,True,80.29
2026-02-06 12:45:00,Printing Shop,9,10,3.33,4,12,True,40.96
2026-02-06 13:00:00,Bus Stop,17,10,2.32,4,13,True,44.71
2026-02-06 13:15:00,Computer Lab,7,8,4.92,4,13,True,47.15
2026-02-06 13:30:00,Admin Office,4,4,5.76,4,13,True,30.3
2026-02-06 13:30:00,Canteen,29,1,2.42,4,13,True,74.79
2026-02-06 14:00:00,Library,6,10,2.92,4,14,True,14.81
2026-02-06 14:00:00,Computer Lab,17,9,5.17,4,14,True,100.75
2026-02-06 14:00:00,Printing Shop,5,5,3.08,4,14,True,26.09
2026-02-06 14:00:00,Bus Stop,10,5,1.75,4,14,True,19.09
2026-02-06 14:15:00,Printing Shop,9,9,2.35,4,14,True,27.82
2026-02-06 14:15:00,Bus Stop,18,1,1.29,4,14,True,18.01
2026-02-06 14:15:00,Canteen,16,8,2.37,4,14,True,46.51
2026-02-06 14:30:00,Library,12,6,4.96,4,14,True,69.73
2026-02-06 14:45:00,Printing Shop,5,4,2.68,4,14,True,6.63
2026-02-06 14:45:00,Canteen,26,4,3.12,4,14,True,79.88
2026-02-06 15:00:00,Printing Shop,7,1,3.26,4,15,False,27.02
2026-02-06 15:00:00,Canteen,12,3,1.99,4,15,False,18.78
2026-02-06 15:00:00,Admin Office,5,7,3.7,4,15,False,16.94
2026-02-06 15:00:00,Canteen,7,1,3.6,4,15,False,32.89
2026-02-06 15:00:00,Admin Office,2,6,5.7,4,15,False,3.55
2026-02-06 15:30:00,Printing Shop,9,9,2.91,4,15,False,31.07
2026-02-06 15:30:00,Admin Office,3,6,5.32,4,15,False,17.28
2026-02-06 15:30:00,Bus Stop,12,8,1.41,4,15,False,9.18
2026-02-06 15:45:00,Library,9,4,3.21,4,15,False,33.64
2026-02-06 16:00:00,Library,13,8,3.68,4,16,True,59.03
2026-02-06 16:00:00,Library,6,3,4.58,4,16,True,22.94
2026-02-06 16:00:00,Computer Lab,13,1,3.58,4,16,True,58.35
2026-02-06 16:15:00,Printing Shop,10,1,2.09,4,16,True,24.64
2026-02-06 16:15:00,Admin Office,4,9,5.0,4,16,True,15.66
2026-02-06 16:15:00,Printing Shop,6,7,2.82,4,16,True,12.6
2026-02-06 16:30:00,Admin Office,5,10,5.23,4,16,True,25.65
2026-02-06 16:30:00,Bus Stop,35,2,1.15,4,16,True,56.1
2026-02-06 16:45:00,Printing Shop,11,2,2.07,4,16,True,20.32
2026-02-06 16:45:00,Printing Shop,10,1,3.09,4,16,True,42.8
2026-02-06 16:45:00,Printing Shop,8,1,3.38,4,16,True,26.07
2026-02-06 17:00:00,Admin Office,3,4,6.01,4,17,True,18.19
2026-02-06 17:00:00,Printing Shop,7,9,4.76,4,17,True,39.89
2026-02-06 17:15:00,Computer Lab,8,6,4.56,4,17,True,34.72
2026-02-06 17:15:00,Library,12,4,3.76,4,17,True,44.81
2026-02-06 17:30:00,Canteen,11,4,2.98,4,17,True,35.33
2026-02-06 17:45:00,Admin Office,0,7,4.65,4,17,True,4.49
2026-02-07 08:00:00,Admin Office,2,4,6.47,5,8,False,13.12
2026-02-07 08:00:00,Admin Office,0,10,6.71,5,8,False,0.0
2026-02-07 08:00:00,Admin Office,5,7,5.48,5,8,False,28.07
2026-02-07 08:15:00,Printing Shop,0,1,2.29,5,8,False,1.25
2026-02-07 08:15:00,Library,4,8,5.0,5,8,False,22.87
2026-02-07 08:15:00,Bus Stop,19,3,1.35,5,8,False,21.15
2026-02-07 08:15:00,Library,4,10,5.2,5,8,False,13.71
2026-02-07 08:15:00,Canteen,6,2,2.97,5,8,False,23.86
2026-02-07 08:15:00,Canteen,2,5,1.79,5,8,False,0.0
2026-02-07 08:15:00,Admin Office,3,8,4.64,5,8,False,16.75
2026-02-07 08:45:00,Library,5,7,3.11,5,8,False,7.79
2026-02-07 08:45:00,Library,3,1,4.04,5,8,False,13.2
2026-02-07 09:00:00,Admin Office,3,3,4.77,5,9,False,10.83
2026-02-07 09:00:00,Computer Lab,2,5,4.05,5,9,False,3.31
2026-02-07 09:00:00,Computer Lab,9,3,3.5,5,9,False,37.85
2026-02-07 09:15:00,Computer Lab,7,10,2.91,5,9,False,14.72
2026-02-07 09:30:00,Printing Shop,4,3,1.92,5,9,False,10.6
2026-02-07 09:30:00,Library,5,8,3.78,5,9,False,18.66
2026-02-07 09:30:00,Library,6,10,4.78,5,9,False,30.35
2026-02-07 09:30:00,Printing Shop,0,7,4.47,5,9,False,4.67
2026-02-07 09:30:00,Printing Shop,0,8,2.37,5,9,False,7.87
2026-02-07 09:30:00,Admin Office,2,3,3.83,5,9,False,3.84
2026-02-07 10:00:00,Bus Stop,8,7,1.44,5,10,True,16.61
2026-02-07 10:15:00,Bus Stop,4,6,1.04,5,10,True,10.94
2026-02-07 10:15:00,Canteen,6,5,2.65,5,10,True,19.97
2026-02-07 10:30:00,Canteen,6,1,2.54,5,10,True,21.15
2026-02-07 10:30:00,Printing Shop,7,7,2.81,5,10,True,15.88
2026-02-07 10:30:00,Bus Stop,9,3,1.36,5,10,True,19.55
2026-02-07 10:45:00,Library,7,4,5.13,5,10,True,42.35
2026-02-07 10:45:00,Computer Lab,6,7,2.56,5,10,True,22.29
2026-02-07 10:45:00,Printing Shop,4,3,2.5,5,10,True,16.29
2026-02-07 11:00:00,Computer Lab,12,10,2.61,5,11,True,39.74
2026-02-07 11:00:00,Computer Lab,4,7,4.51,5,11,True,20.24
2026-02-07 11:00:00,Library,1,6,2.95,5,11,True,9.73
2026-02-07 11:15:00,Library,7,10,4.24,5,11,True,32.64
2026-02-07 11:15:00,Library,5,8,4.75,5,11,True,27.25
2026-02-07 11:15:00,Printing Shop,1,6,2.81,5,11,True,0.0
2026-02-07 11:30:00,Library,8,10,3.53,5,11,True,36.72
2026-02-07 11:45:00,Canteen,5,1,2.01,5,11,True,18.17
2026-02-07 11:45:00,Printing Shop,6,8,3.3,5,11,True,20.76
2026-02-07 11:45:00,Computer Lab,7,2,4.13,5,11,True,36.87
2026-02-07 11:45:00,Printing Shop,4,10,2.89,5,11,True,16.3
2026-02-07 12:00:00,Admin Office,0,3,4.24,5,12,True,0.0
2026-02-07 12:00:00,Printing Shop,4,6,3.44,5,12,True,8.03
2026-02-07 12:15:00,Bus Stop,11,3,1.55,5,12,True,23.62
2026-02-07 12:15:00,Bus Stop,7,6,1.36,5,12,True,3.35
2026-02-07 12:30:00,Admin Office,3,5,4.31,5,12,True,13.81
2026-02-07 12:30:00,Library,4,6,6.66,5,12,True,32.37
2026-02-07 12:45:00,Bus Stop,8,4,1.63,5,12,True,10.54
2026-02-07 12:45:00,Computer Lab,10,8,3.31,5,12,True,42.25
2026-02-07 12:45:00,Admin Office,4,1,4.59,5,12,True,21.71
2026-02-07 13:00:00,Bus Stop,6,1,1.83,5,13,True,4.72
2026-02-07 13:00:00,Printing Shop,2,5,3.32,5,13,True,0.0
2026-02-07 13:00:00,Bus Stop,10,9,1.79,5,13,True,18.19
2026-02-07 13:30:00,Library,6,10,2.9,5,13,True,15.07
2026-02-07 13:45:00,Computer Lab,3,3,3.01,5,13,True,12.64
2026-02-07 13:45:00,Library,2,4,3.44,5,13,True,16.9
2026-02-07 14:00:00,Canteen,7,7,3.1,5,14,True,18.47
2026-02-07 14:15:00,Computer Lab,8,6,3.87,5,14,True,24.62
2026-02-07 14:30:00,Printing Shop,4,8,2.47,5,14,True,4.42
2026-02-07 14:30:00,Admin Office,0,9,4.92,5,14,True,0.0
2026-02-07 14:45:00,Printing Shop,7,5,2.1,5,14,True,24.9
2026-02-07 14:45:00,Printing Shop,4,9,5.04,5,14,True,23.33
2026-02-07 15:00:00,Bus Stop,3,8,1.98,5,15,False,1.94
2026-02-07 15:00:00,Canteen,2,7,2.7,5,15,False,8.39
2026-02-07 15:00:00,Printing Shop,4,6,2.24,5,15,False,9.11
2026-02-07 15:00:00,Admin Office,5,8,6.81,5,15,False,28.9
2026-02-07 15:00:00,Library,4,3,3.63,5,15,False,7.41
2026-02-07 15:15:00,Printing Shop,0,6,3.34,5,15,False,3.08
2026-02-07 15:30:00,Bus Stop,6,8,1.8,5,15,False,9.88
2026-02-07 15:45:00,Canteen,8,2,2.47,5,15,False,13.73
2026-02-07 15:45:00,Canteen,2,6,2.3,5,15,False,9.24
2026-02-07 16:00:00,Printing Shop,5,4,2.78,5,16,True,23.02
2026-02-07 16:00:00,Canteen,10,8,2.3,5,16,True,34.62
2026-02-07 16:00:00,Library,8,6,3.35,5,16,True,33.07
2026-02-07 16:00:00,Printing Shop,6,5,3.48,5,16,True,30.89
2026-02-07 16:15:00,Bus Stop,17,8,1.79,5,16,True,42.09
2026-02-07 16:15:00,Printing Shop,3,1,3.78,5,16,True,6.39
2026-02-07 16:15:00,Admin Office,4,1,5.62,5,16,True,31.22
2026-02-07 16:45:00,Bus Stop,20,9,2.12,5,16,True,43.71
2026-02-07 16:45:00,Bus Stop,20,9,1.58,5,16,True,32.0
2026-02-07 17:00:00,Admin Office,0,1,4.54,5,17,True,0.0
2026-02-07 17:00:00,Computer Lab,4,5,3.54,5,17,True,9.81
2026-02-07 17:15:00,Printing Shop,4,10,3.85,5,17,True,21.01
2026-02-07 17:15:00,Canteen,7,5,1.46,5,17,True,9.02
2026-02-07 17:45:00,Admin Office,2,2,5.45,5,17,True,10.54
2026-02-07 17:45:00,Printing Shop,4,10,2.75,5,17,True,6.62
2026-02-07 17:45:00,Printing Shop,6,7,3.44,5,17,True,23.65
2026-02-08 08:00:00,Canteen,10,8,3.59,6,8,False,40.91
2026-02-08 08:00:00,Canteen,2,2,2.26,6,8,False,0.0
2026-02-08 08:15:00,Printing Shop,1,9,3.83,6,8,False,6.16
2026-02-08 08:30:00,Printing Shop,0,7,2.95,6,8,False,0.0
2026-02-08 08:30:00,Bus Stop,16,7,1.18,6,8,False,15.92
2026-02-08 08:30:00,Library,2,9,5.68,6,8,False,14.25
2026-02-08 08:30:00,Bus Stop,14,1,0.9,6,8,False,7.61
2026-02-08 08:30:00,Canteen,3,6,1.48,6,8,False,11.6
2026-02-08 08:30:00,Library,6,3,3.92,6,8,False,17.28
2026-02-08 08:30:00,Printing Shop,7,9,2.9,6,8,False,20.22
2026-02-08 09:15:00,Printing Shop,3,2,2.82,6,9,False,15.44
2026-02-08 09:30:00,Admin Office,1,9,3.06,6,9,False,0.0
2026-02-08 09:30:00,Bus Stop,16,8,1.22,6,9,False,17.45
2026-02-08 09:30:00,Canteen,4,9,2.87,6,9,False,7.68
2026-02-08 09:30:00,Canteen,9,7,2.31,6,9,False,12.84
2026-02-08 09:30:00,Admin Office,5,7,4.12,6,9,False,23.06
2026-02-08 09:45:00,Bus Stop,14,6,1.24,6,9,False,12.53
2026-02-08 10:00:00,Bus Stop,5,3,1.85,6,10,True,4.0
2026-02-08 10:00:00,Bus Stop,9,2,1.39,6,10,True,5.7
2026-02-08 10:15:00,Canteen,4,8,2.82,6,10,True,14.27
2026-02-08 10:15:00,Canteen,5,1,3.01,6,10,True,9.54
2026-02-08 10:30:00,Admin Office,1,3,5.48,6,10,True,11.41
2026-02-08 10:45:00,Bus Stop,6,1,1.81,6,10,True,6.89
2026-02-08 11:15:00,Printing Shop,3,4,3.36,6,11,True,6.31
2026-02-08 11:15:00,Printing Shop,0,2,3.54,6,11,True,0.0
2026-02-08 11:15:00,Bus Stop,8,7,1.09,6,11,True,10.88
2026-02-08 11:30:00,Computer Lab,6,10,2.37,6,11,True,20.99
2026-02-08 11:45:00,Bus Stop,7,2,1.23,6,11,True,16.28
2026-02-08 11:45:00,Canteen,7,6,2.3,6,11,True,20.77
2026-02-08 12:00:00,Library,3,6,5.34,6,12,True,14.69
2026-02-08 12:15:00,Canteen,9,1,1.81,6,12,True,21.45
2026-02-08 12:15:00,Library,1,4,3.89,6,12,True,2.68
2026-02-08 12:45:00,Admin Office,7,7,4.4,6,12,True,29.01
2026-02-08 12:45:00,Admin Office,1,2,6.71,6,12,True,0.69
2026-02-08 12:45:00,Bus Stop,8,7,1.33,6,12,True,17.74
2026-02-08 13:00:00,Admin Office,1,10,4.19,6,13,True,0.0
2026-02-08 13:00:00,Printing Shop,6,5,3.14,6,13,True,16.89
2026-02-08 13:00:00,Bus Stop,14,10,2.01,6,13,True,32.91
2026-02-08 13:15:00,Printing Shop,7,9,1.77,6,13,True,8.68
2026-02-08 13:45:00,Admin Office,6,4,4.71,6,13,True,29.43
2026-02-08 13:45:00,Printing Shop,2,6,2.78,6,13,True,2.02
2026-02-08 13:45:00,Bus Stop,12,10,1.06,6,13,True,19.09
2026-02-08 13:45:00,Library,2,10,3.7,6,13,True,18.05
2026-02-08 14:00:00,Canteen,18,1,2.72,6,14,True,54.38
2026-02-08 14:00:00,Computer Lab,5,6,3.55,6,14,True,22.37
2026-02-08 14:00:00,Computer Lab,11,7,4.73,6,14,True,65.37
2026-02-08 14:15:00,Bus Stop,10,8,2.57,6,14,True,34.1
2026-02-08 14:30:00,Computer Lab,8,3,4.58,6,14,True,42.0
2026-02-08 14:30:00,Bus Stop,11,8,1.55,6,14,True,27.23
2026-02-08 14:45:00,Admin Office,5,4,4.64,6,14,True,24.93
2026-02-08 14:45:00,Library,4,2,3.68,6,14,True,16.46
2026-02-08 14:45:00,Library,4,8,4.28,6,14,True,18.72
2026-02-08 15:00:00,Canteen,4,5,2.68,6,15,False,13.78
2026-02-08 15:00:00,Canteen,7,1,2.71,6,15,False,14.33
2026-02-08 15:15:00,Bus Stop,7,8,1.35,6,15,False,2.06
2026-02-08 15:15:00,Computer Lab,4,3,4.11,6,15,False,20.17
2026-02-08 15:15:00,Library,5,4,4.87,6,15,False,22.08
2026-02-08 15:15:00,Bus Stop,8,1,1.65,6,15,False,7.08
2026-02-08 15:30:00,Printing Shop,0,4,3.42,6,15,False,0.0
2026-02-08 15:30:00,Library,7,2,4.06,6,15,False,24.99
2026-02-08 15:30:00,Printing Shop,0,6,2.37,6,15,False,0.0
2026-02-08 15:30:00,Computer Lab,9,5,3.94,6,15,False,42.75
2026-02-08 15:45:00,Printing Shop,6,6,1.47,6,15,False,10.63
2026-02-08 16:15:00,Printing Shop,6,7,2.78,6,16,True,28.48
2026-02-08 16:15:00,Computer Lab,7,8,2.97,6,16,True,19.32
2026-02-08 16:15:00,Computer Lab,7,10,1.32,6,16,True,5.37
2026-02-08 16:15:00,Computer Lab,7,10,3.78,6,16,True,28.55
2026-02-08 16:15:00,Printing Shop,5,5,4.32,6,16,True,26.23
2026-02-08 16:45:00,Bus Stop,15,2,1.53,6,16,True,30.23
2026-02-08 16:45:00,Bus Stop,16,8,1.61,6,16,True,31.36
2026-02-08 16:45:00,Library,3,10,4.62,6,16,True,9.86
2026-02-08 17:00:00,Printing Shop,9,6,4.06,6,17,True,35.94
2026-02-08 17:00:00,Bus Stop,14,7,1.63,6,17,True,22.93
2026-02-08 17:00:00,Admin Office,0,10,6.19,6,17,True,2.1
2026-02-08 17:15:00,Canteen,10,8,2.75,6,17,True,27.51
2026-02-08 17:30:00,Computer Lab,4,3,3.21,6,17,True,14.1
2026-02-08 17:45:00,Canteen,10,6,1.8,6,17,True,15.98
2026-02-08 17:45:00,Canteen,11,5,2.93,6,17,True,36.64
2026-02-08 17:45:00,Admin Office,2,10,5.2,6,17,True,16.72
2026-02-09 08:00:00,Library,5,2,3.56,0,8,False,12.31
2026-02-09 08:00:00,Bus Stop,30,8,1.36,0,8,False,46.43
2026-02-09 08:15:00,Library,9,8,4.44,0,8,False,41.52
2026-02-09 08:15:00,Computer Lab,9,5,3.57,0,8,False,37.84
2026-02-09 08:30:00,Computer Lab,8,9,3.23,0,8,False,28.62
2026-02-09 08:45:00,Canteen,6,5,2.29,0,8,False,14.43
2026-02-09 09:00:00,Bus Stop,19,10,1.5,0,9,False,22.99
2026-02-09 09:00:00,Bus Stop,27,2,2.22,0,9,False,65.17
2026-02-09 09:15:00,Library,10,10,2.41,0,9,False,20.03
2026-02-09 09:15:00,Printing Shop,3,9,2.85,0,9,False,7.99
2026-02-09 09:45:00,Admin Office,5,4,4.41,0,9,False,17.94
2026-02-09 10:15:00,Bus Stop,12,8,1.75,0,10,True,28.03
2026-02-09 10:15:00,Computer Lab,13,10,4.82,0,10,True,65.74
2026-02-09 10:30:00,Printing Shop,2,1,1.94,0,10,True,9.15
2026-02-09 10:45:00,Bus Stop,11,6,1.54,0,10,True,28.23
2026-02-09 10:45:00,Admin Office,4,10,3.36,0,10,True,20.72
2026-02-09 11:00:00,Bus Stop,11,10,1.43,0,11,True,27.22
2026-02-09 11:00:00,Library,13,6,3.63,0,11,True,47.55
2026-02-09 11:15:00,Admin Office,6,6,5.1,0,11,True,31.46
2026-02-09 11:30:00,Library,10,2,4.0,0,11,True,47.35
2026-02-09 12:15:00,Canteen,22,5,2.58,0,12,True,61.91
2026-02-09 12:15:00,Canteen,29,1,3.31,0,12,True,120.9
2026-02-09 12:15:00,Canteen,13,3,2.73,0,12,True,43.64
2026-02-09 12:15:00,Library,5,7,3.62,0,12,True,28.44
2026-02-09 12:15:00,Bus Stop,12,9,2.24,0,12,True,36.15
2026-02-09 12:30:00,Computer Lab,14,5,2.61,0,12,True,48.85
2026-02-09 12:30:00,Printing Shop,3,5,3.3,0,12,True,17.34
2026-02-09 12:30:00,Library,9,7,3.52,0,12,True,26.05
2026-02-09 12:30:00,Bus Stop,11,7,0.95,0,12,True,5.79
2026-02-09 12:45:00,Library,9,9,3.47,0,12,True,45.44
2026-02-09 13:00:00,Library,6,10,4.48,0,13,True,30.64
2026-02-09 13:00:00,Library,9,8,4.79,0,13,True,50.25
2026-02-09 13:15:00,Printing Shop,5,4,2.37,0,13,True,17.77
2026-02-09 13:15:00,Printing Shop,6,2,1.73,0,13,True,15.96
2026-02-09 13:30:00,Canteen,30,4,2.0,0,13,True,60.4
2026-02-09 13:30:00,Library,4,2,5.02,0,13,True,14.6
2026-02-09 13:45:00,Bus Stop,21,1,1.82,0,13,True,45.95
2026-02-09 13:45:00,Admin Office,8,10,3.85,0,13,True,37.76
2026-02-09 14:15:00,Admin Office,2,9,3.91,0,14,True,3.98
2026-02-09 14:15:00,Admin Office,7,2,5.12,0,14,True,47.51
2026-02-09 14:30:00,Admin Office,3,10,6.58,0,14,True,15.28
2026-02-09 14:30:00,Admin Office,8,1,4.92,0,14,True,42.04
2026-02-09 14:30:00,Canteen,23,8,2.17,0,14,True,67.3
2026-02-09 14:45:00,Bus Stop,17,4,1.46,0,14,True,33.24
2026-02-09 14:45:00,Computer Lab,12,10,4.05,0,14,True,51.73
2026-02-09 14:45:00,Canteen,20,4,3.05,0,14,True,57.44
2026-02-09 14:45:00,Computer Lab,11,2,3.84,0,14,True,58.06
2026-02-09 15:00:00,Admin Office,7,2,4.17,0,15,False,33.33
2026-02-09 15:15:00,Canteen,10,1,2.28,0,15,False,27.85
2026-02-09 15:15:00,Admin Office,3,3,5.33,0,15,False,9.93
2026-02-09 15:15:00,Library,14,10,3.26,0,15,False,47.78
2026-02-09 15:15:00,Admin Office,8,4,4.65,0,15,False,35.97
2026-02-09 15:30:00,Canteen,10,9,2.76,0,15,False,23.29
2026-02-09 15:30:00,Computer Lab,10,10,3.68,0,15,False,39.73
2026-02-09 15:30:00,Bus Stop,12,2,1.76,0,15,False,15.79
2026-02-09 15:45:00,Canteen,9,8,2.53,0,15,False,22.13
2026-02-09 16:00:00,Printing Shop,12,8,3.66,0,16,True,41.03
2026-02-09 16:30:00,Canteen,15,7,2.0,0,16,True,36.63
2026-02-09 16:30:00,Bus Stop,17,1,1.05,0,16,True,19.67
2026-02-09 16:30:00,Computer Lab,7,7,4.48,0,16,True,36.83
2026-02-09 16:45:00,Bus Stop,21,5,1.9,0,16,True,40.24
2026-02-09 16:45:00,Canteen,16,3,2.17,0,16,True,32.85
2026-02-09 17:00:00,Canteen,14,1,2.21,0,17,True,42.59
2026-02-09 17:00:00,Library,10,4,4.39,0,17,True,47.4
2026-02-09 17:00:00,Bus Stop,28,1,1.56,0,17,True,42.24
2026-02-09 17:15:00,Printing Shop,10,9,3.18,0,17,True,32.4
2026-02-09 17:15:00,Library,13,10,4.26,0,17,True,69.12
2026-02-09 17:15:00,Printing Shop,8,7,3.13,0,17,True,35.59
2026-02-09 17:30:00,Printing Shop,9,2,3.51,0,17,True,45.78
2026-02-09 17:30:00,Computer Lab,5,1,3.66,0,17,True,18.35
2026-02-09 17:30:00,Printing Shop,6,9,2.49,0,17,True,23.43
2026-02-09 17:45:00,Admin Office,7,3,6.76,0,17,True,49.8
2026-02-10 08:00:00,Admin Office,2,5,4.91,1,8,False,8.98
2026-02-10 08:15:00,Canteen,14,2,1.95,1,8,False,27.53
2026-02-10 08:15:00,Library,6,8,4.07,1,8,False,24.16
2026-02-10 08:30:00,Canteen,8,3,2.54,1,8,False,26.14
2026-02-10 08:30:00,Bus Stop,26,3,1.87,1,8,False,43.51
2026-02-10 08:45:00,Library,7,4,4.03,1,8,False,27.49
2026-02-10 08:45:00,Computer Lab,8,5,3.69,1,8,False,30.22
2026-02-10 09:00:00,Bus Stop,23,2,1.71,1,9,False,42.16
2026-02-10 09:15:00,Canteen,5,2,2.16,1,9,False,13.55
2026-02-10 09:15:00,Library,7,6,5.43,1,9,False,30.8
2026-02-10 09:30:00,Printing Shop,5,4,2.67,1,9,False,9.73
2026-02-10 09:30:00,Admin Office,4,1,3.78,1,9,False,21.19
2026-02-10 09:30:00,Computer Lab,6,7,3.34,1,9,False,19.96
2026-02-10 09:30:00,Admin Office,4,10,3.88,1,9,False,10.6
2026-02-10 09:45:00,Admin Office,4,1,4.19,1,9,False,14.31
2026-02-10 10:15:00,Computer Lab,8,8,4.82,1,10,True,47.74
2026-02-10 10:45:00,Bus Stop,11,7,0.98,1,10,True,8.9
2026-02-10 10:45:00,Printing Shop,8,1,2.61,1,10,True,21.67
2026-02-10 10:45:00,Bus Stop,10,4,1.98,1,10,True,28.56
2026-02-10 10:45:00,Bus Stop,8,6,1.23,1,10,True,6.84
2026-02-10 11:00:00,Printing Shop,4,2,2.73,1,11,True,7.77
2026-02-10 11:15:00,Canteen,16,3,3.24,1,11,True,63.59
2026-02-10 11:15:00,Printing Shop,5,9,3.29,1,11,True,10.11
2026-02-10 11:15:00,Computer Lab,11,2,3.53,1,11,True,55.16
2026-02-10 11:15:00,Bus Stop,9,5,1.79,1,11,True,11.9
2026-02-10 11:15:00,Admin Office,6,6,4.48,1,11,True,35.18
2026-02-10 11:30:00,Bus Stop,10,9,1.64,1,11,True,12.59
2026-02-10 12:00:00,Canteen,21,4,2.84,1,12,True,62.35
2026-02-10 12:00:00,Bus Stop,13,5,1.12,1,12,True,19.48
2026-02-10 12:15:00,Bus Stop,9,6,1.22,1,12,True,14.29
2026-02-10 12:15:00,Printing Shop,10,4,2.22,1,12,True,32.31
2026-02-10 12:15:00,Library,12,1,3.74,1,12,True,49.05
2026-02-10 12:30:00,Admin Office,7,4,5.71,1,12,True,50.48
2026-02-10 13:00:00,Printing Shop,3,10,3.67,1,13,True,7.82
2026-02-10 13:15:00,Admin Office,2,8,5.49,1,13,True,11.17
2026-02-10 13:15:00,Admin Office,2,9,5.81,1,13,True,12.36
2026-02-10 13:15:00,Computer Lab,8,2,2.91,1,13,True,26.78
2026-02-10 13:15:00,Admin Office,4,6,4.85,1,13,True,18.73
2026-02-10 13:30:00,Library,8,6,4.37,1,13,True,47.26
2026-02-10 13:30:00,Bus Stop,18,6,2.01,1,13,True,47.0
2026-02-10 13:45:00,Library,8,2,4.46,1,13,True,33.99
2026-02-10 14:00:00,Admin Office,8,7,4.9,1,14,True,49.9
2026-02-10 14:00:00,Computer Lab,9,3,3.19,1,14,True,26.68
2026-02-10 14:15:00,Computer Lab,15,3,3.09,1,14,True,62.09
2026-02-10 14:15:00,Bus Stop,14,2,1.59,1,14,True,30.4
2026-02-10 14:30:00,Computer Lab,13,7,4.38,1,14,True,72.75
2026-02-10 14:30:00,Canteen,11,3,3.23,1,14,True,46.11
2026-02-10 14:30:00,Computer Lab,11,2,3.54,1,14,True,54.9
2026-02-10 14:30:00,Canteen,31,4,2.51,1,14,True,84.37
2026-02-10 14:45:00,Computer Lab,8,2,2.89,1,14,True,25.88
2026-02-10 14:45:00,Bus Stop,22,7,1.59,1,14,True,33.18
2026-02-10 14:45:00,Admin Office,3,8,5.81,1,14,True,12.59
2026-02-10 15:00:00,Bus Stop,10,10,1.69,1,15,False,21.16
2026-02-10 15:00:00,Admin Office,3,6,5.86,1,15,False,20.32
2026-02-10 15:00:00,Admin Office,4,2,5.74,1,15,False,28.68
2026-02-10 15:15:00,Admin Office,1,6,4.73,1,15,False,0.0
2026-02-10 15:15:00,Admin Office,5,2,3.14,1,15,False,9.92
2026-02-10 15:15:00,Bus Stop,9,5,1.62,1,15,False,15.3
2026-02-10 15:15:00,Admin Office,6,7,5.53,1,15,False,30.5
2026-02-10 15:15:00,Bus Stop,12,9,1.2,1,15,False,10.57
2026-02-10 15:30:00,Bus Stop,13,2,1.31,1,15,False,19.65
2026-02-10 15:45:00,Library,5,4,4.47,1,15,False,16.66
2026-02-10 15:45:00,Printing Shop,8,3,2.07,1,15,False,20.14
2026-02-10 15:45:00,Computer Lab,13,7,2.93,1,15,False,34.72
2026-02-10 16:00:00,Admin Office,4,5,3.66,1,16,True,15.86
2026-02-10 16:00:00,Canteen,15,5,2.29,1,16,True,33.11
2026-02-10 16:00:00,Bus Stop,28,2,1.29,1,16,True,42.63
2026-02-10 16:30:00,Bus Stop,19,8,1.48,1,16,True,23.45
2026-02-10 16:30:00,Library,14,7,2.93,1,16,True,39.27
2026-02-10 16:45:00,Canteen,9,7,3.11,1,16,True,25.28
2026-02-10 16:45:00,Computer Lab,11,1,4.23,1,16,True,52.14
2026-02-10 16:45:00,Computer Lab,12,4,3.26,1,16,True,39.61
2026-02-10 17:00:00,Bus Stop,17,5,1.88,1,17,True,33.93
2026-02-10 17:00:00,Library,11,4,4.53,1,17,True,52.78
2026-02-10 17:00:00,Library,8,10,3.33,1,17,True,31.04
2026-02-10 17:00:00,Canteen,7,4,1.93,1,17,True,9.6
2026-02-10 17:00:00,Bus Stop,24,6,1.5,1,17,True,36.6
2026-02-10 17:00:00,Admin Office,5,1,4.13,1,17,True,27.91
2026-02-10 17:15:00,Printing Shop,6,5,2.09,1,17,True,13.11
2026-02-10 17:15:00,Library,10,1,4.33,1,17,True,56.38
2026-02-10 17:30:00,Computer Lab,7,1,3.77,1,17,True,35.61
2026-02-10 17:30:00,Computer Lab,8,4,3.75,1,17,True,41.17
2026-02-10 17:45:00,Bus Stop,29,4,1.87,1,17,True,50.67
2026-02-11 08:00:00,Library,7,3,4.15,2,8,False,24.87
2026-02-11 08:15:00,Admin Office,2,2,4.32,2,8,False,5.76
2026-02-11 08:30:00,Canteen,6,4,2.01,2,8,False,8.43
2026-02-11 08:30:00,Admin Office,3,6,6.0,2,8,False,13.97
2026-02-11 08:30:00,Computer Lab,9,3,4.07,2,8,False,43.07
2026-02-11 08:45:00,Library,5,3,3.48,2,8,False,13.3
2026-02-11 08:45:00,Printing Shop,3,9,2.34,2,8,False,9.52
2026-02-11 08:45:00,Library,8,8,3.02,2,8,False,29.99
2026-02-11 09:00:00,Bus Stop,21,7,1.55,2,9,False,37.79
2026-02-11 09:00:00,Canteen,9,4,2.27,2,9,False,26.43
2026-02-11 09:15:00,Printing Shop,4,3,3.63,2,9,False,18.55
2026-02-11 09:15:00,Library,13,2,4.84,2,9,False,60.87
2026-02-11 09:15:00,Admin Office,1,10,4.89,2,9,False,0.89
2026-02-11 09:30:00,Computer Lab,10,8,3.52,2,9,False,27.98
2026-02-11 09:30:00,Printing Shop,6,9,2.92,2,9,False,20.41
2026-02-11 09:30:00,Bus Stop,21,6,1.83,2,9,False,32.01
2026-02-11 09:30:00,Computer Lab,7,4,2.45,2,9,False,22.12
2026-02-11 09:45:00,Library,11,3,3.21,2,9,False,29.21
2026-02-11 09:45:00,Bus Stop,25,6,1.22,2,9,False,28.25
2026-02-11 10:30:00,Printing Shop,11,5,2.08,2,10,True,30.79
2026-02-11 10:45:00,Library,6,9,2.79,2,10,True,25.83
2026-02-11 10:45:00,Library,7,2,4.08,2,10,True,28.55
2026-02-11 10:45:00,Computer Lab,9,5,2.88,2,10,True,26.98
2026-02-11 11:00:00,Bus Stop,13,4,1.51,2,11,True,20.14
2026-02-11 11:15:00,Printing Shop,5,8,2.53,2,11,True,6.36
2026-02-11 11:15:00,Computer Lab,15,10,4.18,2,11,True,77.19
2026-02-11 11:45:00,Library,8,2,3.92,2,11,True,27.5
2026-02-11 11:45:00,Library,6,8,3.56,2,11,True,17.13
2026-02-11 11:45:00,Printing Shop,7,3,3.19,2,11,True,33.35
2026-02-11 12:00:00,Bus Stop,11,6,1.94,2,12,True,14.85
2026-02-11 12:30:00,Printing Shop,9,9,3.88,2,12,True,44.59
2026-02-11 12:30:00,Canteen,34,1,2.79,2,12,True,108.04
2026-02-11 12:45:00,Canteen,21,7,3.33,2,12,True,72.1
2026-02-11 12:45:00,Printing Shop,11,1,2.39,2,12,True,30.74
2026-02-11 12:45:00,Printing Shop,8,7,3.38,2,12,True,33.31
2026-02-11 13:00:00,Admin Office,4,6,4.58,2,13,True,24.06
2026-02-11 13:15:00,Computer Lab,7,4,3.03,2,13,True,15.48
2026-02-11 13:30:00,Bus Stop,23,4,1.38,2,13,True,39.42
2026-02-11 14:00:00,Library,10,10,4.47,2,14,True,43.58
2026-02-11 14:00:00,Admin Office,8,9,4.61,2,14,True,41.98
2026-02-11 14:00:00,Library,4,9,3.77,2,14,True,16.81
2026-02-11 14:15:00,Bus Stop,19,4,1.3,2,14,True,35.52
2026-02-11 14:30:00,Computer Lab,14,9,3.94,2,14,True,58.74
2026-02-11 14:30:00,Canteen,19,10,2.15,2,14,True,47.23
2026-02-11 14:30:00,Printing Shop,6,5,2.53,2,14,True,21.72
2026-02-11 14:30:00,Admin Office,2,8,2.88,2,14,True,6.37
2026-02-11 14:30:00,Bus Stop,25,7,1.45,2,14,True,48.88
2026-02-11 14:45:00,Library,13,10,4.41,2,14,True,66.58
2026-02-11 14:45:00,Library,12,3,3.25,2,14,True,39.44
2026-02-11 15:00:00,Canteen,6,3,2.51,2,15,False,20.98
2026-02-11 15:15:00,Bus Stop,11,9,1.53,2,15,False,18.31
2026-02-11 15:45:00,Canteen,11,10,2.95,2,15,False,34.19
2026-02-11 15:45:00,Printing Shop,6,6,2.05,2,15,False,19.24
2026-02-11 15:45:00,Canteen,11,9,2.79,2,15,False,27.36
2026-02-11 15:45:00,Printing Shop,10,1,3.18,2,15,False,28.63
2026-02-11 16:00:00,Computer Lab,12,6,3.04,2,16,True,34.46
2026-02-11 16:15:00,Computer Lab,10,3,2.61,2,16,True,35.12
2026-02-11 16:15:00,Admin Office,5,7,4.21,2,16,True,22.83
2026-02-11 16:15:00,Admin Office,4,8,6.89,2,16,True,33.13
2026-02-11 16:30:00,Library,15,4,4.1,2,16,True,70.92
2026-02-11 16:45:00,Canteen,9,10,3.08,2,16,True,24.83
2026-02-11 16:45:00,Bus Stop,31,10,1.55,2,16,True,54.9
2026-02-11 17:00:00,Bus Stop,21,3,1.74,2,17,True,43.44
2026-02-11 17:15:00,Bus Stop,33,9,1.61,2,17,True,63.09
2026-02-11 17:15:00,Canteen,15,3,2.04,2,17,True,30.42
2026-02-11 17:45:00,Library,16,10,5.01,2,17,True,86.71
2026-02-11 17:45:00,Canteen,17,3,2.24,2,17,True,43.52
2026-02-11 17:45:00,Computer Lab,6,8,3.11,2,17,True,19.33
2026-02-11 17:45:00,Computer Lab,10,8,3.46,2,17,True,34.82
2026-02-11 17:45:00,Printing Shop,3,8,3.62,2,17,True,6.69
2026-02-12 08:15:00,Bus Stop,21,6,2.04,3,8,False,34.96
2026-02-12 08:15:00,Printing Shop,9,5,3.41,3,8,False,33.24
2026-02-12 08:30:00,Bus Stop,17,8,1.73,3,8,False,31.92
2026-02-12 08:30:00,Canteen,10,8,1.81,3,8,False,22.26
2026-02-12 08:30:00,Canteen,14,10,3.12,3,8,False,50.48
2026-02-12 08:30:00,Bus Stop,25,7,1.47,3,8,False,35.69
2026-02-12 08:45:00,Admin Office,2,5,4.15,3,8,False,8.99
2026-02-12 09:00:00,Library,10,2,4.22,3,9,False,40.45
2026-02-12 09:00:00,Computer Lab,7,8,3.35,3,9,False,28.23
2026-02-12 09:00:00,Canteen,9,2,2.18,3,9,False,14.59
2026-02-12 09:00:00,Admin Office,4,6,4.99,3,9,False,26.4
2026-02-12 09:15:00,Computer Lab,9,2,3.63,3,9,False,39.14
2026-02-12 09:15:00,Printing Shop,3,10,2.93,3,9,False,15.31
2026-02-12 09:15:00,Computer Lab,7,8,3.43,3,9,False,28.82
2026-02-12 09:30:00,Printing Shop,3,9,2.76,3,9,False,2.26
2026-02-12 09:30:00,Canteen,13,9,2.32,3,9,False,31.03
2026-02-12 09:30:00,Computer Lab,9,1,3.71,3,9,False,32.89
2026-02-12 09:30:00,Bus Stop,21,8,1.59,3,9,False,38.83
2026-02-12 09:45:00,Bus Stop,26,10,1.32,3,9,False,38.07
2026-02-12 09:45:00,Admin Office,4,4,4.88,3,9,False,16.58
2026-02-12 09:45:00,Canteen,10,6,2.73,3,9,False,20.01
2026-02-12 09:45:00,Admin Office,4,8,4.85,3,9,False,15.26
2026-02-12 10:00:00,Printing Shop,12,1,3.01,3,10,True,31.69
2026-02-12 10:00:00,Canteen,10,7,1.79,3,10,True,18.51
2026-02-12 10:00:00,Library,6,9,4.2,3,10,True,32.73
2026-02-12 10:15:00,Bus Stop,14,10,1.57,3,10,True,24.11
2026-02-12 10:15:00,Canteen,11,9,2.37,3,10,True,23.87
2026-02-12 10:30:00,Library,8,10,2.99,3,10,True,24.55
2026-02-12 10:45:00,Computer Lab,19,3,3.68,3,10,True,72.97
2026-02-12 10:45:00,Computer Lab,10,8,4.44,3,10,True,45.55
2026-02-12 11:00:00,Printing Shop,6,6,3.75,3,11,True,25.54
2026-02-12 11:00:00,Library,7,5,4.36,3,11,True,39.02
2026-02-12 11:15:00,Canteen,12,8,3.62,3,11,True,55.4
2026-02-12 11:15:00,Printing Shop,8,8,1.68,3,11,True,19.61
2026-02-12 11:15:00,Printing Shop,10,4,4.58,3,11,True,57.14
2026-02-12 11:30:00,Bus Stop,10,6,1.59,3,11,True,18.55
2026-02-12 11:30:00,Canteen,10,9,2.55,3,11,True,21.1
2026-02-12 11:30:00,Library,10,1,3.63,3,11,True,45.54
2026-02-12 11:30:00,Canteen,9,3,2.2,3,11,True,25.47
2026-02-12 11:30:00,Computer Lab,14,1,2.07,3,11,True,39.59
2026-02-12 11:45:00,Library,12,8,2.39,3,11,True,41.66
2026-02-12 11:45:00,Bus Stop,7,2,1.1,3,11,True,0.0
2026-02-12 12:00:00,Computer Lab,9,4,2.85,3,12,True,22.43
2026-02-12 12:00:00,Computer Lab,12,10,1.86,3,12,True,29.04
2026-02-12 12:00:00,Printing Shop,6,2,3.03,3,12,True,25.99
2026-02-12 12:00:00,Bus Stop,14,2,2.05,3,12,True,33.88
2026-02-12 12:15:00,Admin Office,9,8,4.24,3,12,True,40.38
2026-02-12 12:15:00,Library,7,7,4.67,3,12,True,44.52
2026-02-12 12:15:00,Admin Office,6,6,5.75,3,12,True,41.56
2026-02-12 12:30:00,Bus Stop,5,6,1.09,3,12,True,11.82
2026-02-12 12:30:00,Library,8,8,3.78,3,12,True,27.13
2026-02-12 12:30:00,Canteen,34,4,1.4,3,12,True,55.05
2026-02-12 12:30:00,Bus Stop,17,2,1.57,3,12,True,37.67
2026-02-12 12:45:00,Library,8,3,3.7,3,12,True,31.89
2026-02-12 13:00:00,Bus Stop,15,1,0.86,3,13,True,16.25
2026-02-12 13:00:00,Canteen,29,2,1.66,3,13,True,47.4
2026-02-12 13:00:00,Printing Shop,2,2,2.84,3,13,True,9.63
2026-02-12 13:15:00,Computer Lab,6,4,5.26,3,13,True,37.09
2026-02-12 13:30:00,Library,5,10,3.82,3,13,True,22.81
2026-02-12 13:45:00,Canteen,14,10,3.44,3,13,True,58.36
2026-02-12 13:45:00,Bus Stop,15,1,1.12,3,13,True,20.28
2026-02-12 13:45:00,Canteen,32,1,2.92,3,13,True,106.76
2026-02-12 14:00:00,Admin Office,5,8,5.39,3,14,True,26.56
2026-02-12 14:15:00,Computer Lab,9,1,3.2,3,14,True,27.75
2026-02-12 14:15:00,Printing Shop,2,7,2.04,3,14,True,7.99
2026-02-12 14:15:00,Library,9,9,3.75,3,14,True,36.2
2026-02-12 14:30:00,Bus Stop,15,7,1.59,3,14,True,21.25
2026-02-12 14:45:00,Printing Shop,5,7,3.05,3,14,True,23.99
2026-02-12 14:45:00,Computer Lab,10,9,3.7,3,14,True,34.35
2026-02-12 14:45:00,Canteen,23,2,2.87,3,14,True,79.2
2026-02-12 15:00:00,Library,11,1,4.54,3,15,False,54.34
2026-02-12 15:15:00,Computer Lab,13,4,3.76,3,15,False,46.75
2026-02-12 15:15:00,Canteen,11,6,2.37,3,15,False,28.26
2026-02-12 15:15:00,Canteen,10,2,2.31,3,15,False,29.58
2026-02-12 15:15:00,Canteen,8,2,3.02,3,15,False,28.36
2026-02-12 15:30:00,Computer Lab,10,2,3.95,3,15,False,37.07
2026-02-12 15:30:00,Bus Stop,7,3,1.41,3,15,False,7.5
2026-02-12 15:45:00,Library,13,2,2.92,3,15,False,45.27
2026-02-12 16:00:00,Admin Office,7,3,5.43,3,16,True,41.81
2026-02-12 16:15:00,Bus Stop,28,9,1.38,3,16,True,39.48
2026-02-12 16:15:00,Bus Stop,18,3,1.51,3,16,True,37.94
2026-02-12 16:30:00,Admin Office,4,8,4.8,3,16,True,27.58
2026-02-12 16:30:00,Canteen,17,4,3.25,3,16,True,67.19
2026-02-12 16:30:00,Library,16,5,5.04,3,16,True,90.37
2026-02-12 16:45:00,Admin Office,4,8,4.97,3,16,True,13.65
2026-02-12 16:45:00,Admin Office,4,8,4.66,3,16,True,25.68
2026-02-12 16:45:00,Printing Shop,8,5,4.13,3,16,True,43.55
2026-02-12 16:45:00,Library,10,7,2.81,3,16,True,32.89
2026-02-12 16:45:00,Bus Stop,33,6,1.75,3,16,True,55.19
2026-02-12 17:00:00,Canteen,16,9,2.72,3,17,True,43.81
2026-02-12 17:15:00,Printing Shop,7,6,3.39,3,17,True,29.23
2026-02-12 17:15:00,Bus Stop,34,3,0.8,3,17,True,26.33
2026-02-12 17:30:00,Library,12,4,3.99,3,17,True,50.2
2026-02-12 17:30:00,Printing Shop,12,2,2.9,3,17,True,33.89
2026-02-12 17:45:00,Bus Stop,25,9,1.5,3,17,True,37.98
2026-02-12 17:45:00,Library,14,3,3.75,3,17,True,51.96
2026-02-12 17:45:00,Printing Shop,7,4,3.6,3,17,True,21.89
2026-02-13 08:00:00,Printing Shop,3,7,2.79,4,8,False,13.73
2026-02-13 08:00:00,Printing Shop,1,10,3.25,4,8,False,7.04
2026-02-13 08:00:00,Canteen,7,2,2.69,4,8,False,12.84
2026-02-13 08:15:00,Canteen,8,4,2.59,4,8,False,24.12
2026-02-13 08:15:00,Computer Lab,10,7,3.55,4,8,False,35.95
2026-02-13 08:30:00,Library,3,2,2.2,4,8,False,14.55
2026-02-13 08:45:00,Computer Lab,7,2,3.9,4,8,False,19.5
2026-02-13 09:00:00,Printing Shop,4,6,3.09,4,9,False,14.95
2026-02-13 09:15:00,Library,8,6,5.25,4,9,False,38.31
2026-02-13 09:15:00,Bus Stop,16,3,1.77,4,9,False,28.67
2026-02-13 09:15:00,Library,4,8,4.02,4,9,False,8.22
2026-02-13 09:15:00,Printing Shop,7,9,2.93,4,9,False,16.15
2026-02-13 09:30:00,Canteen,8,3,2.33,4,9,False,18.4
2026-02-13 09:45:00,Admin Office,2,1,4.57,4,9,False,15.44
2026-02-13 09:45:00,Library,10,6,3.51,4,9,False,33.51
2026-02-13 09:45:00,Canteen,11,7,3.0,4,9,False,27.12
2026-02-13 10:00:00,Printing Shop,5,10,2.97,4,10,True,14.89
2026-02-13 10:15:00,Canteen,8,8,3.12,4,10,True,31.19
2026-02-13 10:15:00,Library,7,2,4.88,4,10,True,39.75
2026-02-13 10:15:00,Computer Lab,10,2,4.08,4,10,True,39.73
2026-02-13 10:15:00,Canteen,9,7,2.56,4,10,True,31.65
2026-02-13 10:30:00,Canteen,10,6,2.75,4,10,True,34.47
2026-02-13 10:45:00,Computer Lab,15,7,2.83,4,10,True,50.3
2026-02-13 11:15:00,Bus Stop,12,1,1.76,4,11,True,16.55
2026-02-13 11:15:00,Library,11,8,5.0,4,11,True,57.84
2026-02-13 11:15:00,Admin Office,4,6,3.7,4,11,True,11.47
2026-02-13 11:30:00,Admin Office,9,8,6.49,4,11,True,59.31
2026-02-13 11:30:00,Bus Stop,11,7,2.12,4,11,True,23.43
2026-02-13 11:45:00,Canteen,12,10,2.19,4,11,True,19.96
2026-02-13 11:45:00,Printing Shop,7,6,3.24,4,11,True,29.1
2026-02-13 11:45:00,Admin Office,4,3,6.39,4,11,True,30.94
2026-02-13 11:45:00,Library,10,1,3.85,4,11,True,39.16
2026-02-13 12:00:00,Library,4,5,4.21,4,12,True,13.36
2026-02-13 12:00:00,Admin Office,7,4,5.08,4,12,True,38.9
2026-02-13 12:15:00,Printing Shop,9,3,2.2,4,12,True,24.96
2026-02-13 12:30:00,Library,6,9,3.83,4,12,True,25.37
2026-02-13 12:30:00,Canteen,27,3,1.84,4,12,True,54.21
2026-02-13 12:30:00,Admin Office,7,3,5.09,4,12,True,44.01
2026-02-13 12:45:00,Printing Shop,5,7,3.53,4,12,True,17.8
2026-02-13 12:45:00,Canteen,15,5,2.07,4,12,True,27.78
2026-02-13 13:00:00,Library,4,5,5.04,4,13,True,22.34
2026-02-13 13:15:00,Admin Office,4,2,7.4,4,13,True,36.25
2026-02-13 13:30:00,Library,6,1,3.44,4,13,True,23.63
2026-02-13 13:30:00,Printing Shop,3,4,3.17,4,13,True,6.51
2026-02-13 13:45:00,Library,5,2,3.55,4,13,True,21.84
2026-02-13 13:45:00,Computer Lab,11,2,3.88,4,13,True,50.87
2026-02-13 14:15:00,Bus Stop,14,9,1.88,4,14,True,26.15
2026-02-13 14:15:00,Canteen,36,4,2.46,4,14,True,105.36
2026-02-13 14:30:00,Printing Shop,4,10,2.13,4,14,True,15.94
2026-02-13 14:30:00,Canteen,25,2,2.56,4,14,True,79.72
2026-02-13 14:30:00,Canteen,15,4,1.84,4,14,True,35.98
2026-02-13 14:30:00,Bus Stop,20,5,2.06,4,14,True,39.39
2026-02-13 14:45:00,Canteen,23,8,2.61,4,14,True,72.32
2026-02-13 14:45:00,Canteen,12,4,2.5,4,14,True,36.9
2026-02-13 15:00:00,Library,10,6,3.66,4,15,False,37.64
2026-02-13 15:00:00,Computer Lab,13,10,3.66,4,15,False,48.76
2026-02-13 15:15:00,Computer Lab,5,7,4.62,4,15,False,18.12
2026-02-13 15:30:00,Library,10,1,3.26,4,15,False,30.22
2026-02-13 15:30:00,Printing Shop,6,3,2.47,4,15,False,10.66
2026-02-13 15:45:00,Printing Shop,9,5,2.94,4,15,False,32.62
2026-02-13 15:45:00,Canteen,9,2,2.59,4,15,False,16.51
2026-02-13 15:45:00,Printing Shop,10,2,2.46,4,15,False,31.23
2026-02-13 15:45:00,Admin Office,4,1,4.78,4,15,False,17.38
2026-02-13 16:00:00,Admin Office,3,4,3.81,4,16,True,10.77
2026-02-13 16:00:00,Canteen,11,8,1.9,4,16,True,14.7
2026-02-13 16:15:00,Bus Stop,13,1,1.17,4,16,True,21.32
2026-02-13 16:15:00,Library,12,6,4.06,4,16,True,53.21
2026-02-13 16:15:00,Bus Stop,28,1,1.95,4,16,True,53.64
2026-02-13 16:30:00,Printing Shop,8,1,2.48,4,16,True,15.58
2026-02-13 16:30:00,Bus Stop,33,8,1.49,4,16,True,61.41
2026-02-13 16:30:00,Canteen,22,3,3.38,4,16,True,90.59
2026-02-13 16:30:00,Bus Stop,9,3,1.8,4,16,True,17.57
2026-02-13 16:45:00,Computer Lab,7,5,3.06,4,16,True,26.08
2026-02-13 16:45:00,Admin Office,3,9,4.58,4,16,True,19.7
2026-02-13 17:00:00,Canteen,18,3,2.34,4,17,True,43.39
2026-02-13 17:00:00,Computer Lab,9,2,3.26,4,17,True,37.57
2026-02-13 17:15:00,Computer Lab,7,6,4.07,4,17,True,24.87
2026-02-13 17:30:00,Bus Stop,32,3,1.6,4,17,True,63.6
2026-02-13 17:30:00,Printing Shop,10,10,2.75,4,17,True,29.07
2026-02-13 17:30:00,Computer Lab,6,3,2.83,4,17,True,20.42
2026-02-13 17:30:00,Admin Office,2,1,3.97,4,17,True,7.34
2026-02-13 17:30:00,Computer Lab,9,3,2.91,4,17,True,33.62
2026-02-13 17:30:00,Bus Stop,25,2,1.42,4,17,True,36.25
2026-02-13 17:45:00,Canteen,10,7,3.05,4,17,True,31.18
2026-02-14 08:00:00,Printing Shop,1,7,3.6,5,8,False,2.79
2026-02-14 08:15:00,Admin Office,0,1,7.24,5,8,False,0.0
2026-02-14 08:15:00,Bus Stop,5,5,1.5,5,8,False,5.07
2026-02-14 08:30:00,Canteen,4,8,2.3,5,8,False,9.13
2026-02-14 08:30:00,Printing Shop,4,9,3.06,5,8,False,5.75
2026-02-14 08:30:00,Canteen,6,5,2.01,5,8,False,5.72
2026-02-14 08:30:00,Canteen,7,7,2.43,5,8,False,24.28
2026-02-14 09:00:00,Library,6,4,4.1,5,9,False,31.92
2026-02-14 09:00:00,Admin Office,3,7,4.17,5,9,False,13.92
2026-02-14 09:00:00,Library,7,10,5.01,5,9,False,36.07
2026-02-14 09:00:00,Canteen,6,6,2.09,5,9,False,12.88
2026-02-14 09:00:00,Bus Stop,11,10,1.81,5,9,False,15.55
2026-02-14 09:15:00,Library,4,3,2.78,5,9,False,14.5
2026-02-14 09:15:00,Computer Lab,2,9,3.76,5,9,False,0.8
2026-02-14 09:30:00,Canteen,8,6,2.09,5,9,False,24.47
2026-02-14 09:30:00,Canteen,6,8,1.92,5,9,False,11.71
2026-02-14 09:30:00,Computer Lab,7,5,4.26,5,9,False,31.53
2026-02-14 09:45:00,Canteen,6,2,2.65,5,9,False,10.87
2026-02-14 10:00:00,Admin Office,5,4,7.82,5,10,True,40.42
2026-02-14 10:00:00,Library,2,9,3.93,5,10,True,11.16
2026-02-14 10:15:00,Canteen,3,4,2.1,5,10,True,16.23
2026-02-14 10:15:00,Admin Office,4,1,6.43,5,10,True,28.65
2026-02-14 10:15:00,Printing Shop,4,1,3.35,5,10,True,10.43
2026-02-14 10:30:00,Library,3,6,2.75,5,10,True,18.28
2026-02-14 10:30:00,Computer Lab,5,3,2.66,5,10,True,17.62
2026-02-14 10:30:00,Canteen,3,3,3.66,5,10,True,4.17
2026-02-14 10:30:00,Computer Lab,4,5,3.79,5,10,True,12.64
2026-02-14 10:30:00,Bus Stop,7,7,1.4,5,10,True,14.49
2026-02-14 10:30:00,Bus Stop,7,3,1.87,5,10,True,7.88
2026-02-14 10:45:00,Bus Stop,6,8,1.57,5,10,True,3.78
2026-02-14 11:00:00,Canteen,6,2,1.92,5,11,True,14.47
2026-02-14 11:30:00,Bus Stop,5,9,1.33,5,11,True,4.98
2026-02-14 11:30:00,Admin Office,7,8,4.96,5,11,True,45.95
2026-02-14 11:30:00,Computer Lab,11,10,2.2,5,11,True,25.77
2026-02-14 11:45:00,Printing Shop,5,6,3.54,5,11,True,16.58
2026-02-14 11:45:00,Canteen,2,6,2.9,5,11,True,0.0
2026-02-14 11:45:00,Bus Stop,4,9,1.23,5,11,True,14.25
2026-02-14 11:45:00,Computer Lab,6,4,4.55,5,11,True,33.95
2026-02-14 12:00:00,Bus Stop,6,1,1.52,5,12,True,18.23
2026-02-14 12:15:00,Canteen,18,6,2.78,5,12,True,52.38
2026-02-14 12:15:00,Canteen,18,3,2.61,5,12,True,51.15
2026-02-14 12:30:00,Computer Lab,7,6,3.35,5,12,True,27.32
2026-02-14 12:45:00,Admin Office,4,8,6.14,5,12,True,32.67
2026-02-14 13:00:00,Computer Lab,1,1,2.87,5,13,True,0.0
2026-02-14 13:00:00,Admin Office,1,10,6.05,5,13,True,1.47
2026-02-14 13:00:00,Computer Lab,2,1,2.94,5,13,True,15.88
2026-02-14 13:15:00,Admin Office,3,10,2.88,5,13,True,13.95
2026-02-14 13:15:00,Computer Lab,4,1,4.95,5,13,True,22.21
2026-02-14 13:15:00,Computer Lab,8,8,3.08,5,13,True,27.25
2026-02-14 13:45:00,Admin Office,2,9,5.38,5,13,True,12.23
2026-02-14 13:45:00,Library,4,9,3.77,5,13,True,14.41
2026-02-14 13:45:00,Admin Office,3,7,4.39,5,13,True,14.92
2026-02-14 13:45:00,Library,3,3,4.06,5,13,True,12.31
2026-02-14 13:45:00,Bus Stop,13,9,1.65,5,13,True,17.76
2026-02-14 14:00:00,Bus Stop,10,4,1.34,5,14,True,6.97
2026-02-14 14:00:00,Canteen,11,2,2.75,5,14,True,32.26
2026-02-14 14:00:00,Bus Stop,10,4,1.81,5,14,True,21.79
2026-02-14 14:00:00,Admin Office,4,4,4.43,5,14,True,11.78
2026-02-14 14:15:00,Canteen,12,1,3.47,5,14,True,50.67
2026-02-14 14:15:00,Admin Office,3,4,2.67,5,14,True,3.23
2026-02-14 14:15:00,Admin Office,0,6,5.4,5,14,True,0.0
2026-02-14 14:15:00,Library,5,2,4.46,5,14,True,16.74
2026-02-14 14:30:00,Computer Lab,7,8,2.41,5,14,True,25.09
2026-02-14 14:30:00,Bus Stop,6,9,1.26,5,14,True,13.78
2026-02-14 14:45:00,Library,5,9,4.28,5,14,True,19.82
2026-02-14 15:00:00,Canteen,2,6,2.54,5,15,False,5.45
2026-02-14 15:00:00,Canteen,4,3,2.06,5,15,False,4.07
2026-02-14 15:00:00,Canteen,4,5,2.3,5,15,False,7.15
2026-02-14 15:15:00,Canteen,0,7,2.11,5,15,False,0.0
2026-02-14 15:30:00,Computer Lab,10,9,3.78,5,15,False,42.83
2026-02-14 15:30:00,Bus Stop,13,10,1.45,5,15,False,14.19
2026-02-14 15:30:00,Printing Shop,4,9,3.35,5,15,False,6.66
2026-02-14 15:30:00,Library,9,2,4.02,5,15,False,41.54
2026-02-14 15:30:00,Canteen,3,6,2.54,5,15,False,11.98
2026-02-14 15:30:00,Canteen,4,6,2.38,5,15,False,17.49
2026-02-14 15:45:00,Library,9,4,3.93,5,15,False,30.5
2026-02-14 15:45:00,Printing Shop,6,7,2.85,5,15,False,15.79
2026-02-14 15:45:00,Printing Shop,8,2,3.47,5,15,False,32.34
2026-02-14 15:45:00,Printing Shop,3,7,2.5,5,15,False,2.14
2026-02-14 16:00:00,Computer Lab,9,1,4.95,5,16,True,46.83
2026-02-14 16:15:00,Library,7,3,4.03,5,16,True,22.9
2026-02-14 16:15:00,Computer Lab,5,10,2.93,5,16,True,15.6
2026-02-14 16:15:00,Admin Office,1,3,5.57,5,16,True,5.72
2026-02-14 16:15:00,Computer Lab,6,4,3.95,5,16,True,35.51
2026-02-14 16:30:00,Bus Stop,15,4,1.12,5,16,True,13.74
2026-02-14 16:30:00,Bus Stop,18,3,1.73,5,16,True,27.98
2026-02-14 16:45:00,Computer Lab,6,3,4.17,5,16,True,20.56
2026-02-14 16:45:00,Printing Shop,4,4,2.91,5,16,True,10.34
2026-02-14 17:00:00,Printing Shop,7,8,3.89,5,17,True,30.17
2026-02-14 17:15:00,Admin Office,2,1,4.05,5,17,True,1.74
2026-02-14 17:15:00,Library,7,7,4.05,5,17,True,40.12
2026-02-14 17:15:00,Canteen,9,1,2.31,5,17,True,27.52
2026-02-14 17:30:00,Computer Lab,1,1,3.81,5,17,True,10.74
2026-02-14 17:45:00,Printing Shop,3,10,1.71,5,17,True,4.81
2026-02-14 17:45:00,Canteen,9,8,2.14,5,17,True,14.36
2026-02-15 08:00:00,Library,2,1,2.79,6,8,False,10.89
2026-02-15 08:00:00,Admin Office,1,6,4.36,6,8,False,8.75
2026-02-15 08:00:00,Computer Lab,4,4,2.93,6,8,False,7.74
2026-02-15 08:00:00,Printing Shop,3,2,2.9,6,8,False,10.6
2026-02-15 08:15:00,Bus Stop,18,9,1.59,6,8,False,24.1
2026-02-15 08:15:00,Canteen,3,2,3.46,6,8,False,5.7
2026-02-15 09:00:00,Printing Shop,1,5,4.09,6,9,False,0.0
2026-02-15 09:00:00,Admin Office,2,1,4.3,6,9,False,12.07
2026-02-15 09:15:00,Library,3,2,2.97,6,9,False,16.64
2026-02-15 09:15:00,Computer Lab,6,6,4.09,6,9,False,23.28
2026-02-15 09:30:00,Computer Lab,2,7,3.61,6,9,False,10.01
2026-02-15 09:30:00,Admin Office,3,6,3.49,6,9,False,6.2
2026-02-15 09:30:00,Admin Office,4,3,4.09,6,9,False,11.54
2026-02-15 09:30:00,Computer Lab,7,10,3.42,6,9,False,30.2
2026-02-15 09:45:00,Library,5,4,3.92,6,9,False,18.75
2026-02-15 09:45:00,Bus Stop,8,3,1.79,6,9,False,9.33
2026-02-15 09:45:00,Library,6,6,3.47,6,9,False,18.47
2026-02-15 09:45:00,Library,4,10,4.68,6,9,False,19.64
2026-02-15 10:00:00,Bus Stop,6,4,1.71,6,10,True,5.97
2026-02-15 10:00:00,Library,4,9,4.02,6,10,True,23.87
2026-02-15 10:00:00,Computer Lab,10,6,2.13,6,10,True,28.24
2026-02-15 10:15:00,Canteen,3,6,2.61,6,10,True,9.93
2026-02-15 10:30:00,Admin Office,3,3,3.54,6,10,True,16.76
2026-02-15 10:30:00,Canteen,6,6,1.17,6,10,True,4.92
2026-02-15 10:30:00,Library,5,6,6.02,6,10,True,28.79
2026-02-15 10:45:00,Library,4,7,5.99,6,10,True,24.54
2026-02-15 10:45:00,Admin Office,0,7,6.82,6,10,True,0.63
2026-02-15 10:45:00,Library,5,5,1.94,6,10,True,13.73
2026-02-15 11:00:00,Canteen,4,9,2.37,6,11,True,17.54
2026-02-15 11:15:00,Bus Stop,5,3,1.08,6,11,True,14.96
2026-02-15 11:30:00,Library,7,8,3.91,6,11,True,31.84
2026-02-15 11:30:00,Bus Stop,3,7,1.44,6,11,True,10.57
2026-02-15 11:45:00,Bus Stop,8,4,1.54,6,11,True,10.41
2026-02-15 11:45:00,Printing Shop,2,1,3.73,6,11,True,1.5
2026-02-15 11:45:00,Bus Stop,6,3,1.7,6,11,True,18.49
2026-02-15 12:00:00,Library,4,6,4.05,6,12,True,25.25
2026-02-15 12:15:00,Printing Shop,3,2,3.6,6,12,True,21.84
2026-02-15 12:15:00,Bus Stop,7,8,1.8,6,12,True,16.43
2026-02-15 12:15:00,Library,2,1,3.94,6,12,True,14.94
2026-02-15 12:30:00,Computer Lab,5,5,2.09,6,12,True,5.33
2026-02-15 13:00:00,Canteen,19,5,1.93,6,13,True,34.46
2026-02-15 13:15:00,Admin Office,1,9,2.68,6,13,True,0.0
2026-02-15 13:15:00,Library,8,8,4.43,6,13,True,41.31
2026-02-15 13:15:00,Bus Stop,10,4,1.49,6,13,True,20.66
2026-02-15 13:15:00,Printing Shop,4,3,3.25,6,13,True,19.81
2026-02-15 14:00:00,Canteen,14,3,1.88,6,14,True,22.59
2026-02-15 14:00:00,Library,7,1,5.24,6,14,True,40.88
2026-02-15 14:00:00,Library,10,7,4.69,6,14,True,53.93
2026-02-15 14:00:00,Printing Shop,3,7,3.38,6,14,True,14.67
2026-02-15 14:30:00,Computer Lab,6,5,4.84,6,14,True,24.32
2026-02-15 14:30:00,Printing Shop,5,8,2.32,6,14,True,5.31
2026-02-15 14:30:00,Computer Lab,6,5,3.32,6,14,True,20.8
2026-02-15 14:45:00,Canteen,10,10,2.71,6,14,True,28.73
2026-02-15 14:45:00,Bus Stop,9,9,1.43,6,14,True,6.39
2026-02-15 14:45:00,Admin Office,0,5,6.05,6,14,True,2.74
2026-02-15 14:45:00,Library,6,4,4.84,6,14,True,34.29
2026-02-15 14:45:00,Admin Office,1,3,5.27,6,14,True,5.25
2026-02-15 15:00:00,Printing Shop,2,7,3.71,6,15,False,6.33
2026-02-15 15:15:00,Library,8,4,4.35,6,15,False,28.68
2026-02-15 15:15:00,Canteen,7,5,2.45,6,15,False,10.61
2026-02-15 15:30:00,Computer Lab,5,8,2.75,6,15,False,16.66
2026-02-15 15:30:00,Library,5,4,3.4,6,15,False,16.36
2026-02-15 15:30:00,Admin Office,6,8,4.77,6,15,False,31.02
2026-02-15 15:30:00,Library,5,3,4.68,6,15,False,24.67
2026-02-15 15:45:00,Computer Lab,8,5,3.51,6,15,False,23.53
2026-02-15 15:45:00,Computer Lab,6,6,3.44,6,15,False,27.33
2026-02-15 16:00:00,Bus Stop,20,5,1.75,6,16,True,47.33
2026-02-15 16:00:00,Computer Lab,6,8,2.14,6,16,True,19.62
2026-02-15 16:00:00,Canteen,7,3,2.93,6,16,True,21.58
2026-02-15 16:00:00,Bus Stop,16,3,1.83,6,16,True,40.22
2026-02-15 16:00:00,Bus Stop,20,3,1.93,6,16,True,36.22
2026-02-15 16:15:00,Admin Office,8,3,4.93,6,16,True,47.59
2026-02-15 16:30:00,Library,9,2,3.49,6,16,True,27.07
2026-02-15 16:30:00,Bus Stop,21,5,1.98,6,16,True,41.05
2026-02-15 16:45:00,Computer Lab,10,6,3.89,6,16,True,46.96
2026-02-15 16:45:00,Admin Office,3,5,4.55,6,16,True,20.21
2026-02-15 16:45:00,Canteen,8,6,2.04,6,16,True,12.75
2026-02-15 16:45:00,Admin Office,0,3,5.09,6,16,True,0.0
2026-02-15 17:15:00,Canteen,6,4,1.64,6,17,True,8.01
2026-02-15 17:15:00,Canteen,10,7,3.37,6,17,True,29.99
2026-02-15 17:30:00,Bus Stop,13,2,1.23,6,17,True,21.49
2026-02-15 17:45:00,Computer Lab,5,7,4.19,6,17,True,31.67
2026-02-15 17:45:00,Bus Stop,18,7,1.19,6,17,True,16.82
2026-02-15 17:45:00,Computer Lab,0,2,3.8,6,17,True,0.81
2026-02-15 17:45:00,Library,5,3,4.2,6,17,True,25.41
2026-02-16 08:00:00,Printing Shop,1,10,2.9,0,8,False,8.86
2026-02-16 08:15:00,Computer Lab,4,4,4.15,0,8,False,17.39
2026-02-16 08:15:00,Bus Stop,25,9,0.85,0,8,False,15.69
2026-02-16 08:15:00,Computer Lab,7,1,4.28,0,8,False,22.78
2026-02-16 08:15:00,Library,7,9,4.06,0,8,False,28.24
2026-02-16 08:15:00,Bus Stop,29,4,1.72,0,8,False,47.14
2026-02-16 08:15:00,Admin Office,3,8,6.65,0,8,False,26.79
2026-02-16 08:15:00,Canteen,11,6,2.97,0,8,False,31.39
2026-02-16 08:30:00,Admin Office,5,5,4.79,0,8,False,18.38
2026-02-16 08:30:00,Printing Shop,4,8,2.35,0,8,False,15.53
2026-02-16 08:30:00,Computer Lab,7,9,3.8,0,8,False,22.0
2026-02-16 08:30:00,Computer Lab,8,2,3.69,0,8,False,29.57
2026-02-16 08:30:00,Bus Stop,25,8,1.65,0,8,False,39.95
2026-02-16 08:45:00,Admin Office,2,7,2.71,0,8,False,0.86
2026-02-16 08:45:00,Library,10,7,3.8,0,8,False,34.95
2026-02-16 08:45:00,Bus Stop,21,7,1.43,0,8,False,23.94
2026-02-16 09:00:00,Library,9,1,4.74,0,9,False,39.06
2026-02-16 09:15:00,Canteen,7,8,3.01,0,9,False,15.01
2026-02-16 09:15:00,Bus Stop,36,5,1.47,0,9,False,45.07
2026-02-16 09:45:00,Library,11,2,3.86,0,9,False,43.65
2026-02-16 09:45:00,Bus Stop,19,5,1.24,0,9,False,22.18
2026-02-16 09:45:00,Computer Lab,9,3,2.09,0,9,False,25.72
2026-02-16 09:45:00,Library,6,9,3.86,0,9,False,17.63
2026-02-16 09:45:00,Admin Office,3,8,4.26,0,9,False,5.33
2026-02-16 10:00:00,Printing Shop,9,2,2.6,0,10,True,28.19
2026-02-16 10:00:00,Computer Lab,10,9,4.05,0,10,True,43.99
2026-02-16 10:00:00,Bus Stop,13,6,0.84,0,10,True,13.56
2026-02-16 10:00:00,Bus Stop,10,8,1.29,0,10,True,6.0
2026-02-16 10:15:00,Computer Lab,11,6,2.73,0,10,True,30.77
2026-02-16 10:30:00,Printing Shop,5,9,3.88,0,10,True,21.45
2026-02-16 10:30:00,Computer Lab,12,3,3.96,0,10,True,62.9
2026-02-16 10:45:00,Printing Shop,5,2,2.93,0,10,True,19.25
2026-02-16 11:00:00,Printing Shop,8,8,2.91,0,11,True,23.35
2026-02-16 11:00:00,Admin Office,6,3,4.2,0,11,True,25.83
2026-02-16 11:15:00,Printing Shop,6,6,2.29,0,11,True,19.13
2026-02-16 11:30:00,Library,9,9,4.37,0,11,True,47.44
2026-02-16 11:30:00,Admin Office,9,6,5.63,0,11,True,60.51
2026-02-16 12:00:00,Bus Stop,19,10,1.56,0,12,True,30.45
2026-02-16 12:00:00,Computer Lab,13,9,2.89,0,12,True,38.78
2026-02-16 12:15:00,Admin Office,10,10,5.13,0,12,True,55.89
2026-02-16 12:15:00,Canteen,27,5,2.69,0,12,True,76.64
2026-02-16 12:15:00,Bus Stop,19,9,1.61,0,12,True,37.35
2026-02-16 12:15:00,Computer Lab,9,3,3.78,0,12,True,45.06
2026-02-16 12:15:00,Computer Lab,6,1,3.34,0,12,True,29.35
2026-02-16 12:30:00,Library,2,6,3.68,0,12,True,10.95
2026-02-16 12:30:00,Computer Lab,10,4,3.56,0,12,True,35.99
2026-02-16 12:30:00,Library,9,1,4.24,0,12,True,51.88
2026-02-16 12:30:00,Admin Office,7,10,4.02,0,12,True,34.81
2026-02-16 12:30:00,Canteen,15,7,2.49,0,12,True,50.13
2026-02-16 12:45:00,Bus Stop,12,7,1.57,0,12,True,18.03
2026-02-16 12:45:00,Library,9,2,3.68,0,12,True,42.23
2026-02-16 12:45:00,Admin Office,6,7,5.2,0,12,True,36.1
2026-02-16 13:00:00,Library,7,1,3.59,0,13,True,20.58
2026-02-16 13:00:00,Computer Lab,6,4,2.88,0,13,True,26.07
2026-02-16 13:15:00,Printing Shop,6,6,3.17,0,13,True,30.24
2026-02-16 13:30:00,Bus Stop,25,9,1.85,0,13,True,59.31
2026-02-16 13:30:00,Admin Office,3,4,4.24,0,13,True,20.07
2026-02-16 13:45:00,Printing Shop,5,9,3.05,0,13,True,11.74
2026-02-16 13:45:00,Bus Stop,16,5,1.37,0,13,True,16.88
2026-02-16 13:45:00,Admin Office,0,3,3.75,0,13,True,0.0
2026-02-16 13:45:00,Admin Office,5,5,5.59,0,13,True,22.24
2026-02-16 14:00:00,Printing Shop,4,8,2.77,0,14,True,16.73
2026-02-16 14:00:00,Printing Shop,4,7,2.75,0,14,True,7.57
2026-02-16 14:15:00,Admin Office,5,10,4.38,0,14,True,28.49
2026-02-16 14:30:00,Admin Office,7,3,4.87,0,14,True,45.8
2026-02-16 14:30:00,Library,12,3,3.8,0,14,True,52.7
2026-02-16 14:45:00,Bus Stop,21,10,1.4,0,14,True,36.02
2026-02-16 15:30:00,Bus Stop,14,1,1.72,0,15,False,18.31
2026-02-16 15:45:00,Admin Office,2,6,5.76,0,15,False,13.49
2026-02-16 15:45:00,Admin Office,4,5,3.63,0,15,False,13.12
2026-02-16 16:30:00,Computer Lab,11,10,4.4,0,16,True,58.91
2026-02-16 16:45:00,Library,13,8,3.1,0,16,True,44.48
2026-02-16 16:45:00,Library,16,5,5.24,0,16,True,91.12
2026-02-16 16:45:00,Library,12,2,4.28,0,16,True,57.81
2026-02-16 17:00:00,Computer Lab,8,3,4.09,0,17,True,31.39
2026-02-16 17:00:00,Canteen,8,5,2.4,0,17,True,27.93
2026-02-16 17:00:00,Admin Office,2,2,4.02,0,17,True,16.91
2026-02-16 17:00:00,Printing Shop,6,1,2.24,0,17,True,18.06
2026-02-16 17:15:00,Library,14,5,2.91,0,17,True,40.12
2026-02-16 17:30:00,Admin Office,4,6,4.11,0,17,True,21.93
2026-02-16 17:30:00,Canteen,15,3,1.72,0,17,True,37.81
2026-02-16 17:45:00,Computer Lab,5,9,3.95,0,17,True,21.38
2026-02-16 17:45:00,Library,11,1,5.43,0,17,True,61.18
2026-02-16 17:45:00,Admin Office,4,5,2.94,0,17,True,12.73
2026-02-17 08:00:00,Admin Office,1,7,2.59,1,8,False,4.26
2026-02-17 08:15:00,Admin Office,3,10,5.5,1,8,False,13.47
2026-02-17 08:15:00,Computer Lab,8,8,4.1,1,8,False,33.21
2026-02-17 08:15:00,Admin Office,3,4,4.56,1,8,False,13.25
2026-02-17 08:15:00,Admin Office,3,1,4.52,1,8,False,19.79
2026-02-17 08:45:00,Library,5,10,3.92,1,8,False,16.36
2026-02-17 08:45:00,Admin Office,7,5,4.44,1,8,False,38.22
2026-02-17 09:00:00,Computer Lab,8,1,4.43,1,9,False,31.42
2026-02-17 09:00:00,Bus Stop,31,3,1.48,1,9,False,41.41
2026-02-17 09:15:00,Printing Shop,5,5,3.09,1,9,False,16.66
2026-02-17 09:15:00,Admin Office,5,5,5.05,1,9,False,26.96
2026-02-17 09:15:00,Library,10,4,3.65,1,9,False,33.42
2026-02-17 09:15:00,Library,8,8,4.22,1,9,False,34.53
2026-02-17 09:30:00,Bus Stop,28,5,1.27,1,9,False,33.82
2026-02-17 09:30:00,Bus Stop,30,9,1.78,1,9,False,60.01
2026-02-17 10:00:00,Bus Stop,12,7,1.6,1,10,True,24.28
2026-02-17 10:00:00,Admin Office,7,2,4.73,1,10,True,30.37
2026-02-17 10:00:00,Printing Shop,6,9,4.11,1,10,True,29.39
2026-02-17 10:00:00,Printing Shop,8,6,1.83,1,10,True,24.31
2026-02-17 10:15:00,Computer Lab,9,6,3.56,1,10,True,45.13
2026-02-17 10:30:00,Canteen,11,8,3.09,1,10,True,39.73
2026-02-17 10:30:00,Library,7,7,3.17,1,10,True,32.57
2026-02-17 10:30:00,Library,12,9,4.56,1,10,True,59.75
2026-02-17 10:45:00,Printing Shop,8,4,2.56,1,10,True,23.68
2026-02-17 10:45:00,Canteen,15,1,2.05,1,10,True,33.57
2026-02-17 11:00:00,Printing Shop,8,8,3.45,1,11,True,33.46
2026-02-17 11:00:00,Admin Office,8,1,5.13,1,11,True,40.51
2026-02-17 11:00:00,Computer Lab,5,10,4.16,1,11,True,22.47
2026-02-17 11:30:00,Library,10,10,5.51,1,11,True,61.61
2026-02-17 11:30:00,Admin Office,8,6,4.36,1,11,True,39.87
2026-02-17 11:30:00,Library,10,1,3.19,1,11,True,30.98
2026-02-17 11:30:00,Computer Lab,18,2,3.11,1,11,True,68.32
2026-02-17 11:45:00,Computer Lab,12,6,2.81,1,11,True,30.53
2026-02-17 11:45:00,Canteen,7,4,2.67,1,11,True,26.22
2026-02-17 12:00:00,Bus Stop,7,4,1.09,1,12,True,13.35
2026-02-17 12:00:00,Admin Office,9,10,5.9,1,12,True,57.12
2026-02-17 12:15:00,Computer Lab,5,1,3.13,1,12,True,23.95
2026-02-17 12:15:00,Printing Shop,10,2,1.99,1,12,True,14.72
2026-02-17 12:15:00,Computer Lab,13,1,2.9,1,12,True,43.45
2026-02-17 12:30:00,Library,3,6,4.4,1,12,True,13.46
2026-02-17 12:30:00,Computer Lab,10,7,3.56,1,12,True,48.72
2026-02-17 12:45:00,Bus Stop,13,4,1.45,1,12,True,21.02
2026-02-17 12:45:00,Computer Lab,9,8,3.55,1,12,True,38.85
2026-02-17 12:45:00,Canteen,31,9,2.38,1,12,True,86.39
2026-02-17 12:45:00,Canteen,22,5,3.03,1,12,True,74.11
2026-02-17 12:45:00,Admin Office,6,4,4.38,1,12,True,29.93
2026-02-17 13:00:00,Library,7,8,3.47,1,13,True,23.98
2026-02-17 13:00:00,Admin Office,4,3,7.68,1,13,True,26.99
2026-02-17 13:15:00,Computer Lab,7,7,3.88,1,13,True,24.76
2026-02-17 13:15:00,Bus Stop,12,9,0.93,1,13,True,14.9
2026-02-17 13:30:00,Admin Office,3,6,4.3,1,13,True,13.87
2026-02-17 13:30:00,Bus Stop,22,10,2.07,1,13,True,45.66
2026-02-17 14:00:00,Computer Lab,7,4,1.87,1,14,True,9.35
2026-02-17 14:00:00,Computer Lab,11,8,2.48,1,14,True,36.78
2026-02-17 14:15:00,Printing Shop,5,6,4.33,1,14,True,19.1
2026-02-17 14:15:00,Bus Stop,13,2,1.35,1,14,True,17.91
2026-02-17 14:15:00,Admin Office,5,5,5.23,1,14,True,26.96
2026-02-17 14:30:00,Library,14,6,2.69,1,14,True,39.9
2026-02-17 14:45:00,Printing Shop,6,7,3.83,1,14,True,29.62
2026-02-17 14:45:00,Library,9,5,3.7,1,14,True,47.06
2026-02-17 14:45:00,Printing Shop,8,8,2.46,1,14,True,17.85
2026-02-17 15:30:00,Canteen,7,2,2.86,1,15,False,14.1
2026-02-17 15:30:00,Library,11,3,5.53,1,15,False,59.61
2026-02-17 15:45:00,Computer Lab,12,10,3.27,1,15,False,39.51
2026-02-17 15:45:00,Admin Office,10,10,3.68,1,15,False,39.99
2026-02-17 15:45:00,Library,8,6,4.44,1,15,False,30.5
2026-02-17 16:00:00,Canteen,15,7,3.02,1,16,True,43.4
2026-02-17 16:00:00,Bus Stop,36,1,1.23,1,16,True,49.09
2026-02-17 16:00:00,Canteen,9,6,1.71,1,16,True,17.0
2026-02-17 16:15:00,Library,12,1,4.33,1,16,True,48.82
2026-02-17 16:15:00,Canteen,10,3,3.16,1,16,True,26.24
2026-02-17 16:15:00,Computer Lab,8,4,3.53,1,16,True,35.26
2026-02-17 16:15:00,Admin Office,4,5,4.09,1,16,True,12.61
2026-02-17 16:15:00,Printing Shop,7,5,4.41,1,16,True,32.37
2026-02-17 16:15:00,Canteen,21,5,3.43,1,16,True,80.91
2026-02-17 16:15:00,Library,6,9,3.62,1,16,True,24.87
2026-02-17 16:30:00,Computer Lab,14,10,3.32,1,16,True,48.2
2026-02-17 16:30:00,Library,6,9,3.89,1,16,True,32.8
2026-02-17 16:45:00,Canteen,18,9,1.79,1,16,True,31.64
2026-02-17 16:45:00,Canteen,12,3,2.02,1,16,True,21.26
2026-02-17 16:45:00,Library,11,2,3.31,1,16,True,51.07
2026-02-17 16:45:00,Library,12,4,5.06,1,16,True,60.55
2026-02-17 17:00:00,Computer Lab,4,1,3.66,1,17,True,15.56
2026-02-17 17:00:00,Canteen,17,3,2.96,1,17,True,54.98
2026-02-17 17:00:00,Admin Office,5,9,5.22,1,17,True,34.47
2026-02-17 17:15:00,Canteen,21,7,3.06,1,17,True,76.25
2026-02-17 17:15:00,Admin Office,2,4,4.46,1,17,True,4.9
2026-02-17 17:15:00,Library,7,6,4.42,1,17,True,24.67
2026-02-17 17:30:00,Canteen,10,10,2.55,1,17,True,34.63
2026-02-17 17:30:00,Admin Office,3,1,5.27,1,17,True,20.54
2026-02-17 17:30:00,Canteen,14,9,2.5,1,17,True,39.81
2026-02-17 17:45:00,Library,18,6,4.95,1,17,True,113.4
2026-02-18 08:00:00,Canteen,3,10,1.89,2,8,False,0.52
2026-02-18 08:00:00,Canteen,7,9,2.48,2,8,False,12.11
2026-02-18 08:15:00,Admin Office,6,10,6.98,2,8,False,42.54
2026-02-18 08:15:00,Printing Shop,7,6,2.27,2,8,False,19.82
2026-02-18 08:30:00,Computer Lab,7,3,2.63,2,8,False,16.57
2026-02-18 08:30:00,Canteen,13,10,2.29,2,8,False,36.64
2026-02-18 08:30:00,Computer Lab,6,7,1.9,2,8,False,7.44
2026-02-18 08:45:00,Computer Lab,8,4,4.22,2,8,False,30.52
2026-02-18 09:00:00,Bus Stop,37,3,1.75,2,9,False,70.65
2026-02-18 09:15:00,Bus Stop,21,4,1.36,2,9,False,32.02
2026-02-18 09:45:00,Admin Office,6,4,3.59,2,9,False,26.67
2026-02-18 09:45:00,Admin Office,3,4,4.98,2,9,False,10.39
2026-02-18 10:00:00,Printing Shop,8,5,3.79,2,10,True,43.39
2026-02-18 10:00:00,Computer Lab,11,5,3.28,2,10,True,45.09
2026-02-18 10:00:00,Printing Shop,8,6,3.13,2,10,True,25.93
2026-02-18 10:00:00,Canteen,6,2,1.99,2,10,True,6.42
2026-02-18 10:15:00,Printing Shop,8,5,3.04,2,10,True,35.65
2026-02-18 10:15:00,Bus Stop,8,2,2.16,2,10,True,16.57
2026-02-18 10:15:00,Library,15,10,5.9,2,10,True,97.98
2026-02-18 10:15:00,Canteen,8,2,2.03,2,10,True,14.42
2026-02-18 10:30:00,Canteen,9,5,2.2,2,10,True,25.09
2026-02-18 10:45:00,Library,10,8,5.32,2,10,True,55.7
2026-02-18 10:45:00,Canteen,9,1,2.22,2,10,True,14.59
2026-02-18 11:00:00,Bus Stop,7,9,1.05,2,11,True,2.97
2026-02-18 11:00:00,Canteen,9,8,2.65,2,11,True,33.36
2026-02-18 11:00:00,Printing Shop,4,5,3.12,2,11,True,8.75
2026-02-18 11:15:00,Printing Shop,5,9,2.99,2,11,True,16.71
2026-02-18 11:30:00,Computer Lab,9,3,2.7,2,11,True,23.87
2026-02-18 11:30:00,Bus Stop,12,3,1.09,2,11,True,24.87
2026-02-18 11:30:00,Computer Lab,9,8,3.55,2,11,True,27.53
2026-02-18 11:45:00,Bus Stop,10,7,1.76,2,11,True,24.25
2026-02-18 11:45:00,Printing Shop,10,6,3.34,2,11,True,33.03
2026-02-18 12:15:00,Admin Office,5,5,6.75,2,12,True,29.15
2026-02-18 12:15:00,Printing Shop,8,9,3.47,2,12,True,27.76
2026-02-18 12:30:00,Library,10,10,4.75,2,12,True,56.77
2026-02-18 12:30:00,Admin Office,8,8,4.46,2,12,True,42.8
2026-02-18 12:30:00,Printing Shop,9,6,3.61,2,12,True,39.18
2026-02-18 12:45:00,Admin Office,5,2,6.31,2,12,True,31.47
2026-02-18 12:45:00,Computer Lab,13,6,4.6,2,12,True,77.85
2026-02-18 12:45:00,Library,5,3,2.6,2,12,True,13.22
2026-02-18 13:30:00,Admin Office,4,1,3.89,2,13,True,14.83
2026-02-18 13:45:00,Printing Shop,4,7,2.28,2,13,True,7.93
2026-02-18 13:45:00,Library,4,6,1.72,2,13,True,0.0
2026-02-18 14:00:00,Canteen,24,2,2.61,2,14,True,64.47
2026-02-18 14:00:00,Canteen,17,8,2.18,2,14,True,45.04
2026-02-18 14:15:00,Admin Office,3,9,5.21,2,14,True,14.59
2026-02-18 14:30:00,Library,12,4,5.57,2,14,True,80.54
2026-02-18 14:30:00,Library,12,8,5.08,2,14,True,67.36
2026-02-18 14:30:00,Bus Stop,20,7,1.12,2,14,True,29.99
2026-02-18 14:30:00,Printing Shop,0,3,3.24,2,14,True,0.0
2026-02-18 14:30:00,Printing Shop,2,1,2.6,2,14,True,12.83
2026-02-18 14:45:00,Library,8,3,2.91,2,14,True,21.64
2026-02-18 14:45:00,Library,12,9,3.68,2,14,True,59.38
2026-02-18 14:45:00,Admin Office,6,2,5.28,2,14,True,40.66
2026-02-18 14:45:00,Library,12,1,4.24,2,14,True,49.46
2026-02-18 15:00:00,Printing Shop,7,9,3.34,2,15,False,23.81
2026-02-18 15:00:00,Library,11,7,2.96,2,15,False,38.32
2026-02-18 15:00:00,Canteen,9,4,2.46,2,15,False,14.78
2026-02-18 15:00:00,Bus Stop,10,6,1.27,2,15,False,15.87
2026-02-18 15:00:00,Bus Stop,12,8,1.4,2,15,False,20.95
2026-02-18 15:15:00,Canteen,6,6,3.45,2,15,False,19.95
2026-02-18 15:15:00,Bus Stop,14,7,1.34,2,15,False,26.35
2026-02-18 15:15:00,Computer Lab,13,8,5.31,2,15,False,75.49
2026-02-18 15:30:00,Canteen,13,5,2.51,2,15,False,32.41
2026-02-18 15:30:00,Canteen,7,4,2.04,2,15,False,17.71
2026-02-18 15:45:00,Computer Lab,11,8,3.64,2,15,False,39.24
2026-02-18 16:30:00,Admin Office,5,1,6.29,2,16,True,35.48
2026-02-18 16:30:00,Admin Office,3,4,4.85,2,16,True,21.08
2026-02-18 16:45:00,Admin Office,7,4,6.08,2,16,True,38.94
2026-02-18 16:45:00,Admin Office,9,7,4.48,2,16,True,46.37
2026-02-18 16:45:00,Canteen,17,2,2.7,2,16,True,46.03
2026-02-18 16:45:00,Admin Office,6,3,4.82,2,16,True,37.81
2026-02-18 16:45:00,Admin Office,4,2,3.91,2,16,True,26.49
2026-02-18 17:00:00,Canteen,19,4,2.69,2,17,True,54.47
2026-02-18 17:30:00,Library,15,6,3.49,2,17,True,54.55
2026-02-18 17:45:00,Computer Lab,7,6,3.81,2,17,True,37.7
2026-02-19 08:00:00,Canteen,12,1,2.78,3,8,False,40.82
2026-02-19 08:00:00,Printing Shop,6,4,3.52,3,8,False,15.05
2026-02-19 08:00:00,Bus Stop,29,10,1.55,3,8,False,38.25
2026-02-19 08:30:00,Admin Office,2,1,4.68,3,8,False,16.88
2026-02-19 08:30:00,Bus Stop,19,6,1.85,3,8,False,27.19
2026-02-19 08:30:00,Computer Lab,7,1,4.35,3,8,False,31.84
2026-02-19 09:00:00,Bus Stop,10,1,1.87,3,9,False,17.81
2026-02-19 09:00:00,Printing Shop,4,9,3.3,3,9,False,15.82
2026-02-19 09:15:00,Admin Office,0,6,5.12,3,9,False,0.0
2026-02-19 09:30:00,Canteen,4,9,2.97,3,9,False,8.96
2026-02-19 09:45:00,Bus Stop,19,10,2.06,3,9,False,41.21
2026-02-19 09:45:00,Printing Shop,4,1,2.73,3,9,False,3.0
2026-02-19 10:15:00,Canteen,12,3,3.07,3,10,True,36.06
2026-02-19 10:45:00,Printing Shop,9,7,2.97,3,10,True,28.51
2026-02-19 11:15:00,Computer Lab,9,3,4.41,3,11,True,38.6
2026-02-19 11:15:00,Printing Shop,8,1,2.78,3,11,True,25.15
2026-02-19 11:15:00,Admin Office,6,7,3.7,3,11,True,18.01
2026-02-19 11:15:00,Library,12,4,4.03,3,11,True,56.15
2026-02-19 11:15:00,Canteen,8,9,2.66,3,11,True,21.63
2026-02-19 11:15:00,Library,10,2,3.31,3,11,True,37.47
2026-02-19 11:30:00,Library,8,5,4.27,3,11,True,31.25
2026-02-19 11:30:00,Computer Lab,9,7,3.42,3,11,True,41.92
2026-02-19 11:30:00,Library,9,7,3.81,3,11,True,45.92
2026-02-19 11:30:00,Printing Shop,4,3,2.86,3,11,True,20.9
2026-02-19 11:45:00,Printing Shop,10,3,3.06,3,11,True,33.97
2026-02-19 11:45:00,Bus Stop,11,8,1.45,3,11,True,10.23
2026-02-19 11:45:00,Printing Shop,10,6,3.26,3,11,True,30.91
2026-02-19 12:00:00,Admin Office,3,4,4.69,3,12,True,23.06
2026-02-19 12:15:00,Printing Shop,7,10,3.84,3,12,True,33.51
2026-02-19 12:15:00,Computer Lab,14,10,3.61,3,12,True,65.03
2026-02-19 12:15:00,Computer Lab,15,6,4.22,3,12,True,75.91
2026-02-19 12:15:00,Bus Stop,11,2,1.84,3,12,True,27.2
2026-02-19 12:15:00,Computer Lab,10,6,4.01,3,12,True,44.07
2026-02-19 12:15:00,Library,6,3,1.51,3,12,True,6.67
2026-02-19 12:15:00,Canteen,25,9,2.05,3,12,True,64.77
2026-02-19 12:45:00,Admin Office,8,3,6.31,3,12,True,65.28
2026-02-19 12:45:00,Computer Lab,17,2,4.19,3,12,True,76.86
2026-02-19 12:45:00,Printing Shop,7,2,3.04,3,12,True,23.71
2026-02-19 13:00:00,Library,8,10,4.68,3,13,True,34.34
2026-02-19 13:00:00,Admin Office,2,7,5.59,3,13,True,11.34
2026-02-19 13:15:00,Library,6,4,3.54,3,13,True,23.7
2026-02-19 13:15:00,Bus Stop,20,9,1.47,3,13,True,29.86
2026-02-19 13:15:00,Admin Office,5,1,4.58,3,13,True,24.7
2026-02-19 13:15:00,Printing Shop,3,4,1.78,3,13,True,9.76
2026-02-19 13:30:00,Admin Office,4,8,3.91,3,13,True,24.63
2026-02-19 14:00:00,Library,15,8,3.8,3,14,True,63.66
2026-02-19 14:15:00,Computer Lab,8,5,2.29,3,14,True,12.7
2026-02-19 14:30:00,Bus Stop,19,3,1.54,3,14,True,35.86
2026-02-19 14:30:00,Bus Stop,13,9,1.74,3,14,True,17.18
2026-02-19 14:30:00,Library,9,4,4.35,3,14,True,44.31
2026-02-19 14:45:00,Printing Shop,7,7,2.34,3,14,True,14.1
2026-02-19 14:45:00,Printing Shop,3,7,3.04,3,14,True,7.1
2026-02-19 14:45:00,Canteen,22,3,2.82,3,14,True,69.03
2026-02-19 15:00:00,Computer Lab,16,6,4.3,3,15,False,69.47
2026-02-19 15:00:00,Admin Office,6,7,5.18,3,15,False,38.09
2026-02-19 15:15:00,Printing Shop,9,2,2.5,3,15,False,25.97
2026-02-19 15:30:00,Computer Lab,8,4,3.69,3,15,False,35.24
2026-02-19 15:45:00,Computer Lab,11,10,2.96,3,15,False,25.3
2026-02-19 15:45:00,Printing Shop,9,4,2.83,3,15,False,19.94
2026-02-19 15:45:00,Computer Lab,15,5,2.89,3,15,False,36.43
2026-02-19 15:45:00,Admin Office,6,6,3.81,3,15,False,28.49
2026-02-19 15:45:00,Printing Shop,11,7,3.21,3,15,False,35.69
2026-02-19 15:45:00,Computer Lab,5,7,3.31,3,15,False,9.22
2026-02-19 16:00:00,Computer Lab,17,1,3.47,3,16,True,55.25
2026-02-19 16:00:00,Computer Lab,14,6,3.79,3,16,True,65.61
2026-02-19 16:15:00,Library,10,10,4.75,3,16,True,51.31
2026-02-19 16:30:00,Canteen,16,4,3.6,3,16,True,60.83
2026-02-19 16:30:00,Printing Shop,10,9,3.17,3,16,True,32.65
2026-02-19 16:45:00,Library,9,3,4.29,3,16,True,36.62
2026-02-19 16:45:00,Bus Stop,26,6,1.55,3,16,True,48.55
2026-02-19 16:45:00,Computer Lab,10,1,2.99,3,16,True,39.59
2026-02-19 17:00:00,Canteen,12,9,2.33,3,17,True,24.4
2026-02-19 17:00:00,Canteen,13,2,2.57,3,17,True,28.04
2026-02-19 17:00:00,Canteen,14,1,3.01,3,17,True,41.18
2026-02-19 17:00:00,Computer Lab,7,6,3.55,3,17,True,23.97
2026-02-19 17:15:00,Computer Lab,13,5,4.98,3,17,True,73.56
2026-02-19 17:30:00,Bus Stop,28,3,1.37,3,17,True,36.26
2026-02-19 17:45:00,Computer Lab,6,9,2.87,3,17,True,16.54
2026-02-19 17:45:00,Printing Shop,7,10,2.61,3,17,True,15.06
2026-02-20 08:00:00,Computer Lab,10,6,3.55,4,8,False,34.04
2026-02-20 08:15:00,Computer Lab,6,10,4.43,4,8,False,27.66
2026-02-20 08:30:00,Library,4,7,4.54,4,8,False,14.16
2026-02-20 08:45:00,Computer Lab,6,8,3.0,4,8,False,18.02
2026-02-20 09:00:00,Canteen,6,3,3.03,4,9,False,24.33
2026-02-20 09:15:00,Library,13,3,3.95,4,9,False,47.02
2026-02-20 09:15:00,Library,8,2,3.25,4,9,False,23.58
2026-02-20 09:15:00,Admin Office,2,6,5.22,4,9,False,15.68
2026-02-20 09:15:00,Bus Stop,27,3,1.26,4,9,False,30.56
2026-02-20 09:15:00,Printing Shop,3,4,3.28,4,9,False,14.57
2026-02-20 09:15:00,Printing Shop,4,10,3.5,4,9,False,12.43
2026-02-20 09:15:00,Printing Shop,4,4,2.03,4,9,False,4.31
2026-02-20 09:15:00,Canteen,8,7,2.03,4,9,False,14.45
2026-02-20 09:30:00,Bus Stop,16,10,1.53,4,9,False,28.84
2026-02-20 09:30:00,Canteen,11,5,1.94,4,9,False,14.76
2026-02-20 09:45:00,Library,7,4,3.93,4,9,False,31.65
2026-02-20 09:45:00,Computer Lab,7,6,2.42,4,9,False,16.22
2026-02-20 10:00:00,Printing Shop,6,3,2.74,4,10,True,22.65
2026-02-20 10:00:00,Printing Shop,4,6,2.92,4,10,True,6.17
2026-02-20 10:15:00,Library,10,3,4.35,4,10,True,48.51
2026-02-20 10:30:00,Computer Lab,10,9,3.66,4,10,True,38.07
2026-02-20 10:30:00,Admin Office,7,4,5.18,4,10,True,46.48
2026-02-20 10:45:00,Canteen,8,3,2.37,4,10,True,18.32
2026-02-20 11:00:00,Computer Lab,15,1,2.72,4,11,True,48.69
2026-02-20 11:15:00,Admin Office,6,4,3.9,4,11,True,16.95
2026-02-20 11:15:00,Bus Stop,14,6,1.19,4,11,True,14.02
2026-02-20 11:15:00,Computer Lab,14,4,3.36,4,11,True,51.84
2026-02-20 11:15:00,Bus Stop,14,2,1.17,4,11,True,24.29
2026-02-20 11:15:00,Canteen,9,10,2.77,4,11,True,38.22
2026-02-20 11:30:00,Computer Lab,8,4,4.13,4,11,True,41.21
2026-02-20 11:30:00,Bus Stop,6,5,1.34,4,11,True,10.87
2026-02-20 11:30:00,Library,8,6,1.96,4,11,True,24.66
2026-02-20 11:30:00,Admin Office,1,1,5.69,4,11,True,2.51
2026-02-20 11:30:00,Canteen,9,3,3.11,4,11,True,36.86
2026-02-20 11:45:00,Computer Lab,11,6,2.85,4,11,True,42.28
2026-02-20 11:45:00,Bus Stop,11,8,1.61,4,11,True,13.29
2026-02-20 12:00:00,Bus Stop,10,10,1.43,4,12,True,17.42
2026-02-20 12:00:00,Computer Lab,15,3,2.9,4,12,True,39.67
2026-02-20 12:00:00,Admin Office,6,5,3.64,4,12,True,27.15
2026-02-20 12:00:00,Computer Lab,11,1,2.35,4,12,True,23.02
2026-02-20 12:15:00,Printing Shop,8,8,3.85,4,12,True,34.43
2026-02-20 12:15:00,Printing Shop,5,9,3.21,4,12,True,27.54
2026-02-20 12:15:00,Computer Lab,12,1,4.53,4,12,True,49.74
2026-02-20 12:15:00,Computer Lab,18,4,3.21,4,12,True,71.72
2026-02-20 12:30:00,Admin Office,9,3,6.01,4,12,True,68.94
2026-02-20 12:30:00,Bus Stop,7,1,1.56,4,12,True,15.46
2026-02-20 12:30:00,Admin Office,8,8,4.13,4,12,True,36.08
2026-02-20 12:45:00,Bus Stop,8,6,1.59,4,12,True,11.36
2026-02-20 13:00:00,Computer Lab,7,9,3.9,4,13,True,30.87
2026-02-20 13:00:00,Library,2,2,5.43,4,13,True,9.36
2026-02-20 13:00:00,Bus Stop,19,2,1.22,4,13,True,20.01
2026-02-20 13:00:00,Admin Office,4,2,5.58,4,13,True,29.77
2026-02-20 13:30:00,Printing Shop,5,2,3.39,4,13,True,15.95
2026-02-20 13:30:00,Bus Stop,18,1,1.54,4,13,True,28.98
2026-02-20 13:45:00,Bus Stop,12,8,1.73,4,13,True,27.11
2026-02-20 13:45:00,Admin Office,0,7,4.96,4,13,True,0.0
2026-02-20 14:00:00,Printing Shop,6,1,3.73,4,14,True,27.41
2026-02-20 14:00:00,Canteen,28,9,2.71,4,14,True,88.57
2026-02-20 14:15:00,Library,11,10,4.32,4,14,True,63.37
2026-02-20 14:15:00,Bus Stop,6,10,1.29,4,14,True,15.04
2026-02-20 14:15:00,Library,5,10,3.51,4,14,True,26.98
2026-02-20 14:30:00,Computer Lab,15,10,2.06,4,14,True,26.18
2026-02-20 14:30:00,Canteen,19,4,3.22,4,14,True,65.52
2026-02-20 14:45:00,Library,13,2,2.51,4,14,True,29.1
2026-02-20 15:00:00,Library,14,2,3.02,4,15,False,43.61
2026-02-20 15:15:00,Admin Office,6,10,3.64,4,15,False,26.95
2026-02-20 15:15:00,Library,9,1,3.76,4,15,False,35.76
2026-02-20 15:15:00,Bus Stop,11,4,1.32,4,15,False,11.08
2026-02-20 15:30:00,Library,10,10,3.95,4,15,False,46.86
2026-02-20 15:30:00,Admin Office,5,2,4.76,4,15,False,29.3
2026-02-20 15:30:00,Admin Office,3,5,6.87,4,15,False,27.25
2026-02-20 15:45:00,Library,15,1,4.1,4,15,False,60.28
2026-02-20 15:45:00,Computer Lab,11,5,2.41,4,15,False,30.06
2026-02-20 16:15:00,Bus Stop,36,1,2.01,4,16,True,86.65
2026-02-20 16:30:00,Admin Office,1,8,4.6,4,16,True,12.7
2026-02-20 16:45:00,Canteen,9,10,2.64,4,16,True,20.28
2026-02-20 16:45:00,Library,11,2,4.39,4,16,True,46.32
2026-02-20 17:00:00,Canteen,13,5,3.19,4,17,True,52.51
2026-02-20 17:00:00,Bus Stop,22,3,1.41,4,17,True,41.4
2026-02-20 17:00:00,Library,6,9,3.93,4,17,True,24.33
2026-02-20 17:15:00,Canteen,12,3,2.56,4,17,True,38.37
2026-02-20 17:15:00,Bus Stop,18,1,1.08,4,17,True,17.93
2026-02-20 17:30:00,Admin Office,1,9,5.54,4,17,True,6.06
2026-02-20 17:30:00,Canteen,11,6,2.43,4,17,True,27.0
2026-02-20 17:30:00,Bus Stop,28,5,2.09,4,17,True,58.01
2026-02-20 17:45:00,Printing Shop,7,9,2.35,4,17,True,16.09
2026-02-20 17:45:00,Canteen,21,10,3.2,4,17,True,77.59
2026-02-20 17:45:00,Printing Shop,6,9,2.98,4,17,True,26.12
2026-02-21 08:00:00,Computer Lab,1,4,3.78,5,8,False,0.0
2026-02-21 08:00:00,Bus Stop,15,1,1.38,5,8,False,13.93
2026-02-21 08:00:00,Printing Shop,1,7,2.98,5,8,False,5.72
2026-02-21 08:00:00,Canteen,3,3,1.98,5,8,False,0.0
2026-02-21 08:15:00,Library,6,4,4.92,5,8,False,25.82
2026-02-21 08:30:00,Library,2,5,5.38,5,8,False,3.38
2026-02-21 08:30:00,Bus Stop,16,5,1.95,5,8,False,25.99
2026-02-21 08:30:00,Computer Lab,5,6,3.8,5,8,False,23.24
2026-02-21 08:45:00,Library,4,8,5.15,5,8,False,19.16
2026-02-21 08:45:00,Library,4,9,3.59,5,8,False,10.18
2026-02-21 08:45:00,Library,1,1,3.93,5,8,False,4.87
2026-02-21 09:00:00,Admin Office,3,3,4.26,5,9,False,5.19
2026-02-21 09:00:00,Canteen,7,8,2.24,5,9,False,7.74
2026-02-21 09:00:00,Printing Shop,2,6,2.14,5,9,False,3.93
2026-02-21 09:00:00,Admin Office,6,7,4.6,5,9,False,35.32
2026-02-21 09:00:00,Computer Lab,5,8,4.07,5,9,False,14.17
2026-02-21 09:15:00,Bus Stop,18,1,1.67,5,9,False,29.92
2026-02-21 09:30:00,Admin Office,2,5,5.44,5,9,False,14.26
2026-02-21 09:45:00,Computer Lab,1,5,3.21,5,9,False,3.54
2026-02-21 09:45:00,Canteen,4,7,2.62,5,9,False,3.34
2026-02-21 10:00:00,Computer Lab,7,2,4.33,5,10,True,27.25
2026-02-21 10:15:00,Admin Office,5,2,4.87,5,10,True,23.86
2026-02-21 10:15:00,Admin Office,4,2,5.04,5,10,True,15.61
2026-02-21 10:30:00,Computer Lab,8,1,3.4,5,10,True,26.44
2026-02-21 10:45:00,Library,6,3,4.05,5,10,True,28.81
2026-02-21 10:45:00,Library,3,5,2.54,5,10,True,4.32
2026-02-21 11:00:00,Admin Office,3,2,4.92,5,11,True,15.72
2026-02-21 11:00:00,Library,5,5,4.13,5,11,True,20.84
2026-02-21 11:00:00,Admin Office,2,2,6.27,5,11,True,17.02
2026-02-21 11:00:00,Bus Stop,9,10,1.82,5,11,True,25.17
2026-02-21 11:15:00,Bus Stop,13,8,1.31,5,11,True,26.54
2026-02-21 11:15:00,Admin Office,3,3,5.69,5,11,True,23.89
2026-02-21 11:15:00,Printing Shop,2,2,2.76,5,11,True,1.31
2026-02-21 11:30:00,Canteen,3,10,2.23,5,11,True,4.36
2026-02-21 11:30:00,Printing Shop,5,1,2.49,5,11,True,17.33
2026-02-21 11:30:00,Printing Shop,7,7,3.57,5,11,True,24.74
2026-02-21 11:45:00,Canteen,4,10,3.0,5,11,True,10.38
2026-02-21 11:45:00,Printing Shop,3,7,2.54,5,11,True,11.29
2026-02-21 12:00:00,Admin Office,3,5,4.52,5,12,True,10.84
2026-02-21 12:15:00,Printing Shop,5,10,3.48,5,12,True,19.64
2026-02-21 12:15:00,Printing Shop,6,4,2.6,5,12,True,9.91
2026-02-21 12:15:00,Admin Office,5,4,3.09,5,12,True,12.16
2026-02-21 12:30:00,Bus Stop,4,9,1.1,5,12,True,11.2
2026-02-21 12:30:00,Printing Shop,6,8,2.75,5,12,True,11.95
2026-02-21 12:30:00,Printing Shop,5,5,3.28,5,12,True,20.92
2026-02-21 12:30:00,Bus Stop,10,8,1.9,5,12,True,15.33
2026-02-21 12:45:00,Canteen,5,5,2.49,5,12,True,19.26
2026-02-21 13:15:00,Admin Office,0,4,7.46,5,13,True,0.0
2026-02-21 13:15:00,Printing Shop,2,7,1.62,5,13,True,6.75
2026-02-21 13:15:00,Computer Lab,11,7,3.15,5,13,True,43.14
2026-02-21 13:15:00,Admin Office,5,1,5.33,5,13,True,35.69
2026-02-21 13:30:00,Admin Office,0,4,5.83,5,13,True,1.94
2026-02-21 13:30:00,Computer Lab,3,4,3.76,5,13,True,8.06
2026-02-21 13:30:00,Computer Lab,4,2,2.67,5,13,True,8.06
2026-02-21 13:45:00,Library,4,6,4.37,5,13,True,22.52
2026-02-21 13:45:00,Admin Office,2,3,5.04,5,13,True,5.69
2026-02-21 14:15:00,Admin Office,8,9,3.64,5,14,True,23.9
2026-02-21 14:15:00,Library,7,10,5.06,5,14,True,41.75
2026-02-21 14:30:00,Computer Lab,10,10,3.93,5,14,True,46.48
2026-02-21 14:30:00,Printing Shop,5,5,3.29,5,14,True,13.99
2026-02-21 14:45:00,Bus Stop,11,3,1.08,5,14,True,12.46
2026-02-21 14:45:00,Bus Stop,14,4,1.76,5,14,True,22.7
2026-02-21 15:00:00,Bus Stop,4,9,1.7,5,15,False,0.0
2026-02-21 15:00:00,Printing Shop,3,2,2.59,5,15,False,10.61
2026-02-21 15:30:00,Canteen,3,4,2.8,5,15,False,9.65
2026-02-21 15:30:00,Library,9,5,3.88,5,15,False,40.38
2026-02-21 15:30:00,Printing Shop,4,6,2.99,5,15,False,15.4
2026-02-21 15:30:00,Printing Shop,4,4,3.25,5,15,False,9.25
2026-02-21 15:45:00,Bus Stop,7,5,1.42,5,15,False,7.23
2026-02-21 15:45:00,Computer Lab,11,5,2.98,5,15,False,27.55
2026-02-21 15:45:00,Printing Shop,3,6,2.16,5,15,False,9.16
2026-02-21 16:00:00,Computer Lab,7,7,3.56,5,16,True,29.66
2026-02-21 16:00:00,Canteen,7,1,1.99,5,16,True,25.48
2026-02-21 16:00:00,Admin Office,3,9,4.08,5,16,True,18.44
2026-02-21 16:00:00,Bus Stop,16,9,1.16,5,16,True,20.44
2026-02-21 16:15:00,Printing Shop,3,5,3.24,5,16,True,11.89
2026-02-21 16:15:00,Printing Shop,4,8,2.45,5,16,True,13.08
2026-02-21 16:30:00,Bus Stop,16,4,1.09,5,16,True,13.45
2026-02-21 16:45:00,Printing Shop,3,9,3.08,5,16,True,12.86
2026-02-21 16:45:00,Admin Office,4,1,3.25,5,16,True,7.31
2026-02-21 17:00:00,Canteen,9,8,2.17,5,17,True,15.07
2026-02-21 17:15:00,Admin Office,3,5,7.11,5,17,True,30.14
2026-02-21 17:15:00,Computer Lab,5,10,3.82,5,17,True,30.19
2026-02-21 17:15:00,Computer Lab,5,10,3.26,5,17,True,25.41
2026-02-21 17:15:00,Canteen,9,9,1.78,5,17,True,23.34
2026-02-21 17:30:00,Library,4,8,4.34,5,17,True,22.85
2026-02-21 17:30:00,Canteen,10,7,2.49,5,17,True,31.09
2026-02-21 17:45:00,Library,7,3,4.78,5,17,True,33.03
2026-02-21 17:45:00,Bus Stop,12,5,2.28,5,17,True,33.49
2026-02-21 17:45:00,Canteen,8,5,3.01,5,17,True,25.79
2026-02-22 08:00:00,Canteen,9,5,2.23,6,8,False,22.49
2026-02-22 08:00:00,Bus Stop,12,10,1.68,6,8,False,26.86
2026-02-22 08:00:00,Library,4,3,4.33,6,8,False,24.34
2026-02-22 08:00:00,Computer Lab,8,6,2.92,6,8,False,17.07
2026-02-22 08:00:00,Admin Office,7,9,4.52,6,8,False,25.28
2026-02-22 08:15:00,Bus Stop,11,6,1.71,6,8,False,15.49
2026-02-22 08:30:00,Bus Stop,12,8,1.88,6,8,False,28.4
2026-02-22 08:30:00,Printing Shop,0,5,2.99,6,8,False,7.95
2026-02-22 08:30:00,Library,4,5,3.36,6,8,False,20.99
2026-02-22 08:45:00,Library,6,7,4.21,6,8,False,30.53
2026-02-22 08:45:00,Canteen,3,4,2.76,6,8,False,13.01
2026-02-22 08:45:00,Canteen,5,5,2.55,6,8,False,19.77
2026-02-22 09:00:00,Canteen,4,8,2.77,6,9,False,3.98
2026-02-22 09:00:00,Canteen,6,3,3.18,6,9,False,12.55
2026-02-22 09:15:00,Library,3,8,4.66,6,9,False,19.03
2026-02-22 09:15:00,Bus Stop,14,7,1.61,6,9,False,24.17
2026-02-22 09:30:00,Printing Shop,0,6,3.41,6,9,False,0.0
2026-02-22 09:45:00,Printing Shop,2,1,2.15,6,9,False,9.12
2026-02-22 09:45:00,Bus Stop,18,6,1.62,6,9,False,30.1
2026-02-22 09:45:00,Printing Shop,1,3,3.57,6,9,False,4.88
2026-02-22 10:00:00,Canteen,8,9,2.0,6,10,True,15.05
2026-02-22 10:00:00,Admin Office,1,5,6.66,6,10,True,1.2
2026-02-22 10:30:00,Canteen,6,2,1.98,6,10,True,10.74
2026-02-22 10:45:00,Printing Shop,6,8,2.61,6,10,True,22.09
2026-02-22 10:45:00,Library,7,7,5.0,6,10,True,40.73
2026-02-22 10:45:00,Library,4,4,3.78,6,10,True,18.01
2026-02-22 10:45:00,Library,6,10,3.58,6,10,True,32.71
2026-02-22 11:00:00,Computer Lab,7,9,3.11,6,11,True,33.27
2026-02-22 11:00:00,Admin Office,3,9,4.37,6,11,True,23.67
2026-02-22 11:00:00,Library,3,1,5.22,6,11,True,24.46
2026-02-22 11:00:00,Bus Stop,6,5,1.6,6,11,True,3.49
2026-02-22 11:00:00,Library,6,2,4.03,6,11,True,22.89
2026-02-22 11:15:00,Printing Shop,7,3,2.97,6,11,True,22.37
2026-02-22 11:15:00,Admin Office,3,2,5.66,6,11,True,10.91
2026-02-22 11:15:00,Printing Shop,6,6,3.22,6,11,True,21.51
2026-02-22 11:15:00,Bus Stop,7,8,1.16,6,11,True,10.14
2026-02-22 11:30:00,Bus Stop,10,4,1.64,6,11,True,10.39
2026-02-22 11:45:00,Library,9,5,5.17,6,11,True,44.63
2026-02-22 12:00:00,Printing Shop,4,8,2.73,6,12,True,11.5
2026-02-22 12:00:00,Bus Stop,9,1,1.42,6,12,True,18.5
2026-02-22 12:00:00,Admin Office,2,4,5.95,6,12,True,18.41
2026-02-22 12:15:00,Computer Lab,9,7,3.32,6,12,True,33.85
2026-02-22 12:30:00,Admin Office,0,7,5.23,6,12,True,6.17
2026-02-22 12:30:00,Computer Lab,9,4,3.27,6,12,True,36.86
2026-02-22 12:45:00,Printing Shop,1,7,2.63,6,12,True,8.19
2026-02-22 13:00:00,Bus Stop,11,6,1.93,6,13,True,29.31
2026-02-22 13:00:00,Bus Stop,9,8,1.33,6,13,True,21.16
2026-02-22 13:00:00,Library,5,3,4.4,6,13,True,24.1
2026-02-22 13:15:00,Bus Stop,12,6,1.58,6,13,True,15.21
2026-02-22 13:15:00,Library,1,9,3.64,6,13,True,11.68
2026-02-22 13:15:00,Canteen,7,5,3.25,6,13,True,32.44
2026-02-22 13:30:00,Computer Lab,3,10,4.4,6,13,True,22.11
2026-02-22 13:45:00,Printing Shop,4,10,2.92,6,13,True,6.88
2026-02-22 13:45:00,Computer Lab,6,1,3.68,6,13,True,27.3
2026-02-22 14:00:00,Computer Lab,6,6,4.57,6,14,True,29.8
2026-02-22 14:00:00,Admin Office,2,7,4.95,6,14,True,2.39
2026-02-22 14:00:00,Library,4,6,3.78,6,14,True,12.2
2026-02-22 14:00:00,Computer Lab,6,6,2.27,6,14,True,22.4
2026-02-22 14:15:00,Canteen,14,7,2.75,6,14,True,33.6
2026-02-22 14:15:00,Library,5,9,4.08,6,14,True,25.82
2026-02-22 14:30:00,Bus Stop,8,6,1.68,6,14,True,20.72
2026-02-22 14:45:00,Printing Shop,3,8,2.68,6,14,True,4.31
2026-02-22 14:45:00,Computer Lab,6,7,3.3,6,14,True,31.42
2026-02-22 15:00:00,Library,5,9,4.52,6,15,False,17.27
2026-02-22 15:00:00,Canteen,4,4,1.96,6,15,False,12.25
2026-02-22 15:00:00,Printing Shop,2,9,2.54,6,15,False,0.0
2026-02-22 15:00:00,Canteen,5,8,2.21,6,15,False,17.9
2026-02-22 15:00:00,Canteen,5,2,2.7,6,15,False,13.96
2026-02-22 15:30:00,Bus Stop,9,4,1.59,6,15,False,15.88
2026-02-22 15:30:00,Printing Shop,6,4,1.9,6,15,False,3.78
2026-02-22 16:00:00,Bus Stop,21,8,1.6,6,16,True,40.12
2026-02-22 16:00:00,Library,4,9,3.91,6,16,True,23.76
2026-02-22 16:15:00,Computer Lab,7,7,4.34,6,16,True,27.04
2026-02-22 16:30:00,Printing Shop,7,2,2.6,6,16,True,15.06
2026-02-22 16:30:00,Library,4,6,4.2,6,16,True,15.98
2026-02-22 16:30:00,Library,6,2,4.54,6,16,True,34.4
2026-02-22 16:30:00,Admin Office,2,6,5.4,6,16,True,16.84
2026-02-22 16:30:00,Admin Office,1,3,3.41,6,16,True,6.42
2026-02-22 16:45:00,Library,3,1,4.25,6,16,True,20.03
2026-02-22 16:45:00,Computer Lab,7,2,3.64,6,16,True,25.39
2026-02-22 16:45:00,Canteen,8,8,2.24,6,16,True,15.84
2026-02-22 17:00:00,Bus Stop,11,9,1.32,6,17,True,10.34
2026-02-22 17:00:00,Bus Stop,13,7,1.77,6,17,True,33.69
2026-02-22 17:15:00,Admin Office,2,5,5.06,6,17,True,14.52
2026-02-22 17:30:00,Bus Stop,16,7,1.93,6,17,True,36.04
2026-02-22 17:45:00,Canteen,9,7,2.67,6,17,True,22.32
2026-02-22 17:45:00,Computer Lab,0,10,3.63,6,17,True,6.47
2026-02-23 08:00:00,Admin Office,4,1,3.69,0,8,False,14.35
2026-02-23 08:15:00,Admin Office,5,7,5.85,0,8,False,27.65
2026-02-23 08:15:00,Bus Stop,26,4,1.67,0,8,False,47.46
2026-02-23 08:30:00,Admin Office,4,5,4.25,0,8,False,18.01
2026-02-23 08:30:00,Computer Lab,9,1,3.87,0,8,False,41.0
2026-02-23 08:30:00,Admin Office,7,10,5.98,0,8,False,42.19
2026-02-23 09:00:00,Printing Shop,6,7,2.91,0,9,False,20.11
2026-02-23 09:15:00,Printing Shop,4,2,3.48,0,9,False,8.58
2026-02-23 09:15:00,Admin Office,2,5,4.74,0,9,False,13.2
2026-02-23 09:30:00,Admin Office,4,10,6.12,0,9,False,27.17
2026-02-23 09:45:00,Admin Office,5,1,5.0,0,9,False,17.81
2026-02-23 10:30:00,Computer Lab,8,1,3.12,0,10,True,33.45
2026-02-23 10:45:00,Library,9,10,4.08,0,10,True,37.66
2026-02-23 10:45:00,Canteen,11,3,1.69,0,10,True,14.97
2026-02-23 10:45:00,Admin Office,8,1,5.67,0,10,True,44.06
2026-02-23 11:00:00,Bus Stop,13,10,1.47,0,11,True,15.15
2026-02-23 11:00:00,Admin Office,5,5,4.2,0,11,True,25.89
2026-02-23 11:15:00,Bus Stop,12,2,1.46,0,11,True,15.68
2026-02-23 11:15:00,Bus Stop,19,1,1.88,0,11,True,35.81
2026-02-23 11:30:00,Computer Lab,14,6,4.25,0,11,True,60.41
2026-02-23 11:45:00,Bus Stop,14,7,1.75,0,11,True,18.26
2026-02-23 11:45:00,Bus Stop,14,4,1.36,0,11,True,15.9
2026-02-23 11:45:00,Computer Lab,10,6,3.85,0,11,True,49.65
2026-02-23 12:15:00,Canteen,18,7,3.29,0,12,True,75.96
2026-02-23 12:15:00,Bus Stop,8,4,1.82,0,12,True,21.78
2026-02-23 12:15:00,Computer Lab,12,4,3.03,0,12,True,44.1
2026-02-23 12:15:00,Canteen,32,3,2.91,0,12,True,108.57
2026-02-23 12:30:00,Library,5,1,4.37,0,12,True,19.8
2026-02-23 12:30:00,Computer Lab,9,9,5.12,0,12,True,50.77
2026-02-23 12:30:00,Bus Stop,15,1,1.44,0,12,True,26.84
2026-02-23 12:45:00,Library,7,7,3.18,0,12,True,31.61
2026-02-23 12:45:00,Admin Office,8,1,3.14,0,12,True,20.72
2026-02-23 13:00:00,Library,7,6,5.41,0,13,True,48.38
2026-02-23 13:00:00,Admin Office,4,10,4.38,0,13,True,16.91
2026-02-23 13:15:00,Admin Office,4,8,5.32,0,13,True,15.61
2026-02-23 13:30:00,Bus Stop,16,5,1.46,0,13,True,21.79
2026-02-23 13:30:00,Admin Office,6,7,4.77,0,13,True,27.95
2026-02-23 13:45:00,Computer Lab,6,10,2.92,0,13,True,16.82
2026-02-23 13:45:00,Printing Shop,8,3,2.29,0,13,True,23.48
2026-02-23 13:45:00,Printing Shop,7,1,3.26,0,13,True,22.5
2026-02-23 13:45:00,Computer Lab,7,10,4.09,0,13,True,42.23
2026-02-23 13:45:00,Canteen,24,4,1.96,0,13,True,48.16
2026-02-23 14:00:00,Printing Shop,7,7,3.04,0,14,True,34.08
2026-02-23 14:00:00,Canteen,22,10,2.4,0,14,True,58.49
2026-02-23 14:00:00,Printing Shop,3,4,2.63,0,14,True,1.39
2026-02-23 14:00:00,Bus Stop,14,3,1.61,0,14,True,23.23
2026-02-23 14:15:00,Bus Stop,18,2,1.89,0,14,True,32.45
2026-02-23 14:15:00,Canteen,30,1,2.2,0,14,True,68.27
2026-02-23 14:30:00,Bus Stop,19,6,1.66,0,14,True,41.6
2026-02-23 14:30:00,Bus Stop,19,7,2.16,0,14,True,49.18
2026-02-23 14:30:00,Computer Lab,12,1,3.88,0,14,True,51.28
2026-02-23 15:00:00,Admin Office,6,1,5.85,0,15,False,38.54
2026-02-23 15:00:00,Admin Office,4,8,3.15,0,15,False,14.12
2026-02-23 15:00:00,Printing Shop,10,5,2.23,0,15,False,20.33
2026-02-23 15:15:00,Library,8,7,4.71,0,15,False,31.73
2026-02-23 15:15:00,Printing Shop,8,2,2.86,0,15,False,18.94
2026-02-23 15:15:00,Admin Office,3,2,4.92,0,15,False,11.89
2026-02-23 15:45:00,Canteen,13,2,2.72,0,15,False,37.48
2026-02-23 15:45:00,Library,9,7,3.64,0,15,False,24.83
2026-02-23 16:00:00,Computer Lab,12,7,3.06,0,16,True,33.38
2026-02-23 16:00:00,Bus Stop,22,10,1.34,0,16,True,32.76
2026-02-23 16:00:00,Admin Office,4,10,3.99,0,16,True,9.37
2026-02-23 16:15:00,Printing Shop,7,1,2.52,0,16,True,21.84
2026-02-23 16:15:00,Computer Lab,14,6,4.88,0,16,True,84.95
2026-02-23 16:15:00,Admin Office,3,4,3.86,0,16,True,10.01
2026-02-23 16:30:00,Bus Stop,32,5,1.25,0,16,True,37.99
2026-02-23 16:30:00,Computer Lab,13,9,2.98,0,16,True,42.78
2026-02-23 16:30:00,Printing Shop,9,7,3.69,0,16,True,34.78
2026-02-23 16:45:00,Admin Office,6,9,5.39,0,16,True,39.39
2026-02-23 17:00:00,Library,12,9,4.88,0,17,True,70.32
2026-02-23 17:00:00,Canteen,14,3,2.0,0,17,True,41.81
2026-02-23 17:00:00,Library,15,9,3.39,0,17,True,49.63
2026-02-23 17:15:00,Canteen,15,5,2.12,0,17,True,41.89
2026-02-23 17:15:00,Canteen,16,4,2.72,0,17,True,41.73
2026-02-23 17:15:00,Bus Stop,28,1,1.0,0,17,True,23.25
2026-02-23 17:30:00,Admin Office,1,1,4.59,0,17,True,9.93
2026-02-23 17:45:00,Printing Shop,6,10,2.68,0,17,True,9.66
2026-02-24 08:00:00,Printing Shop,7,10,2.97,1,8,False,22.39
2026-02-24 08:00:00,Admin Office,1,10,5.09,1,8,False,6.02
2026-02-24 08:15:00,Admin Office,4,1,4.58,1,8,False,26.27
2026-02-24 08:15:00,Admin Office,4,9,4.96,1,8,False,18.79
2026-02-24 08:30:00,Canteen,6,3,2.68,1,8,False,19.97
2026-02-24 08:30:00,Printing Shop,3,8,2.73,1,8,False,5.11
2026-02-24 08:45:00,Bus Stop,31,9,1.82,1,8,False,49.19
2026-02-24 09:00:00,Canteen,10,6,2.77,1,9,False,24.68
2026-02-24 09:15:00,Printing Shop,5,1,4.07,1,9,False,27.41
2026-02-24 09:30:00,Bus Stop,19,1,1.61,1,9,False,36.57
2026-02-24 09:30:00,Printing Shop,3,1,3.05,1,9,False,12.96
2026-02-24 09:45:00,Computer Lab,10,7,3.23,1,9,False,29.71
2026-02-24 09:45:00,Computer Lab,8,4,2.52,1,9,False,14.38
2026-02-24 10:15:00,Computer Lab,13,5,2.71,1,10,True,38.72
2026-02-24 10:15:00,Library,10,1,4.03,1,10,True,45.45
2026-02-24 10:15:00,Printing Shop,12,10,2.55,1,10,True,41.1
2026-02-24 10:30:00,Bus Stop,13,7,1.54,1,10,True,19.41
2026-02-24 10:45:00,Bus Stop,19,2,1.78,1,10,True,47.47
2026-02-24 10:45:00,Computer Lab,12,7,3.28,1,10,True,41.74
2026-02-24 10:45:00,Printing Shop,7,7,2.81,1,10,True,24.85
2026-02-24 11:00:00,Library,10,2,3.9,1,11,True,40.38
2026-02-24 11:00:00,Admin Office,6,6,6.4,1,11,True,36.41
2026-02-24 11:00:00,Computer Lab,14,8,4.05,1,11,True,58.59
2026-02-24 11:15:00,Bus Stop,9,9,1.8,1,11,True,21.24
2026-02-24 11:15:00,Printing Shop,6,2,2.42,1,11,True,21.69
2026-02-24 11:15:00,Admin Office,5,7,5.06,1,11,True,34.11
2026-02-24 11:30:00,Canteen,15,2,2.75,1,11,True,48.01
2026-02-24 11:30:00,Printing Shop,5,10,2.57,1,11,True,13.39
2026-02-24 11:30:00,Admin Office,5,2,5.55,1,11,True,39.58
2026-02-24 11:45:00,Library,8,9,3.77,1,11,True,25.63
2026-02-24 12:00:00,Admin Office,5,9,5.67,1,12,True,26.43
2026-02-24 12:00:00,Printing Shop,9,1,3.0,1,12,True,24.61
2026-02-24 12:00:00,Printing Shop,2,1,3.3,1,12,True,1.16
2026-02-24 12:00:00,Canteen,18,9,1.99,1,12,True,33.02
2026-02-24 12:00:00,Library,3,1,2.67,1,12,True,10.21
2026-02-24 12:15:00,Library,6,4,4.64,1,12,True,40.68
2026-02-24 12:15:00,Library,3,6,2.93,1,12,True,17.71
2026-02-24 12:15:00,Library,8,1,2.91,1,12,True,22.95
2026-02-24 12:30:00,Bus Stop,7,4,2.17,1,12,True,13.56
2026-02-24 12:30:00,Admin Office,6,5,6.33,1,12,True,39.91
2026-02-24 12:30:00,Computer Lab,11,5,4.56,1,12,True,51.94
2026-02-24 12:45:00,Admin Office,5,10,6.19,1,12,True,31.24
2026-02-24 13:00:00,Canteen,26,10,2.44,1,13,True,72.27
2026-02-24 13:00:00,Printing Shop,6,3,3.18,1,13,True,14.52
2026-02-24 13:00:00,Canteen,21,7,3.5,1,13,True,76.61
2026-02-24 13:00:00,Admin Office,6,10,4.24,1,13,True,25.97
2026-02-24 13:15:00,Canteen,37,9,2.12,1,13,True,90.87
2026-02-24 13:30:00,Canteen,24,7,1.89,1,13,True,42.25
2026-02-24 13:45:00,Library,10,9,2.81,1,13,True,38.71
2026-02-24 14:00:00,Computer Lab,13,6,2.96,1,14,True,43.41
2026-02-24 14:30:00,Canteen,29,3,2.64,1,14,True,87.93
2026-02-24 14:30:00,Canteen,19,1,2.27,1,14,True,50.4
2026-02-24 14:30:00,Bus Stop,10,2,1.03,1,14,True,21.34
2026-02-24 14:45:00,Canteen,16,8,2.19,1,14,True,38.56
2026-02-24 15:00:00,Library,9,6,4.93,1,15,False,50.8
2026-02-24 15:00:00,Library,12,1,4.46,1,15,False,53.04
2026-02-24 15:00:00,Library,11,2,3.31,1,15,False,34.75
2026-02-24 15:00:00,Bus Stop,12,7,1.55,1,15,False,14.94
2026-02-24 15:00:00,Canteen,11,7,2.64,1,15,False,27.85
2026-02-24 15:15:00,Bus Stop,11,10,1.26,1,15,False,15.3
2026-02-24 15:15:00,Canteen,12,4,2.86,1,15,False,30.14
2026-02-24 15:30:00,Computer Lab,6,6,2.97,1,15,False,19.92
2026-02-24 15:45:00,Bus Stop,7,7,1.34,1,15,False,2.23
2026-02-24 15:45:00,Printing Shop,8,6,2.49,1,15,False,18.5
2026-02-24 15:45:00,Computer Lab,21,3,3.54,1,15,False,73.01
2026-02-24 16:00:00,Printing Shop,9,8,3.18,1,16,True,37.64
2026-02-24 16:00:00,Canteen,16,7,2.31,1,16,True,36.58
2026-02-24 16:15:00,Admin Office,6,9,5.05,1,16,True,34.07
2026-02-24 16:15:00,Computer Lab,11,8,2.89,1,16,True,30.67
2026-02-24 16:15:00,Canteen,13,8,3.03,1,16,True,40.71
2026-02-24 16:15:00,Computer Lab,15,6,3.44,1,16,True,53.45
2026-02-24 16:30:00,Library,10,7,5.22,1,16,True,56.19
2026-02-24 16:30:00,Bus Stop,30,10,1.84,1,16,True,56.99
2026-02-24 17:00:00,Computer Lab,8,7,2.87,1,17,True,27.09
2026-02-24 17:15:00,Canteen,12,9,3.0,1,17,True,30.74
2026-02-24 17:30:00,Computer Lab,6,3,3.0,1,17,True,25.98
2026-02-25 08:00:00,Admin Office,2,5,5.72,2,8,False,17.25
2026-02-25 08:00:00,Library,6,1,2.63,2,8,False,20.0
2026-02-25 08:15:00,Computer Lab,9,10,3.48,2,8,False,28.42
2026-02-25 08:15:00,Canteen,7,10,3.19,2,8,False,19.51
2026-02-25 08:30:00,Canteen,13,3,2.36,2,8,False,36.08
2026-02-25 08:30:00,Canteen,7,4,2.31,2,8,False,20.04
2026-02-25 08:30:00,Computer Lab,8,6,3.94,2,8,False,33.82
2026-02-25 08:45:00,Admin Office,1,6,4.43,2,8,False,8.93
2026-02-25 08:45:00,Admin Office,0,4,4.76,2,8,False,0.0
2026-02-25 09:15:00,Bus Stop,28,10,1.88,2,9,False,45.66
2026-02-25 09:30:00,Admin Office,3,5,4.41,2,9,False,19.14
2026-02-25 10:00:00,Admin Office,8,7,5.57,2,10,True,58.96
2026-02-25 10:00:00,Admin Office,6,5,5.81,2,10,True,29.97
2026-02-25 10:00:00,Library,12,8,3.77,2,10,True,56.38
2026-02-25 10:15:00,Bus Stop,17,5,1.41,2,10,True,24.44
2026-02-25 10:15:00,Printing Shop,8,8,3.52,2,10,True,35.42
2026-02-25 10:30:00,Computer Lab,12,4,3.79,2,10,True,48.36
2026-02-25 10:45:00,Bus Stop,10,9,1.55,2,10,True,12.73
2026-02-25 10:45:00,Admin Office,8,5,5.61,2,10,True,56.21
2026-02-25 10:45:00,Canteen,9,8,2.25,2,10,True,25.1
2026-02-25 10:45:00,Printing Shop,8,5,3.61,2,10,True,25.94
2026-02-25 11:15:00,Admin Office,6,9,3.62,2,11,True,16.78
2026-02-25 11:15:00,Admin Office,10,10,4.19,2,11,True,47.24
2026-02-25 11:15:00,Printing Shop,6,10,3.17,2,11,True,31.05
2026-02-25 11:30:00,Admin Office,4,6,4.31,2,11,True,19.57
2026-02-25 11:45:00,Canteen,12,7,2.86,2,11,True,40.34
2026-02-25 11:45:00,Canteen,13,10,2.27,2,11,True,35.46
2026-02-25 11:45:00,Canteen,15,10,2.59,2,11,True,40.48
2026-02-25 12:15:00,Bus Stop,8,10,1.6,2,12,True,22.45
2026-02-25 12:15:00,Library,6,10,2.51,2,12,True,24.25
2026-02-25 12:30:00,Printing Shop,6,5,2.59,2,12,True,24.72
2026-02-25 12:30:00,Library,6,9,4.42,2,12,True,32.36
2026-02-25 12:45:00,Printing Shop,6,5,3.14,2,12,True,18.67
2026-02-25 13:00:00,Computer Lab,8,9,3.25,2,13,True,28.54
2026-02-25 13:00:00,Admin Office,5,4,4.87,2,13,True,34.89
2026-02-25 13:00:00,Canteen,24,5,2.19,2,13,True,61.95
2026-02-25 13:00:00,Admin Office,6,7,4.77,2,13,True,32.83
2026-02-25 13:15:00,Bus Stop,16,6,1.67,2,13,True,30.11
2026-02-25 13:15:00,Bus Stop,11,7,1.52,2,13,True,17.72
2026-02-25 13:30:00,Canteen,29,6,1.95,2,13,True,56.62
2026-02-25 13:30:00,Computer Lab,10,5,3.41,2,13,True,40.86
2026-02-25 13:30:00,Bus Stop,21,3,1.53,2,13,True,31.14
2026-02-25 13:45:00,Library,5,4,4.7,2,13,True,32.9
2026-02-25 13:45:00,Admin Office,6,5,4.8,2,13,True,31.65
2026-02-25 13:45:00,Bus Stop,12,2,1.06,2,13,True,12.55
2026-02-25 14:00:00,Canteen,20,3,2.38,2,14,True,48.41
2026-02-25 14:15:00,Admin Office,7,3,3.89,2,14,True,31.22
2026-02-25 14:15:00,Bus Stop,20,1,1.38,2,14,True,24.98
2026-02-25 14:15:00,Admin Office,5,3,4.38,2,14,True,19.15
2026-02-25 14:15:00,Library,10,5,2.51,2,14,True,34.64
2026-02-25 14:15:00,Library,15,6,3.42,2,14,True,62.86
2026-02-25 14:30:00,Library,14,10,4.95,2,14,True,72.43
2026-02-25 15:00:00,Library,19,4,4.8,2,15,False,85.21
2026-02-25 15:00:00,Canteen,9,1,2.61,2,15,False,17.92
2026-02-25 15:00:00,Bus Stop,16,5,1.16,2,15,False,11.73
2026-02-25 15:00:00,Printing Shop,7,8,3.22,2,15,False,21.3
2026-02-25 15:15:00,Canteen,12,8,3.04,2,15,False,36.85
2026-02-25 15:15:00,Bus Stop,10,10,1.08,2,15,False,11.55
2026-02-25 15:30:00,Bus Stop,9,4,0.99,2,15,False,13.37
2026-02-25 15:30:00,Admin Office,4,10,4.27,2,15,False,22.96
2026-02-25 15:45:00,Printing Shop,4,1,2.85,2,15,False,17.66
2026-02-25 15:45:00,Bus Stop,12,9,1.75,2,15,False,16.44
2026-02-25 15:45:00,Bus Stop,13,5,1.76,2,15,False,23.11
2026-02-25 15:45:00,Computer Lab,14,9,4.26,2,15,False,64.76
2026-02-25 15:45:00,Canteen,9,10,3.16,2,15,False,21.08
2026-02-25 15:45:00,Admin Office,3,1,5.36,2,15,False,20.19
2026-02-25 16:00:00,Bus Stop,13,3,1.18,2,16,True,10.22
2026-02-25 16:00:00,Canteen,17,10,1.67,2,16,True,24.57
2026-02-25 16:15:00,Bus Stop,30,8,0.8,2,16,True,33.0
2026-02-25 16:15:00,Canteen,19,7,2.67,2,16,True,61.18
2026-02-25 16:45:00,Canteen,17,1,2.47,2,16,True,53.99
2026-02-25 16:45:00,Admin Office,6,5,5.03,2,16,True,39.83
2026-02-25 16:45:00,Canteen,16,5,2.03,2,16,True,43.55
2026-02-25 17:00:00,Bus Stop,27,9,1.57,2,17,True,52.9
2026-02-25 17:15:00,Admin Office,2,6,6.31,2,17,True,15.02
2026-02-25 17:15:00,Computer Lab,5,3,3.03,2,17,True,24.94
2026-02-25 17:15:00,Library,10,7,3.79,2,17,True,33.88
2026-02-25 17:30:00,Bus Stop,33,9,1.63,2,17,True,52.19
2026-02-25 17:30:00,Printing Shop,6,7,3.03,2,17,True,14.03
2026-02-25 17:30:00,Admin Office,8,8,3.26,2,17,True,37.35
2026-02-25 17:45:00,Bus Stop,23,6,1.59,2,17,True,35.05
2026-02-26 08:00:00,Bus Stop,19,9,1.92,3,8,False,38.62
2026-02-26 08:15:00,Bus Stop,29,7,1.4,3,8,False,33.3
2026-02-26 08:15:00,Canteen,8,1,2.69,3,8,False,27.73
2026-02-26 08:30:00,Library,3,1,3.13,3,8,False,11.23
2026-02-26 08:30:00,Bus Stop,22,3,1.47,3,8,False,39.89
2026-02-26 08:30:00,Admin Office,1,8,5.95,3,8,False,7.06
2026-02-26 08:30:00,Printing Shop,0,9,2.83,3,8,False,0.0
2026-02-26 08:45:00,Printing Shop,5,8,3.04,3,8,False,15.64
2026-02-26 09:00:00,Printing Shop,2,8,3.57,3,9,False,7.55
2026-02-26 09:15:00,Canteen,7,10,2.73,3,9,False,14.45
2026-02-26 09:30:00,Admin Office,5,2,5.05,3,9,False,22.86
2026-02-26 09:30:00,Admin Office,1,2,3.02,3,9,False,7.64
2026-02-26 09:45:00,Bus Stop,24,4,1.6,3,9,False,46.21
2026-02-26 10:00:00,Admin Office,6,10,6.13,3,10,True,40.27
2026-02-26 10:00:00,Library,12,9,4.49,3,10,True,65.77
2026-02-26 10:00:00,Computer Lab,11,5,3.64,3,10,True,47.25
2026-02-26 10:00:00,Library,14,7,3.14,3,10,True,60.32
2026-02-26 10:15:00,Computer Lab,16,6,3.53,3,10,True,69.91
2026-02-26 10:30:00,Canteen,9,8,2.05,3,10,True,28.78
2026-02-26 10:30:00,Printing Shop,10,4,2.93,3,10,True,34.24
2026-02-26 10:45:00,Printing Shop,5,5,2.12,3,10,True,13.93
2026-02-26 10:45:00,Library,10,5,4.95,3,10,True,48.39
2026-02-26 10:45:00,Admin Office,7,5,4.83,3,10,True,32.53
2026-02-26 10:45:00,Admin Office,6,2,5.45,3,10,True,42.67
2026-02-26 11:00:00,Printing Shop,9,6,2.64,3,11,True,17.1
2026-02-26 11:15:00,Admin Office,6,2,4.37,3,11,True,26.74
2026-02-26 11:15:00,Computer Lab,8,6,3.02,3,11,True,20.88
2026-02-26 11:30:00,Library,9,5,4.14,3,11,True,50.1
2026-02-26 11:45:00,Bus Stop,13,4,0.8,3,11,True,17.15
2026-02-26 11:45:00,Printing Shop,7,1,2.92,3,11,True,27.02
2026-02-26 12:00:00,Bus Stop,14,3,1.7,3,12,True,30.68
2026-02-26 12:00:00,Bus Stop,10,3,1.75,3,12,True,22.86
2026-02-26 12:00:00,Computer Lab,12,3,4.14,3,12,True,56.39
2026-02-26 12:15:00,Computer Lab,17,5,2.76,3,12,True,59.0
2026-02-26 12:15:00,Admin Office,7,9,2.58,3,12,True,24.6
2026-02-26 12:15:00,Computer Lab,12,3,3.52,3,12,True,51.89
2026-02-26 12:15:00,Printing Shop,9,2,3.31,3,12,True,32.89
2026-02-26 12:15:00,Admin Office,7,3,3.35,3,12,True,29.61
2026-02-26 12:30:00,Library,8,2,4.17,3,12,True,46.24
2026-02-26 12:30:00,Computer Lab,13,7,3.02,3,12,True,41.13
2026-02-26 12:30:00,Library,6,6,3.6,3,12,True,31.28
2026-02-26 12:30:00,Admin Office,8,1,5.72,3,12,True,57.85
2026-02-26 12:45:00,Library,4,8,2.93,3,12,True,4.4
2026-02-26 13:00:00,Admin Office,5,5,3.53,3,13,True,22.89
2026-02-26 13:00:00,Printing Shop,3,7,2.18,3,13,True,5.37
2026-02-26 13:30:00,Library,6,8,5.49,3,13,True,44.23
2026-02-26 13:45:00,Computer Lab,10,7,3.12,3,13,True,29.74
2026-02-26 13:45:00,Admin Office,2,3,4.97,3,13,True,4.16
2026-02-26 14:15:00,Printing Shop,4,2,3.25,3,14,True,10.96
2026-02-26 14:15:00,Bus Stop,13,4,1.3,3,14,True,12.6
2026-02-26 14:30:00,Computer Lab,11,2,4.01,3,14,True,54.67
2026-02-26 14:30:00,Library,10,7,3.04,3,14,True,27.17
2026-02-26 14:45:00,Library,14,9,4.51,3,14,True,63.16
2026-02-26 15:00:00,Bus Stop,5,5,1.0,3,15,False,4.53
2026-02-26 15:00:00,Admin Office,2,1,3.15,3,15,False,11.96
2026-02-26 15:15:00,Printing Shop,10,9,3.76,3,15,False,33.8
2026-02-26 15:30:00,Printing Shop,7,7,3.36,3,15,False,19.93
2026-02-26 15:30:00,Computer Lab,14,3,3.52,3,15,False,55.4
2026-02-26 15:30:00,Admin Office,3,4,5.35,3,15,False,13.46
2026-02-26 15:30:00,Admin Office,7,10,4.72,3,15,False,40.5
2026-02-26 15:30:00,Canteen,6,8,1.93,3,15,False,11.71
2026-02-26 15:45:00,Canteen,11,6,1.74,3,15,False,25.77
2026-02-26 15:45:00,Admin Office,5,9,4.73,3,15,False,27.31
2026-02-26 16:00:00,Bus Stop,20,3,1.94,3,16,True,43.31
2026-02-26 16:15:00,Admin Office,3,8,4.71,3,16,True,19.9
2026-02-26 16:15:00,Bus Stop,34,4,1.86,3,16,True,63.95
2026-02-26 16:15:00,Bus Stop,32,10,2.13,3,16,True,72.02
2026-02-26 16:30:00,Bus Stop,23,3,1.71,3,16,True,46.04
2026-02-26 16:30:00,Bus Stop,32,7,1.17,3,16,True,31.71
2026-02-26 16:30:00,Bus Stop,25,1,0.84,3,16,True,31.09
2026-02-26 16:30:00,Bus Stop,20,8,1.6,3,16,True,42.26
2026-02-26 16:45:00,Library,11,1,4.23,3,16,True,50.37
2026-02-26 16:45:00,Admin Office,3,8,4.79,3,16,True,24.09
2026-02-26 17:00:00,Library,10,9,4.0,3,17,True,53.53
2026-02-26 17:00:00,Admin Office,4,7,3.36,3,17,True,12.34
2026-02-26 17:15:00,Bus Stop,22,1,1.5,3,17,True,27.04
2026-02-26 17:15:00,Library,14,1,3.71,3,17,True,52.17
2026-02-26 17:30:00,Printing Shop,11,2,3.11,3,17,True,40.68
2026-02-26 17:30:00,Computer Lab,12,2,3.61,3,17,True,43.53
2026-02-26 17:30:00,Canteen,13,5,2.75,3,17,True,35.85
2026-02-26 17:30:00,Library,11,3,3.59,3,17,True,47.45
2026-02-26 17:45:00,Library,12,8,3.8,3,17,True,61.46
2026-02-27 08:00:00,Admin Office,3,10,4.38,4,8,False,19.88
2026-02-27 08:15:00,Printing Shop,6,6,2.8,4,8,False,21.7
2026-02-27 08:15:00,Bus Stop,27,5,1.37,4,8,False,29.06
2026-02-27 08:15:00,Bus Stop,18,2,1.42,4,8,False,28.43
2026-02-27 08:15:00,Canteen,7,4,2.9,4,8,False,24.09
2026-02-27 08:15:00,Bus Stop,19,4,1.58,4,8,False,25.75
2026-02-27 08:30:00,Admin Office,0,6,4.17,4,8,False,0.0
2026-02-27 08:45:00,Computer Lab,6,1,2.48,4,8,False,10.85
2026-02-27 08:45:00,Canteen,12,9,2.64,4,8,False,24.22
2026-02-27 08:45:00,Library,9,5,2.58,4,8,False,19.7
2026-02-27 08:45:00,Bus Stop,30,7,1.99,4,8,False,58.49
2026-02-27 09:15:00,Library,7,10,4.26,4,9,False,27.54
2026-02-27 09:15:00,Admin Office,5,5,5.91,4,9,False,29.56
2026-02-27 09:15:00,Canteen,9,10,3.0,4,9,False,20.46
2026-02-27 09:15:00,Bus Stop,23,9,1.87,4,9,False,45.1
2026-02-27 09:30:00,Printing Shop,4,1,4.2,4,9,False,12.35
2026-02-27 09:30:00,Admin Office,1,7,5.16,4,9,False,3.22
2026-02-27 09:45:00,Library,12,9,5.8,4,9,False,69.03
2026-02-27 09:45:00,Bus Stop,26,8,1.27,4,9,False,35.47
2026-02-27 10:00:00,Bus Stop,13,4,1.12,4,10,True,20.04
2026-02-27 10:00:00,Bus Stop,16,7,1.47,4,10,True,30.44
2026-02-27 10:00:00,Printing Shop,9,10,2.92,4,10,True,35.3
2026-02-27 10:00:00,Canteen,9,2,2.49,4,10,True,19.94
2026-02-27 10:00:00,Canteen,8,6,2.45,4,10,True,16.68
2026-02-27 10:00:00,Computer Lab,9,4,3.84,4,10,True,30.64
2026-02-27 10:00:00,Canteen,7,4,2.52,4,10,True,17.86
2026-02-27 10:15:00,Bus Stop,7,8,1.25,4,10,True,3.67
2026-02-27 10:15:00,Canteen,8,8,2.23,4,10,True,20.02
2026-02-27 10:30:00,Admin Office,7,3,2.47,4,10,True,26.94
2026-02-27 10:30:00,Canteen,7,10,2.63,4,10,True,25.23
2026-02-27 10:30:00,Library,10,4,4.45,4,10,True,40.0
2026-02-27 10:45:00,Computer Lab,12,5,3.39,4,10,True,39.54
2026-02-27 10:45:00,Admin Office,3,10,5.35,4,10,True,13.06
2026-02-27 11:00:00,Library,12,2,3.93,4,11,True,56.52
2026-02-27 11:15:00,Computer Lab,12,8,3.29,4,11,True,44.47
2026-02-27 11:30:00,Computer Lab,13,9,3.66,4,11,True,55.04
2026-02-27 11:45:00,Canteen,9,3,3.27,4,11,True,35.18
2026-02-27 11:45:00,Bus Stop,8,4,1.17,4,11,True,12.18
2026-02-27 12:00:00,Admin Office,4,2,3.78,4,12,True,21.54
2026-02-27 12:00:00,Library,7,4,3.27,4,12,True,19.04
2026-02-27 12:15:00,Printing Shop,6,10,2.52,4,12,True,18.96
2026-02-27 12:15:00,Bus Stop,13,2,1.51,4,12,True,15.15
2026-02-27 12:15:00,Admin Office,5,1,4.77,4,12,True,23.05
2026-02-27 12:30:00,Computer Lab,15,8,4.4,4,12,True,86.5
2026-02-27 12:45:00,Bus Stop,10,8,1.42,4,12,True,8.5
2026-02-27 13:15:00,Printing Shop,7,10,2.87,4,13,True,23.15
2026-02-27 13:15:00,Canteen,21,4,1.87,4,13,True,41.22
2026-02-27 13:30:00,Library,4,4,5.49,4,13,True,20.12
2026-02-27 13:45:00,Bus Stop,15,2,0.85,4,13,True,14.08
2026-02-27 13:45:00,Admin Office,2,6,6.5,4,13,True,15.25
2026-02-27 14:00:00,Printing Shop,5,9,3.85,4,14,True,22.4
2026-02-27 14:15:00,Admin Office,5,1,6.05,4,14,True,32.75
2026-02-27 14:30:00,Computer Lab,13,10,2.9,4,14,True,52.1
2026-02-27 14:30:00,Printing Shop,2,3,2.96,4,14,True,2.12
2026-02-27 14:30:00,Admin Office,2,2,5.12,4,14,True,13.29
2026-02-27 14:45:00,Printing Shop,4,8,2.93,4,14,True,20.04
2026-02-27 14:45:00,Bus Stop,19,3,1.42,4,14,True,21.53
2026-02-27 14:45:00,Computer Lab,11,2,4.13,4,14,True,43.26
2026-02-27 15:00:00,Admin Office,6,7,4.79,4,15,False,23.25
2026-02-27 15:00:00,Admin Office,4,4,4.37,4,15,False,12.21
2026-02-27 15:15:00,Bus Stop,12,10,1.52,4,15,False,15.29
2026-02-27 15:30:00,Bus Stop,7,3,1.76,4,15,False,10.18
2026-02-27 15:45:00,Printing Shop,8,10,2.7,4,15,False,19.55
2026-02-27 15:45:00,Printing Shop,10,5,2.15,4,15,False,29.06
2026-02-27 16:00:00,Computer Lab,12,4,3.58,4,16,True,44.11
2026-02-27 16:00:00,Admin Office,5,5,5.3,4,16,True,24.85
2026-02-27 16:15:00,Bus Stop,30,2,0.99,4,16,True,28.98
2026-02-27 16:15:00,Admin Office,4,8,4.01,4,16,True,19.75
2026-02-27 16:15:00,Canteen,10,2,2.76,4,16,True,30.69
2026-02-27 16:15:00,Canteen,13,4,3.45,4,16,True,53.5
2026-02-27 16:15:00,Canteen,14,4,2.54,4,16,True,35.89
2026-02-27 16:30:00,Admin Office,6,1,3.86,4,16,True,22.49
2026-02-27 16:30:00,Bus Stop,19,7,1.1,4,16,True,16.86
2026-02-27 16:45:00,Printing Shop,10,5,2.68,4,16,True,31.43
2026-02-27 16:45:00,Library,14,1,2.86,4,16,True,41.48
2026-02-27 17:00:00,Admin Office,2,4,4.22,4,17,True,12.65
2026-02-27 17:00:00,Admin Office,5,3,5.97,4,17,True,36.94
2026-02-27 17:15:00,Canteen,14,8,2.14,4,17,True,34.52
2026-02-27 17:45:00,Admin Office,3,8,4.72,4,17,True,22.49
2026-02-28 08:00:00,Admin Office,1,3,2.54,5,8,False,0.0
2026-02-28 08:15:00,Bus Stop,10,8,1.77,5,8,False,25.02
2026-02-28 08:15:00,Bus Stop,15,7,1.92,5,8,False,30.82
2026-02-28 08:30:00,Canteen,9,7,3.3,5,8,False,21.78
2026-02-28 08:30:00,Admin Office,3,10,5.76,5,8,False,16.93
2026-02-28 08:45:00,Library,7,8,2.99,5,8,False,25.18
2026-02-28 08:45:00,Canteen,5,10,2.65,5,8,False,14.57
2026-02-28 08:45:00,Printing Shop,3,7,2.83,5,8,False,4.12
2026-02-28 09:00:00,Computer Lab,4,7,4.22,5,9,False,16.86
2026-02-28 09:00:00,Canteen,7,9,2.42,5,9,False,13.11
2026-02-28 09:00:00,Library,7,5,3.42,5,9,False,16.91
2026-02-28 09:30:00,Computer Lab,2,4,3.12,5,9,False,12.85
2026-02-28 09:30:00,Printing Shop,0,8,3.12,5,9,False,0.0
2026-02-28 09:30:00,Computer Lab,5,1,3.8,5,9,False,13.22
2026-02-28 09:30:00,Bus Stop,18,6,0.92,5,9,False,14.12
2026-02-28 09:45:00,Library,5,1,5.56,5,9,False,26.22
2026-02-28 10:00:00,Computer Lab,6,8,3.98,5,10,True,30.87
2026-02-28 10:00:00,Canteen,8,9,2.01,5,10,True,17.51
2026-02-28 10:15:00,Bus Stop,6,7,1.55,5,10,True,19.46
2026-02-28 10:15:00,Library,10,5,5.07,5,10,True,60.38
2026-02-28 10:30:00,Computer Lab,4,10,2.64,5,10,True,5.62
2026-02-28 10:45:00,Canteen,7,6,2.77,5,10,True,25.45
2026-02-28 10:45:00,Bus Stop,6,8,1.62,5,10,True,14.77
2026-02-28 10:45:00,Printing Shop,1,6,2.93,5,10,True,1.05
2026-02-28 11:00:00,Canteen,7,9,2.6,5,11,True,29.18
2026-02-28 11:00:00,Canteen,6,8,2.62,5,11,True,22.0
2026-02-28 11:15:00,Printing Shop,5,6,2.93,5,11,True,16.6
2026-02-28 11:15:00,Library,5,3,3.7,5,11,True,16.14
2026-02-28 11:15:00,Computer Lab,8,3,2.89,5,11,True,23.33
2026-02-28 11:30:00,Bus Stop,5,7,1.51,5,11,True,12.59
2026-02-28 11:45:00,Library,3,7,4.26,5,11,True,14.75
2026-02-28 11:45:00,Canteen,3,6,2.64,5,11,True,10.54
2026-02-28 11:45:00,Bus Stop,8,2,1.3,5,11,True,13.16
2026-02-28 11:45:00,Bus Stop,6,7,0.88,5,11,True,12.97
2026-02-28 11:45:00,Printing Shop,5,8,2.5,5,11,True,19.65
2026-02-28 12:00:00,Canteen,14,4,2.11,5,12,True,36.02
2026-02-28 12:30:00,Admin Office,3,5,5.0,5,12,True,21.54
2026-02-28 12:45:00,Bus Stop,7,4,1.55,5,12,True,13.98
2026-02-28 13:00:00,Computer Lab,6,1,4.21,5,13,True,18.28
2026-02-28 13:00:00,Canteen,14,10,1.81,5,13,True,29.48
2026-02-28 13:00:00,Computer Lab,3,2,3.85,5,13,True,12.22
2026-02-28 13:00:00,Canteen,14,9,2.82,5,13,True,35.6
2026-02-28 13:15:00,Printing Shop,1,7,3.49,5,13,True,6.04
2026-02-28 13:15:00,Canteen,12,7,3.23,5,13,True,52.9
2026-02-28 13:15:00,Canteen,8,6,3.01,5,13,True,26.53
2026-02-28 13:15:00,Computer Lab,4,8,4.4,5,13,True,24.45
2026-02-28 13:30:00,Computer Lab,3,6,3.26,5,13,True,8.09
2026-02-28 13:30:00,Admin Office,0,9,4.16,5,13,True,4.5
2026-02-28 13:30:00,Printing Shop,2,9,2.75,5,13,True,12.72
2026-02-28 13:45:00,Admin Office,0,10,4.27,5,13,True,0.0
2026-02-28 14:00:00,Computer Lab,5,9,4.16,5,14,True,16.52
2026-02-28 14:00:00,Admin Office,3,2,5.42,5,14,True,25.74
2026-02-28 14:00:00,Computer Lab,6,10,2.87,5,14,True,23.43
2026-02-28 14:00:00,Printing Shop,1,10,1.95,5,14,True,4.42
2026-02-28 14:00:00,Bus Stop,8,3,1.93,5,14,True,10.18
2026-02-28 14:15:00,Admin Office,0,1,4.56,5,14,True,0.0
2026-02-28 14:15:00,Library,8,8,4.16,5,14,True,37.85
2026-02-28 14:30:00,Printing Shop,2,6,2.26,5,14,True,0.0
2026-02-28 14:45:00,Computer Lab,8,1,2.86,5,14,True,25.6
2026-02-28 14:45:00,Bus Stop,11,4,1.88,5,14,True,16.68
2026-02-28 14:45:00,Computer Lab,11,2,4.72,5,14,True,52.66
2026-02-28 15:00:00,Library,8,1,3.47,5,15,False,25.05
2026-02-28 15:00:00,Library,9,2,4.76,5,15,False,44.28
2026-02-28 15:15:00,Library,5,2,3.02,5,15,False,15.51
2026-02-28 15:15:00,Library,5,10,5.65,5,15,False,30.35
2026-02-28 15:15:00,Canteen,6,3,2.65,5,15,False,22.28
2026-02-28 15:30:00,Canteen,5,8,1.89,5,15,False,14.07
2026-02-28 15:30:00,Computer Lab,4,1,3.03,5,15,False,12.84
2026-02-28 15:30:00,Library,1,4,2.97,5,15,False,4.52
2026-02-28 15:45:00,Computer Lab,7,2,4.05,5,15,False,35.66
2026-02-28 15:45:00,Library,6,8,2.85,5,15,False,16.78
2026-02-28 15:45:00,Admin Office,2,2,3.37,5,15,False,4.94
2026-02-28 16:00:00,Printing Shop,5,8,2.34,5,16,True,7.48
2026-02-28 16:00:00,Admin Office,0,7,4.2,5,16,True,6.1
2026-02-28 16:15:00,Admin Office,5,7,5.13,5,16,True,38.28
2026-02-28 16:15:00,Library,5,4,2.82,5,16,True,9.04
2026-02-28 16:30:00,Canteen,12,6,2.36,5,16,True,29.92
2026-02-28 16:30:00,Printing Shop,4,9,3.41,5,16,True,16.96
2026-02-28 16:30:00,Printing Shop,5,7,3.19,5,16,True,10.78
2026-02-28 16:45:00,Canteen,12,2,2.92,5,16,True,48.16
2026-02-28 17:00:00,Library,2,8,2.97,5,17,True,8.84
2026-02-28 17:00:00,Bus Stop,18,10,1.51,5,17,True,26.99
2026-02-28 17:15:00,Library,5,8,4.92,5,17,True,33.79
2026-02-28 17:15:00,Admin Office,4,9,4.53,5,17,True,20.1
2026-02-28 17:15:00,Library,6,6,4.42,5,17,True,20.88
2026-02-28 17:15:00,Canteen,9,1,3.21,5,17,True,29.46
2026-02-28 17:30:00,Bus Stop,18,9,1.72,5,17,True,34.91
2026-02-28 17:30:00,Bus Stop,16,2,1.81,5,17,True,35.35
2026-02-28 17:30:00,Bus Stop,17,5,2.19,5,17,True,50.54
2026-02-28 17:45:00,Library,5,10,3.64,5,17,True,19.53
2026-02-28 17:45:00,Library,9,7,3.14,5,17,True,41.85
2026-03-01 08:00:00,Computer Lab,2,5,4.22,6,8,False,14.18
2026-03-01 08:45:00,Bus Stop,16,3,1.56,6,8,False,17.19
2026-03-01 08:45:00,Computer Lab,4,9,3.68,6,8,False,13.61
2026-03-01 08:45:00,Canteen,5,9,2.64,6,8,False,14.24
2026-03-01 08:45:00,Library,0,5,3.77,6,8,False,0.0
2026-03-01 08:45:00,Printing Shop,5,4,2.22,6,8,False,17.58
2026-03-01 09:30:00,Admin Office,3,7,4.76,6,9,False,12.78
2026-03-01 09:30:00,Admin Office,3,2,4.51,6,9,False,17.9
2026-03-01 09:45:00,Library,5,5,4.88,6,9,False,27.55
2026-03-01 09:45:00,Admin Office,1,8,4.03,6,9,False,0.0
2026-03-01 09:45:00,Computer Lab,5,8,3.75,6,9,False,20.71
2026-03-01 09:45:00,Admin Office,3,7,6.05,6,9,False,15.53
2026-03-01 10:00:00,Canteen,3,4,2.01,6,10,True,5.01
2026-03-01 10:00:00,Admin Office,4,9,5.55,6,10,True,31.95
2026-03-01 10:00:00,Canteen,9,4,2.46,6,10,True,24.22
2026-03-01 10:00:00,Admin Office,1,4,5.13,6,10,True,8.16
2026-03-01 10:15:00,Library,4,8,4.11,6,10,True,11.83
2026-03-01 10:15:00,Canteen,6,1,2.37,6,10,True,14.47
2026-03-01 10:30:00,Bus Stop,6,2,1.56,6,10,True,12.74
2026-03-01 10:45:00,Admin Office,2,3,5.91,6,10,True,13.85
2026-03-01 10:45:00,Printing Shop,8,7,4.04,6,10,True,33.04
2026-03-01 10:45:00,Admin Office,9,4,5.01,6,10,True,62.9
2026-03-01 10:45:00,Admin Office,1,1,5.46,6,10,True,3.71
2026-03-01 11:00:00,Bus Stop,9,4,1.5,6,11,True,19.22
2026-03-01 11:15:00,Printing Shop,5,10,2.41,6,11,True,11.48
2026-03-01 11:15:00,Library,6,6,3.88,6,11,True,30.9
2026-03-01 11:15:00,Bus Stop,8,4,1.73,6,11,True,17.18
2026-03-01 11:30:00,Bus Stop,6,3,1.7,6,11,True,14.2
2026-03-01 11:30:00,Canteen,8,1,1.32,6,11,True,4.5
2026-03-01 11:30:00,Bus Stop,6,3,1.08,6,11,True,12.77
2026-03-01 11:45:00,Computer Lab,9,4,3.27,6,11,True,40.69
2026-03-01 12:00:00,Bus Stop,9,10,1.38,6,12,True,8.82
2026-03-01 12:15:00,Library,0,4,3.79,6,12,True,0.0
2026-03-01 12:15:00,Canteen,14,2,2.55,6,12,True,39.8
2026-03-01 12:30:00,Canteen,11,7,1.81,6,12,True,29.12
2026-03-01 12:30:00,Library,5,1,5.2,6,12,True,22.0
2026-03-01 12:45:00,Computer Lab,7,10,4.72,6,12,True,39.46
2026-03-01 13:00:00,Printing Shop,5,7,2.15,6,13,True,4.97
2026-03-01 13:15:00,Printing Shop,5,7,2.34,6,13,True,4.38
2026-03-01 13:15:00,Bus Stop,7,3,1.71,6,13,True,4.75
2026-03-01 13:15:00,Computer Lab,3,6,3.75,6,13,True,19.17
2026-03-01 13:15:00,Computer Lab,6,9,3.98,6,13,True,20.17
2026-03-01 13:30:00,Admin Office,4,5,4.3,6,13,True,21.11
2026-03-01 13:30:00,Canteen,16,10,2.89,6,13,True,58.12
2026-03-01 13:30:00,Admin Office,1,1,3.53,6,13,True,2.58
2026-03-01 13:30:00,Computer Lab,4,1,3.91,6,13,True,11.87
2026-03-01 13:45:00,Canteen,21,4,1.98,6,13,True,42.56
2026-03-01 14:15:00,Library,2,6,4.25,6,14,True,12.2
2026-03-01 14:15:00,Library,7,6,3.31,6,14,True,30.62
2026-03-01 14:30:00,Library,9,5,3.57,6,14,True,32.26
2026-03-01 14:30:00,Computer Lab,7,5,3.53,6,14,True,32.41
2026-03-01 14:30:00,Computer Lab,11,4,2.59,6,14,True,33.72
2026-03-01 14:45:00,Computer Lab,3,1,3.63,6,14,True,18.58
2026-03-01 15:00:00,Bus Stop,5,3,1.77,6,15,False,14.77
2026-03-01 15:00:00,Library,6,6,3.18,6,15,False,17.37
2026-03-01 15:00:00,Printing Shop,6,2,2.22,6,15,False,17.07
2026-03-01 15:15:00,Admin Office,4,9,4.74,6,15,False,26.57
2026-03-01 15:15:00,Canteen,7,8,1.46,6,15,False,3.78
2026-03-01 15:15:00,Bus Stop,4,2,1.5,6,15,False,8.51
2026-03-01 15:15:00,Printing Shop,1,3,4.01,6,15,False,2.47
2026-03-01 15:15:00,Bus Stop,5,6,1.55,6,15,False,9.83
2026-03-01 15:15:00,Printing Shop,5,6,2.56,6,15,False,7.49
2026-03-01 15:45:00,Admin Office,4,9,6.48,6,15,False,30.84
2026-03-01 15:45:00,Computer Lab,9,5,2.71,6,15,False,19.04
2026-03-01 15:45:00,Printing Shop,3,3,2.92,6,15,False,12.22
2026-03-01 16:00:00,Printing Shop,5,9,3.17,6,16,True,17.4
2026-03-01 16:00:00,Library,4,10,4.91,6,16,True,23.68
2026-03-01 16:15:00,Library,7,2,3.1,6,16,True,16.1
2026-03-01 16:15:00,Bus Stop,18,10,1.61,6,16,True,43.29
2026-03-01 16:15:00,Admin Office,2,6,6.82,6,16,True,7.43
2026-03-01 16:15:00,Admin Office,3,8,2.89,6,16,True,9.14
2026-03-01 16:15:00,Bus Stop,12,1,1.96,6,16,True,20.24
2026-03-01 16:30:00,Bus Stop,13,6,1.38,6,16,True,21.51
2026-03-01 16:45:00,Admin Office,1,6,4.13,6,16,True,5.21
2026-03-01 17:00:00,Library,8,9,4.21,6,17,True,32.84
2026-03-01 17:00:00,Admin Office,2,1,5.03,6,17,True,20.41
2026-03-01 17:15:00,Printing Shop,7,7,2.79,6,17,True,26.76
2026-03-01 17:15:00,Computer Lab,3,4,2.95,6,17,True,15.31
2026-03-01 17:30:00,Canteen,7,6,2.7,6,17,True,26.02
2026-03-01 17:45:00,Admin Office,1,4,5.44,6,17,True,11.33
