record_id,timestamp,facility_id,facility,queue_length,position,people_served,service_time,average_service_time,recent_service_rate,day_of_week,hour,is_weekend,is_peak_hour,wait_time,data_source
QL-001350,2026-01-01 08:00:00,CANTEEN,Canteen,15,10,7,2.12,2.42,24.79,3,8,False,False,40.91,synthetic
QL-000579,2026-01-01 08:15:00,CANTEEN,Canteen,9,8,8,1.85,2.42,24.79,3,8,False,False,23.7,synthetic
QL-000888,2026-01-01 08:30:00,LIBRARY,Library,6,3,3,4.63,3.67,16.35,3,8,False,False,26.5,synthetic
QL-001421,2026-01-01 09:15:00,BUS,Bus Stop,22,17,9,1.27,1.6,37.5,3,9,False,False,33.91,synthetic
QL-001318,2026-01-01 09:30:00,LAB,Computer Lab,8,2,3,1.96,3.35,17.91,3,9,False,False,27.49,synthetic
QL-000046,2026-01-01 09:45:00,LIBRARY,Library,12,4,3,5.8,3.87,15.5,3,9,False,False,50.61,synthetic
QL-000812,2026-01-01 09:45:00,CANTEEN,Canteen,10,3,4,2.45,3.09,19.42,3,9,False,False,26.82,synthetic
QL-000487,2026-01-01 09:45:00,BUS,Bus Stop,22,1,7,2.08,1.34,44.78,3,9,False,False,27.4,synthetic
QL-001372,2026-01-01 10:00:00,LAB,Computer Lab,8,7,5,3.78,2.97,20.2,3,10,False,True,29.55,synthetic
QL-000962,2026-01-01 10:00:00,CANTEEN,Canteen,17,1,7,2.26,2.16,27.78,3,10,False,True,37.44,synthetic
QL-000698,2026-01-01 10:45:00,ADMIN,Admin Office,5,4,2,3.12,5.66,10.6,3,10,False,True,29.79,synthetic
QL-000745,2026-01-01 10:45:00,LAB,Computer Lab,15,13,3,2.83,3.53,17.0,3,10,False,True,63.25,synthetic
QL-000916,2026-01-01 11:00:00,PRINT,Printing Shop,2,2,4,2.46,3.09,19.42,3,11,False,True,5.43,synthetic
QL-000399,2026-01-01 11:15:00,LAB,Computer Lab,13,3,4,3.82,3.09,19.42,3,11,False,True,46.71,synthetic
QL-000796,2026-01-01 12:00:00,BUS,Bus Stop,14,2,7,1.37,1.5,40.0,3,12,False,True,18.77,synthetic
QL-001890,2026-01-01 13:00:00,PRINT,Printing Shop,5,5,2,2.56,3.49,17.19,3,13,False,True,22.35,synthetic
QL-000023,2026-01-01 14:30:00,ADMIN,Admin Office,4,4,1,6.51,4.89,12.27,3,14,False,True,17.39,synthetic
QL-001436,2026-01-01 15:15:00,CANTEEN,Canteen,14,14,8,3.57,2.25,26.67,3,15,False,False,33.5,synthetic
QL-001011,2026-01-01 15:15:00,CANTEEN,Canteen,11,4,4,2.62,2.72,22.06,3,15,False,False,26.96,synthetic
QL-000446,2026-01-01 16:15:00,PRINT,Printing Shop,7,7,4,3.72,2.87,20.91,3,16,False,True,20.87,synthetic
QL-000083,2026-01-01 16:45:00,CANTEEN,Canteen,16,5,6,3.45,2.96,20.27,3,16,False,True,53.1,synthetic
QL-000081,2026-01-01 16:45:00,ADMIN,Admin Office,7,4,2,5.4,4.58,13.1,3,16,False,True,37.1,synthetic
QL-001795,2026-01-01 17:30:00,LAB,Computer Lab,9,7,4,3.2,3.77,15.92,3,17,False,True,37.76,synthetic
QL-001974,2026-01-02 08:00:00,ADMIN,Admin Office,4,1,0,5.9,5.39,11.13,4,8,False,False,24.55,synthetic
QL-000618,2026-01-02 08:15:00,PRINT,Printing Shop,4,3,4,3.82,2.9,20.69,4,8,False,False,10.77,synthetic
QL-001467,2026-01-02 08:30:00,PRINT,Printing Shop,5,5,5,3.24,3.24,18.52,4,8,False,False,19.72,synthetic
QL-001212,2026-01-02 08:30:00,CANTEEN,Canteen,10,1,3,2.42,2.88,20.83,4,8,False,False,29.19,synthetic
QL-001723,2026-01-02 09:15:00,ADMIN,Admin Office,6,6,4,3.85,4.39,13.67,4,9,False,False,26.56,synthetic
QL-000173,2026-01-02 09:45:00,LAB,Computer Lab,6,3,4,3.64,3.4,17.65,4,9,False,False,20.35,synthetic
QL-001119,2026-01-02 10:00:00,LIBRARY,Library,8,5,1,3.32,4.69,12.79,4,10,False,True,45.56,synthetic
QL-001780,2026-01-02 10:00:00,ADMIN,Admin Office,5,3,2,3.33,5.19,11.56,4,10,False,True,27.47,synthetic
QL-001965,2026-01-02 10:15:00,ADMIN,Admin Office,8,5,3,5.58,5.07,11.83,4,10,False,True,41.12,synthetic
QL-001509,2026-01-02 10:30:00,PRINT,Printing Shop,6,3,3,3.2,3.37,17.8,4,10,False,True,18.87,synthetic
QL-000991,2026-01-02 10:30:00,CANTEEN,Canteen,12,8,5,3.24,2.73,21.98,4,10,False,True,36.91,synthetic
QL-000505,2026-01-02 10:45:00,LAB,Computer Lab,17,11,3,2.6,3.61,16.62,4,10,False,True,72.19,synthetic
QL-001555,2026-01-02 10:45:00,LIBRARY,Library,13,7,4,4.01,3.46,17.34,4,10,False,True,42.86,synthetic
QL-000314,2026-01-02 11:15:00,BUS,Bus Stop,11,7,8,1.62,1.57,38.22,4,11,False,True,19.35,synthetic
QL-000225,2026-01-02 11:15:00,BUS,Bus Stop,14,10,12,0.88,1.44,41.67,4,11,False,True,25.6,synthetic
QL-001028,2026-01-02 11:30:00,PRINT,Printing Shop,6,3,4,3.36,3.12,19.23,4,11,False,True,16.02,synthetic
QL-000686,2026-01-02 12:00:00,ADMIN,Admin Office,3,1,3,6.64,5.35,11.21,4,12,False,True,13.44,synthetic
QL-001886,2026-01-02 12:00:00,CANTEEN,Canteen,23,4,6,3.17,2.06,29.13,4,12,False,True,49.65,synthetic
QL-001352,2026-01-02 12:00:00,CANTEEN,Canteen,23,7,4,2.87,2.97,20.2,4,12,False,True,71.85,synthetic
QL-000903,2026-01-02 12:15:00,LIBRARY,Library,8,7,4,2.89,4.08,14.71,4,12,False,True,34.33,synthetic
QL-000215,2026-01-02 12:45:00,PRINT,Printing Shop,8,8,7,3.44,2.59,23.17,4,12,False,True,24.29,synthetic
QL-001160,2026-01-02 13:15:00,LIBRARY,Library,4,4,3,3.62,4.32,13.89,4,13,False,True,20.23,synthetic
QL-001912,2026-01-02 13:45:00,PRINT,Printing Shop,6,5,5,3.27,2.49,24.1,4,13,False,True,18.91,synthetic
QL-001722,2026-01-02 13:45:00,LIBRARY,Library,4,1,3,5.17,3.23,18.58,4,13,False,True,15.95,synthetic
QL-000523,2026-01-02 13:45:00,BUS,Bus Stop,15,2,9,1.46,1.42,42.25,4,13,False,True,28.07,synthetic
QL-001290,2026-01-02 14:30:00,LIBRARY,Library,13,7,1,4.22,4.57,13.13,4,14,False,True,61.93,synthetic
QL-000704,2026-01-02 14:30:00,LAB,Computer Lab,19,16,5,4.07,3.16,18.99,4,14,False,True,68.29,synthetic
QL-000291,2026-01-02 14:45:00,LAB,Computer Lab,12,3,5,2.97,2.89,20.76,4,14,False,True,32.63,synthetic
QL-001269,2026-01-02 15:00:00,PRINT,Printing Shop,5,3,8,2.69,2.68,22.39,4,15,False,False,16.11,synthetic
QL-001559,2026-01-02 15:45:00,ADMIN,Admin Office,3,1,3,4.42,6.12,9.8,4,15,False,False,20.62,synthetic
QL-001986,2026-01-02 16:15:00,ADMIN,Admin Office,6,5,3,3.85,5.55,10.81,4,16,False,True,30.89,synthetic
QL-000220,2026-01-02 16:45:00,LIBRARY,Library,12,9,4,4.22,4.15,14.46,4,16,False,True,51.37,synthetic
QL-001253,2026-01-02 16:45:00,LAB,Computer Lab,8,2,5,2.29,2.96,20.27,4,16,False,True,26.94,synthetic
QL-001993,2026-01-02 17:00:00,ADMIN,Admin Office,1,1,3,4.32,5.21,11.52,4,17,False,True,2.44,synthetic
QL-000973,2026-01-02 17:00:00,ADMIN,Admin Office,3,3,4,6.88,4.13,14.53,4,17,False,True,8.67,synthetic
QL-000957,2026-01-02 17:00:00,LAB,Computer Lab,5,3,4,4.28,3.76,15.96,4,17,False,True,17.47,synthetic
QL-001823,2026-01-02 17:00:00,LAB,Computer Lab,7,5,5,2.58,3.57,16.81,4,17,False,True,28.21,synthetic
QL-000180,2026-01-02 17:45:00,PRINT,Printing Shop,12,12,3,2.78,3.06,19.61,4,17,False,True,35.39,synthetic
QL-000279,2026-01-03 08:15:00,CANTEEN,Canteen,4,1,7,2.59,2.84,21.13,5,8,True,False,11.19,synthetic
QL-000927,2026-01-03 08:30:00,CANTEEN,Canteen,6,4,7,2.48,2.37,25.32,5,8,True,False,12.54,synthetic
QL-001713,2026-01-03 08:45:00,BUS,Bus Stop,13,6,10,1.53,1.61,37.27,5,8,True,False,16.99,synthetic
QL-001830,2026-01-03 10:00:00,LAB,Computer Lab,10,7,3,4.07,3.56,16.85,5,10,True,True,32.84,synthetic
QL-000628,2026-01-03 11:00:00,CANTEEN,Canteen,6,3,5,1.92,2.62,22.9,5,11,True,True,10.25,synthetic
QL-000859,2026-01-03 11:00:00,LIBRARY,Library,8,4,4,5.22,4.05,14.81,5,11,True,True,33.14,synthetic
QL-000793,2026-01-03 11:15:00,PRINT,Printing Shop,6,6,4,2.5,2.94,20.41,5,11,True,True,19.15,synthetic
QL-000454,2026-01-03 11:45:00,BUS,Bus Stop,7,6,8,1.14,1.67,35.93,5,11,True,True,16.14,synthetic
QL-001425,2026-01-03 12:00:00,LIBRARY,Library,5,2,5,4.98,3.35,17.91,5,12,True,True,16.83,synthetic
QL-001117,2026-01-03 12:15:00,BUS,Bus Stop,5,1,6,1.49,1.49,40.27,5,12,True,True,5.3,synthetic
QL-001673,2026-01-03 12:30:00,LAB,Computer Lab,5,2,2,3.45,3.6,16.67,5,12,True,True,17.6,synthetic
QL-001465,2026-01-03 13:15:00,PRINT,Printing Shop,0,0,4,2.85,3.14,19.11,5,13,True,True,4.66,synthetic
QL-001387,2026-01-03 13:30:00,ADMIN,Admin Office,1,1,2,6.42,5.46,10.99,5,13,True,True,9.83,synthetic
QL-001062,2026-01-03 14:00:00,BUS,Bus Stop,11,7,11,1.6,1.32,45.45,5,14,True,True,17.94,synthetic
QL-000206,2026-01-03 14:45:00,LIBRARY,Library,3,2,3,3.67,4.04,14.85,5,14,True,True,9.8,synthetic
QL-000795,2026-01-03 15:00:00,CANTEEN,Canteen,4,4,6,1.93,2.28,26.32,5,15,True,False,11.28,synthetic
QL-001736,2026-01-03 15:00:00,ADMIN,Admin Office,0,0,2,4.16,5.57,10.77,5,15,True,False,3.79,synthetic
QL-000765,2026-01-03 15:15:00,CANTEEN,Canteen,4,4,6,1.91,2.33,25.75,5,15,True,False,11.03,synthetic
QL-001471,2026-01-03 15:30:00,ADMIN,Admin Office,1,1,2,4.8,4.46,13.45,5,15,True,False,0.24,synthetic
QL-000527,2026-01-03 15:45:00,BUS,Bus Stop,7,7,10,1.39,1.48,40.54,5,15,True,False,9.71,synthetic
QL-000939,2026-01-03 16:15:00,ADMIN,Admin Office,3,2,2,5.55,3.65,16.44,5,16,True,True,6.91,synthetic
QL-000897,2026-01-03 16:15:00,PRINT,Printing Shop,6,3,2,3.08,3.51,17.09,5,16,True,True,24.8,synthetic
QL-000998,2026-01-03 17:30:00,LAB,Computer Lab,7,3,4,4.37,2.93,20.48,5,17,True,True,18.99,synthetic
QL-001664,2026-01-03 17:30:00,LIBRARY,Library,6,4,1,3.4,4.18,14.35,5,17,True,True,20.84,synthetic
QL-001357,2026-01-03 17:45:00,LAB,Computer Lab,7,1,6,3.26,3.58,16.76,5,17,True,True,21.52,synthetic
QL-000873,2026-01-03 17:45:00,LIBRARY,Library,4,1,3,2.53,3.72,16.13,5,17,True,True,12.76,synthetic
QL-001971,2026-01-04 08:15:00,PRINT,Printing Shop,1,1,4,3.43,2.92,20.55,6,8,True,False,0.0,synthetic
QL-000543,2026-01-04 08:30:00,CANTEEN,Canteen,8,7,7,1.73,2.54,23.62,6,8,True,False,19.87,synthetic
QL-000341,2026-01-04 08:45:00,PRINT,Printing Shop,3,1,4,4.0,2.84,21.13,6,8,True,False,4.3,synthetic
QL-000201,2026-01-04 09:45:00,CANTEEN,Canteen,5,4,6,2.81,2.74,21.9,6,9,True,False,11.69,synthetic
QL-000356,2026-01-04 10:00:00,ADMIN,Admin Office,6,5,2,4.39,4.51,13.3,6,10,True,True,23.95,synthetic
QL-001106,2026-01-04 10:45:00,ADMIN,Admin Office,3,3,3,4.23,4.75,12.63,6,10,True,True,13.68,synthetic
QL-001419,2026-01-04 11:15:00,BUS,Bus Stop,8,7,9,1.38,1.66,36.14,6,11,True,True,16.73,synthetic
QL-001714,2026-01-04 11:30:00,PRINT,Printing Shop,2,1,5,2.31,3.31,18.13,6,11,True,True,9.49,synthetic
QL-001694,2026-01-04 11:30:00,LIBRARY,Library,5,5,4,2.34,3.77,15.92,6,11,True,True,21.71,synthetic
QL-001043,2026-01-04 12:00:00,LAB,Computer Lab,7,3,2,1.86,4.0,15.0,6,12,True,True,34.23,synthetic
QL-001408,2026-01-04 12:00:00,LAB,Computer Lab,9,5,6,3.18,3.31,18.13,6,12,True,True,31.89,synthetic
QL-000758,2026-01-04 12:45:00,ADMIN,Admin Office,7,6,4,5.95,5.07,11.83,6,12,True,True,36.06,synthetic
QL-000752,2026-01-04 13:45:00,ADMIN,Admin Office,1,1,3,6.49,4.54,13.22,6,13,True,True,7.89,synthetic
QL-001412,2026-01-04 14:15:00,LIBRARY,Library,7,7,4,4.14,4.54,13.22,6,14,True,True,30.79,synthetic
QL-001474,2026-01-04 14:15:00,LAB,Computer Lab,7,4,4,3.1,3.18,18.87,6,14,True,True,26.74,synthetic
QL-001862,2026-01-04 14:30:00,BUS,Bus Stop,7,6,8,1.4,1.58,37.97,6,14,True,True,10.31,synthetic
QL-000975,2026-01-04 14:30:00,BUS,Bus Stop,13,6,7,1.46,1.29,46.51,6,14,True,True,19.56,synthetic
QL-000874,2026-01-04 14:45:00,ADMIN,Admin Office,5,5,4,7.32,4.6,13.04,6,14,True,True,26.46,synthetic
QL-000317,2026-01-04 14:45:00,LAB,Computer Lab,5,3,4,1.98,3.27,18.35,6,14,True,True,12.75,synthetic
QL-000986,2026-01-04 14:45:00,LIBRARY,Library,6,4,3,4.78,3.59,16.71,6,14,True,True,19.71,synthetic
QL-001824,2026-01-04 15:00:00,LIBRARY,Library,7,1,3,4.06,4.59,13.07,6,15,True,False,30.53,synthetic
QL-001967,2026-01-04 15:30:00,CANTEEN,Canteen,4,1,8,2.38,2.2,27.27,6,15,True,False,3.95,synthetic
QL-001271,2026-01-04 16:00:00,CANTEEN,Canteen,11,11,7,2.4,2.31,25.97,6,16,True,True,29.56,synthetic
QL-001537,2026-01-04 16:15:00,PRINT,Printing Shop,1,1,5,3.79,3.52,17.05,6,16,True,True,2.28,synthetic
QL-000480,2026-01-04 16:45:00,PRINT,Printing Shop,7,2,4,3.36,3.02,19.87,6,16,True,True,19.94,synthetic
QL-000887,2026-01-04 16:45:00,BUS,Bus Stop,17,14,16,1.55,1.26,47.62,6,16,True,True,18.69,synthetic
QL-000024,2026-01-04 17:00:00,BUS,Bus Stop,15,9,13,1.59,1.17,51.28,6,17,True,True,13.89,synthetic
QL-001934,2026-01-04 17:00:00,BUS,Bus Stop,17,8,9,1.52,1.39,43.17,6,17,True,True,23.51,synthetic
QL-000293,2026-01-05 08:00:00,LIBRARY,Library,8,6,4,3.5,4.6,13.04,0,8,False,False,33.03,synthetic
QL-000912,2026-01-05 08:15:00,BUS,Bus Stop,26,16,13,1.64,1.25,48.0,0,8,False,False,35.65,synthetic
QL-000018,2026-01-05 08:30:00,CANTEEN,Canteen,7,6,7,2.46,2.19,27.4,0,8,False,False,19.69,synthetic
QL-001649,2026-01-05 09:00:00,ADMIN,Admin Office,1,1,3,4.22,5.27,11.39,0,9,False,False,7.76,synthetic
QL-000352,2026-01-05 09:30:00,BUS,Bus Stop,26,4,12,2.39,1.45,41.38,0,9,False,False,40.83,synthetic
QL-000111,2026-01-05 09:30:00,LAB,Computer Lab,8,6,3,3.79,3.17,18.93,0,9,False,False,24.17,synthetic
QL-000320,2026-01-05 09:45:00,LAB,Computer Lab,6,1,5,3.87,3.44,17.44,0,9,False,False,23.51,synthetic
QL-000981,2026-01-05 09:45:00,CANTEEN,Canteen,10,8,6,3.22,2.26,26.55,0,9,False,False,18.65,synthetic
QL-001822,2026-01-05 10:00:00,PRINT,Printing Shop,12,11,5,3.85,2.99,20.07,0,10,False,True,37.49,synthetic
QL-001457,2026-01-05 10:00:00,CANTEEN,Canteen,10,5,3,2.45,2.55,23.53,0,10,False,True,32.0,synthetic
QL-001310,2026-01-05 10:30:00,CANTEEN,Canteen,12,1,3,3.24,2.59,23.17,0,10,False,True,37.43,synthetic
QL-000164,2026-01-05 10:30:00,BUS,Bus Stop,15,14,10,1.65,1.42,42.25,0,10,False,True,26.85,synthetic
QL-000895,2026-01-05 10:45:00,LAB,Computer Lab,8,3,5,4.31,3.27,18.35,0,10,False,True,23.47,synthetic
QL-000933,2026-01-05 10:45:00,PRINT,Printing Shop,13,3,3,2.86,3.03,19.8,0,10,False,True,50.23,synthetic
QL-000288,2026-01-05 11:15:00,LAB,Computer Lab,13,2,4,3.71,3.21,18.69,0,11,False,True,48.25,synthetic
QL-001562,2026-01-05 11:15:00,LIBRARY,Library,8,6,4,4.1,4.62,12.99,0,11,False,True,41.73,synthetic
QL-000384,2026-01-05 11:15:00,BUS,Bus Stop,10,7,10,1.56,1.27,47.24,0,11,False,True,16.21,synthetic
QL-000585,2026-01-05 11:45:00,LAB,Computer Lab,9,4,2,3.15,3.49,17.19,0,11,False,True,37.03,synthetic
QL-000531,2026-01-05 12:30:00,LAB,Computer Lab,10,2,5,3.63,2.98,20.13,0,12,False,True,30.31,synthetic
QL-000652,2026-01-05 12:30:00,ADMIN,Admin Office,6,5,3,4.26,4.67,12.85,0,12,False,True,31.03,synthetic
QL-001032,2026-01-05 14:00:00,LAB,Computer Lab,11,8,3,3.55,3.47,17.29,0,14,False,True,42.65,synthetic
QL-001557,2026-01-05 14:00:00,LAB,Computer Lab,12,12,4,3.27,3.41,17.6,0,14,False,True,42.86,synthetic
QL-000787,2026-01-05 14:30:00,LIBRARY,Library,11,9,3,5.17,4.12,14.56,0,14,False,True,43.77,synthetic
QL-000974,2026-01-05 15:00:00,ADMIN,Admin Office,4,3,1,4.21,5.01,11.98,0,15,False,False,19.98,synthetic
QL-000360,2026-01-05 15:30:00,LIBRARY,Library,10,7,4,4.56,3.49,17.19,0,15,False,False,33.93,synthetic
QL-001701,2026-01-05 17:45:00,LIBRARY,Library,12,7,3,3.46,3.94,15.23,0,17,False,True,54.62,synthetic
QL-000756,2026-01-05 17:45:00,CANTEEN,Canteen,11,1,6,2.03,2.58,23.26,0,17,False,True,30.93,synthetic
QL-000512,2026-01-06 08:00:00,ADMIN,Admin Office,5,5,4,4.98,4.84,12.4,1,8,False,False,24.92,synthetic
QL-000302,2026-01-06 08:15:00,LAB,Computer Lab,8,4,3,4.34,4.28,14.02,1,8,False,False,37.3,synthetic
QL-000168,2026-01-06 08:30:00,BUS,Bus Stop,25,21,9,1.88,1.47,40.82,1,8,False,False,37.21,synthetic
QL-000146,2026-01-06 08:30:00,LIBRARY,Library,8,2,2,3.13,3.93,15.27,1,8,False,False,34.2,synthetic
QL-001812,2026-01-06 08:45:00,CANTEEN,Canteen,7,7,8,2.46,1.87,32.09,1,8,False,False,13.15,synthetic
QL-000676,2026-01-06 08:45:00,LIBRARY,Library,10,7,4,2.43,3.78,15.87,1,8,False,False,39.88,synthetic
QL-000114,2026-01-06 09:00:00,ADMIN,Admin Office,6,5,1,5.93,5.24,11.45,1,9,False,False,36.01,synthetic
QL-001865,2026-01-06 09:00:00,CANTEEN,Canteen,3,3,5,2.25,2.87,20.91,1,9,False,False,9.14,synthetic
QL-000647,2026-01-06 09:30:00,CANTEEN,Canteen,9,7,7,2.59,2.37,25.32,1,9,False,False,22.01,synthetic
QL-001746,2026-01-06 09:45:00,LAB,Computer Lab,8,6,4,3.39,3.57,16.81,1,9,False,False,31.61,synthetic
QL-000960,2026-01-06 09:45:00,PRINT,Printing Shop,6,4,5,2.79,3.43,17.49,1,9,False,False,16.32,synthetic
QL-001096,2026-01-06 09:45:00,BUS,Bus Stop,26,4,9,1.57,1.68,35.71,1,9,False,False,40.34,synthetic
QL-001007,2026-01-06 10:30:00,LIBRARY,Library,7,3,2,3.63,3.38,17.75,1,10,False,True,21.78,synthetic
QL-000006,2026-01-06 11:00:00,ADMIN,Admin Office,6,2,3,6.4,4.68,12.82,1,11,False,True,33.36,synthetic
QL-001002,2026-01-06 12:15:00,BUS,Bus Stop,13,8,10,1.88,1.59,37.74,1,12,False,True,26.87,synthetic
QL-000581,2026-01-06 12:30:00,ADMIN,Admin Office,8,2,3,5.02,5.45,11.01,1,12,False,True,50.89,synthetic
QL-001378,2026-01-06 12:30:00,ADMIN,Admin Office,3,1,1,6.3,5.85,10.26,1,12,False,True,13.54,synthetic
QL-000136,2026-01-06 12:45:00,BUS,Bus Stop,13,12,7,0.97,1.36,44.12,1,12,False,True,25.85,synthetic
QL-000388,2026-01-06 12:45:00,ADMIN,Admin Office,4,2,3,5.9,4.39,13.67,1,12,False,True,22.62,synthetic
QL-000836,2026-01-06 12:45:00,LIBRARY,Library,10,4,4,2.79,3.5,17.14,1,12,False,True,36.14,synthetic
QL-001247,2026-01-06 13:15:00,ADMIN,Admin Office,4,1,5,4.33,5.88,10.2,1,13,False,True,26.59,synthetic
QL-001455,2026-01-06 13:15:00,ADMIN,Admin Office,5,3,2,5.07,5.0,12.0,1,13,False,True,29.16,synthetic
QL-001459,2026-01-06 13:15:00,ADMIN,Admin Office,4,1,3,3.82,5.0,12.0,1,13,False,True,26.57,synthetic
QL-000380,2026-01-06 13:15:00,LIBRARY,Library,6,5,6,3.39,3.74,16.04,1,13,False,True,26.15,synthetic
QL-000161,2026-01-06 13:30:00,BUS,Bus Stop,23,23,6,1.65,1.73,34.68,1,13,False,True,46.91,synthetic
QL-001146,2026-01-06 13:30:00,ADMIN,Admin Office,2,1,1,5.37,4.98,12.05,1,13,False,True,14.57,synthetic
QL-000004,2026-01-06 14:00:00,PRINT,Printing Shop,6,5,3,2.33,3.17,18.93,1,14,False,True,17.44,synthetic
QL-000054,2026-01-06 14:15:00,ADMIN,Admin Office,5,3,4,5.71,4.74,12.66,1,14,False,True,28.63,synthetic
QL-000137,2026-01-06 14:30:00,CANTEEN,Canteen,22,16,8,2.74,2.64,22.73,1,14,False,True,63.25,synthetic
QL-000689,2026-01-06 14:30:00,LIBRARY,Library,11,4,3,5.37,3.93,15.27,1,14,False,True,44.96,synthetic
QL-000015,2026-01-06 15:00:00,LAB,Computer Lab,12,5,5,3.13,3.06,19.61,1,15,False,False,37.0,synthetic
QL-001223,2026-01-06 16:15:00,ADMIN,Admin Office,6,6,3,3.12,4.72,12.71,1,16,False,True,26.86,synthetic
QL-000005,2026-01-06 16:30:00,BUS,Bus Stop,16,2,9,1.1,1.29,46.51,1,16,False,True,25.09,synthetic
QL-000923,2026-01-06 16:45:00,LIBRARY,Library,11,9,3,3.19,4.37,13.73,1,16,False,True,51.96,synthetic
QL-001995,2026-01-06 16:45:00,ADMIN,Admin Office,7,5,2,5.0,5.1,11.76,1,16,False,True,44.58,synthetic
QL-001502,2026-01-06 17:00:00,BUS,Bus Stop,27,4,7,1.57,1.48,40.54,1,17,False,True,44.19,synthetic
QL-001024,2026-01-06 17:00:00,BUS,Bus Stop,29,1,9,1.47,1.58,37.97,1,17,False,True,48.45,synthetic
QL-001827,2026-01-06 17:15:00,LIBRARY,Library,8,6,2,4.3,4.04,14.85,1,17,False,True,39.29,synthetic
QL-001784,2026-01-06 17:45:00,PRINT,Printing Shop,7,3,6,3.39,2.88,20.83,1,17,False,True,19.14,synthetic
QL-001198,2026-01-06 17:45:00,LAB,Computer Lab,7,7,4,3.13,3.98,15.08,1,17,False,True,28.07,synthetic
QL-000828,2026-01-07 08:00:00,PRINT,Printing Shop,5,1,4,2.93,2.23,26.91,2,8,False,False,8.26,synthetic
QL-001351,2026-01-07 08:30:00,LIBRARY,Library,3,2,2,2.31,3.98,15.08,2,8,False,False,11.11,synthetic
QL-001897,2026-01-07 08:45:00,BUS,Bus Stop,22,18,11,0.95,1.61,37.27,2,8,False,False,35.65,synthetic
QL-000925,2026-01-07 09:00:00,PRINT,Printing Shop,1,1,4,2.3,3.24,18.52,2,9,False,False,0.0,synthetic
QL-000778,2026-01-07 09:00:00,PRINT,Printing Shop,6,3,5,3.1,3.09,19.42,2,9,False,False,20.99,synthetic
QL-000230,2026-01-07 09:00:00,PRINT,Printing Shop,1,1,5,3.35,3.1,19.35,2,9,False,False,2.59,synthetic
QL-000629,2026-01-07 09:15:00,LAB,Computer Lab,9,5,4,3.24,3.41,17.6,2,9,False,False,35.18,synthetic
QL-000396,2026-01-07 10:00:00,PRINT,Printing Shop,8,2,5,2.74,2.77,21.66,2,10,False,True,27.84,synthetic
QL-001825,2026-01-07 10:00:00,LIBRARY,Library,7,4,3,5.78,3.4,17.65,2,10,False,True,30.98,synthetic
QL-000712,2026-01-07 10:00:00,LIBRARY,Library,11,9,4,3.75,3.89,15.42,2,10,False,True,48.64,synthetic
QL-001547,2026-01-07 10:15:00,PRINT,Printing Shop,8,1,6,1.98,2.65,22.64,2,10,False,True,22.71,synthetic
QL-001144,2026-01-07 10:15:00,BUS,Bus Stop,5,5,12,1.53,1.41,42.55,2,10,False,True,5.09,synthetic
QL-001901,2026-01-07 10:30:00,ADMIN,Admin Office,7,2,2,6.33,4.12,14.56,2,10,False,True,29.25,synthetic
QL-001126,2026-01-07 10:30:00,PRINT,Printing Shop,8,8,3,3.64,3.0,20.0,2,10,False,True,27.91,synthetic
QL-000847,2026-01-07 10:30:00,LAB,Computer Lab,12,11,3,3.33,3.77,15.92,2,10,False,True,44.55,synthetic
QL-000724,2026-01-07 10:45:00,ADMIN,Admin Office,7,4,2,5.18,5.43,11.05,2,10,False,True,37.77,synthetic
QL-001150,2026-01-07 11:15:00,CANTEEN,Canteen,9,8,5,2.16,2.19,27.4,2,11,False,True,22.93,synthetic
QL-001222,2026-01-07 11:45:00,CANTEEN,Canteen,12,8,6,3.04,2.66,22.56,2,11,False,True,35.92,synthetic
QL-000586,2026-01-07 11:45:00,LIBRARY,Library,8,7,4,4.4,3.55,16.9,2,11,False,True,28.4,synthetic
QL-000322,2026-01-07 12:30:00,ADMIN,Admin Office,6,2,2,6.45,4.49,13.36,2,12,False,True,26.28,synthetic
QL-001009,2026-01-07 13:00:00,PRINT,Printing Shop,2,1,4,2.63,3.1,19.35,2,13,False,True,9.05,synthetic
QL-000227,2026-01-07 14:15:00,CANTEEN,Canteen,19,11,5,3.22,2.74,21.9,2,14,False,True,51.02,synthetic
QL-000864,2026-01-07 14:15:00,ADMIN,Admin Office,8,5,3,4.48,5.44,11.03,2,14,False,True,50.21,synthetic
QL-000636,2026-01-07 14:45:00,LAB,Computer Lab,12,10,4,3.25,3.72,16.13,2,14,False,True,55.55,synthetic
QL-000950,2026-01-07 15:00:00,BUS,Bus Stop,8,7,9,1.64,1.62,37.04,2,15,False,False,10.08,synthetic
QL-001137,2026-01-07 15:00:00,PRINT,Printing Shop,8,1,3,2.74,3.35,17.91,2,15,False,False,23.41,synthetic
QL-001184,2026-01-07 15:30:00,BUS,Bus Stop,9,4,10,0.99,1.52,39.47,2,15,False,False,10.81,synthetic
QL-001236,2026-01-07 15:45:00,LAB,Computer Lab,5,5,5,3.31,3.15,19.05,2,15,False,False,19.13,synthetic
QL-000805,2026-01-07 16:15:00,PRINT,Printing Shop,11,11,4,2.79,3.46,17.34,2,16,False,True,47.68,synthetic
QL-000865,2026-01-07 16:30:00,BUS,Bus Stop,21,2,10,1.39,1.49,40.27,2,16,False,True,32.05,synthetic
QL-001074,2026-01-07 16:30:00,LIBRARY,Library,13,11,3,3.01,4.08,14.71,2,16,False,True,58.36,synthetic
QL-000058,2026-01-07 17:00:00,PRINT,Printing Shop,4,2,8,2.4,2.49,24.1,2,17,False,True,6.4,synthetic
QL-000374,2026-01-07 17:15:00,BUS,Bus Stop,22,10,11,1.26,1.23,48.78,2,17,False,True,30.58,synthetic
QL-001312,2026-01-08 08:15:00,LIBRARY,Library,10,2,4,3.1,4.25,14.12,3,8,False,False,37.54,synthetic
QL-001336,2026-01-08 08:30:00,LAB,Computer Lab,6,1,3,3.56,3.67,16.35,3,8,False,False,23.31,synthetic
QL-001681,2026-01-08 09:45:00,CANTEEN,Canteen,6,5,7,2.88,2.55,23.53,3,9,False,False,18.38,synthetic
QL-000701,2026-01-08 10:15:00,BUS,Bus Stop,9,4,13,0.8,1.21,49.59,3,10,False,True,8.75,synthetic
QL-000017,2026-01-08 11:15:00,CANTEEN,Canteen,8,2,6,3.07,2.52,23.81,3,11,False,True,23.48,synthetic
QL-001626,2026-01-08 11:15:00,CANTEEN,Canteen,13,13,5,1.66,2.75,21.82,3,11,False,True,39.42,synthetic
QL-001497,2026-01-08 11:30:00,BUS,Bus Stop,12,12,7,0.99,1.58,37.97,3,11,False,True,16.64,synthetic
QL-001147,2026-01-08 11:30:00,PRINT,Printing Shop,5,1,3,2.5,3.13,19.17,3,11,False,True,15.79,synthetic
QL-001058,2026-01-08 11:45:00,BUS,Bus Stop,14,2,10,1.42,1.67,35.93,3,11,False,True,30.7,synthetic
QL-000456,2026-01-08 11:45:00,PRINT,Printing Shop,11,4,4,3.1,2.74,21.9,3,11,False,True,26.6,synthetic
QL-000808,2026-01-08 12:15:00,BUS,Bus Stop,9,8,10,1.6,1.57,38.22,3,12,False,True,12.88,synthetic
QL-000639,2026-01-08 12:45:00,ADMIN,Admin Office,7,7,2,7.37,5.8,10.34,3,12,False,True,40.56,synthetic
QL-000844,2026-01-08 12:45:00,BUS,Bus Stop,13,13,8,1.19,1.46,41.1,3,12,False,True,19.61,synthetic
QL-000525,2026-01-08 13:00:00,LIBRARY,Library,8,3,3,3.55,4.45,13.48,3,13,False,True,37.13,synthetic
QL-000684,2026-01-08 13:00:00,LIBRARY,Library,7,3,4,3.63,4.23,14.18,3,13,False,True,33.76,synthetic
QL-001258,2026-01-08 13:00:00,CANTEEN,Canteen,32,27,5,2.28,2.73,21.98,3,13,False,True,94.57,synthetic
QL-001602,2026-01-08 13:30:00,CANTEEN,Canteen,26,21,7,2.93,2.2,27.27,3,13,False,True,64.71,synthetic
QL-000377,2026-01-08 14:00:00,ADMIN,Admin Office,4,1,4,5.77,5.51,10.89,3,14,False,True,22.81,synthetic
QL-001525,2026-01-08 14:15:00,LIBRARY,Library,11,8,2,3.67,3.89,15.42,3,14,False,True,50.8,synthetic
QL-000633,2026-01-08 15:00:00,LAB,Computer Lab,16,2,3,4.39,3.37,17.8,3,15,False,False,49.74,synthetic
QL-000852,2026-01-08 15:15:00,CANTEEN,Canteen,3,1,7,1.73,2.12,28.3,3,15,False,False,9.3,synthetic
QL-000047,2026-01-08 15:15:00,ADMIN,Admin Office,2,2,2,2.42,3.99,15.04,3,15,False,False,9.11,synthetic
QL-001611,2026-01-08 15:15:00,CANTEEN,Canteen,8,4,7,2.59,2.13,28.17,3,15,False,False,21.3,synthetic
QL-001380,2026-01-08 16:00:00,LIBRARY,Library,11,6,2,4.65,3.99,15.04,3,16,False,True,44.58,synthetic
QL-000985,2026-01-08 16:00:00,PRINT,Printing Shop,7,1,5,3.14,2.64,22.73,3,16,False,True,19.45,synthetic
QL-000413,2026-01-08 16:00:00,ADMIN,Admin Office,3,1,3,3.74,4.81,12.47,3,16,False,True,15.18,synthetic
QL-001381,2026-01-08 16:30:00,LAB,Computer Lab,10,4,3,3.39,3.62,16.57,3,16,False,True,44.99,synthetic
QL-000012,2026-01-08 16:30:00,BUS,Bus Stop,23,9,10,1.71,1.51,39.74,3,16,False,True,44.43,synthetic
QL-000913,2026-01-08 17:45:00,BUS,Bus Stop,25,13,9,1.63,1.59,37.74,3,17,False,True,42.08,synthetic
QL-001483,2026-01-09 08:15:00,BUS,Bus Stop,19,5,8,1.52,1.67,35.93,4,8,False,False,27.83,synthetic
QL-000108,2026-01-09 08:30:00,LIBRARY,Library,6,4,4,3.92,3.98,15.08,4,8,False,False,24.14,synthetic
QL-001983,2026-01-09 09:00:00,LAB,Computer Lab,7,7,3,2.97,3.92,15.31,4,9,False,False,23.35,synthetic
QL-001973,2026-01-09 09:30:00,LIBRARY,Library,7,4,3,4.54,4.36,13.76,4,9,False,False,31.57,synthetic
QL-001194,2026-01-09 09:30:00,PRINT,Printing Shop,6,4,4,2.63,3.14,19.11,4,9,False,False,16.12,synthetic
QL-001921,2026-01-09 10:00:00,CANTEEN,Canteen,13,3,7,2.13,2.54,23.62,4,10,False,True,37.66,synthetic
QL-000498,2026-01-09 10:15:00,LIBRARY,Library,13,7,3,4.27,4.32,13.89,4,10,False,True,59.64,synthetic
QL-000050,2026-01-09 10:15:00,ADMIN,Admin Office,6,5,3,3.53,5.47,10.97,4,10,False,True,34.31,synthetic
QL-000354,2026-01-09 10:30:00,PRINT,Printing Shop,11,6,6,2.08,2.94,20.41,4,10,False,True,37.91,synthetic
QL-001169,2026-01-09 10:30:00,CANTEEN,Canteen,10,3,7,2.97,2.37,25.32,4,10,False,True,26.34,synthetic
QL-001777,2026-01-09 10:45:00,ADMIN,Admin Office,4,3,2,6.79,4.92,12.2,4,10,False,True,23.04,synthetic
QL-000346,2026-01-09 11:00:00,LAB,Computer Lab,10,7,2,3.49,3.35,17.91,4,11,False,True,40.08,synthetic
QL-001606,2026-01-09 11:00:00,LIBRARY,Library,10,5,3,4.42,4.03,14.89,4,11,False,True,43.86,synthetic
QL-001758,2026-01-09 11:15:00,LAB,Computer Lab,13,4,1,3.01,3.18,18.87,4,11,False,True,39.81,synthetic
QL-001477,2026-01-09 11:30:00,CANTEEN,Canteen,6,1,3,2.17,2.4,25.0,4,11,False,True,14.67,synthetic
QL-000287,2026-01-09 11:30:00,PRINT,Printing Shop,10,6,7,1.9,2.56,23.44,4,11,False,True,25.62,synthetic
QL-000142,2026-01-09 12:00:00,BUS,Bus Stop,9,9,7,1.54,1.72,34.88,4,12,False,True,20.48,synthetic
QL-001227,2026-01-09 12:00:00,CANTEEN,Canteen,24,20,9,3.14,2.29,26.2,4,12,False,True,59.07,synthetic
QL-000337,2026-01-09 12:15:00,BUS,Bus Stop,15,14,11,1.24,1.52,39.47,4,12,False,True,23.56,synthetic
QL-001948,2026-01-09 12:15:00,BUS,Bus Stop,9,9,6,1.57,1.79,33.52,4,12,False,True,17.48,synthetic
QL-000577,2026-01-09 13:15:00,CANTEEN,Canteen,20,14,6,2.25,2.6,23.08,4,13,False,True,52.92,synthetic
QL-000806,2026-01-09 13:15:00,BUS,Bus Stop,18,3,8,1.04,1.72,34.88,4,13,False,True,32.56,synthetic
QL-001008,2026-01-09 14:00:00,ADMIN,Admin Office,6,1,3,3.09,4.84,12.4,4,14,False,True,30.72,synthetic
QL-000021,2026-01-09 14:15:00,PRINT,Printing Shop,1,1,5,3.28,3.49,17.19,4,14,False,True,0.0,synthetic
QL-000546,2026-01-09 14:45:00,BUS,Bus Stop,14,9,11,1.31,1.58,37.97,4,14,False,True,27.56,synthetic
QL-000451,2026-01-09 15:00:00,LIBRARY,Library,11,8,4,4.07,4.09,14.67,4,15,False,False,49.97,synthetic
QL-000069,2026-01-09 15:00:00,CANTEEN,Canteen,7,1,6,2.25,2.35,25.53,4,15,False,False,13.97,synthetic
QL-000626,2026-01-09 15:30:00,LIBRARY,Library,11,3,2,3.81,4.11,14.6,4,15,False,False,47.09,synthetic
QL-001280,2026-01-09 16:00:00,ADMIN,Admin Office,4,1,2,5.06,5.48,10.95,4,16,False,True,27.75,synthetic
QL-001383,2026-01-09 16:15:00,CANTEEN,Canteen,3,3,6,2.71,2.63,22.81,4,16,False,True,11.82,synthetic
QL-001326,2026-01-09 16:30:00,PRINT,Printing Shop,7,4,3,1.93,3.19,18.81,4,16,False,True,19.66,synthetic
QL-001586,2026-01-09 16:30:00,ADMIN,Admin Office,5,5,2,4.38,5.59,10.73,4,16,False,True,35.01,synthetic
QL-001680,2026-01-09 17:15:00,CANTEEN,Canteen,18,13,5,1.78,2.69,22.3,4,17,False,True,55.16,synthetic
QL-000106,2026-01-09 17:15:00,CANTEEN,Canteen,17,8,5,1.94,2.11,28.44,4,17,False,True,36.37,synthetic
QL-001303,2026-01-09 17:30:00,BUS,Bus Stop,23,22,8,1.61,1.77,33.9,4,17,False,True,41.96,synthetic
QL-001060,2026-01-09 17:30:00,PRINT,Printing Shop,7,2,6,3.25,2.7,22.22,4,17,False,True,21.89,synthetic
QL-000139,2026-01-09 17:45:00,LIBRARY,Library,13,3,1,5.29,4.1,14.63,4,17,False,True,58.53,synthetic
QL-001138,2026-01-09 17:45:00,BUS,Bus Stop,19,2,8,1.6,1.65,36.36,4,17,False,True,31.61,synthetic
QL-000119,2026-01-10 08:00:00,BUS,Bus Stop,10,5,10,1.44,1.42,42.25,5,8,True,False,15.23,synthetic
QL-000378,2026-01-10 08:15:00,PRINT,Printing Shop,0,0,4,2.41,2.59,23.17,5,8,True,False,0.0,synthetic
QL-001875,2026-01-10 08:45:00,CANTEEN,Canteen,7,2,6,2.2,2.89,20.76,5,8,True,False,13.75,synthetic
QL-001763,2026-01-10 09:00:00,ADMIN,Admin Office,1,1,4,5.44,5.75,10.43,5,9,True,False,8.58,synthetic
QL-000138,2026-01-10 09:30:00,CANTEEN,Canteen,3,3,4,2.47,2.48,24.19,5,9,True,False,5.38,synthetic
QL-001816,2026-01-10 10:00:00,BUS,Bus Stop,9,9,11,1.75,1.5,40.0,5,10,True,True,18.95,synthetic
QL-001810,2026-01-10 10:15:00,BUS,Bus Stop,5,5,12,0.98,1.53,39.22,5,10,True,True,8.15,synthetic
QL-000930,2026-01-10 10:30:00,ADMIN,Admin Office,4,4,4,4.11,4.37,13.73,5,10,True,True,13.26,synthetic
QL-001582,2026-01-10 10:30:00,LAB,Computer Lab,5,5,2,3.12,3.5,17.14,5,10,True,True,15.38,synthetic
QL-000762,2026-01-10 10:45:00,PRINT,Printing Shop,3,3,4,2.7,3.36,17.86,5,10,True,True,11.28,synthetic
QL-001266,2026-01-10 11:45:00,LIBRARY,Library,6,4,3,3.78,5.06,11.86,5,11,True,True,35.16,synthetic
QL-001325,2026-01-10 11:45:00,LIBRARY,Library,5,3,4,4.06,3.92,15.31,5,11,True,True,20.2,synthetic
QL-000824,2026-01-10 12:15:00,BUS,Bus Stop,5,1,8,1.65,1.78,33.71,5,12,True,True,4.89,synthetic
QL-000878,2026-01-10 12:15:00,ADMIN,Admin Office,2,2,3,5.52,4.71,12.74,5,12,True,True,5.63,synthetic
QL-000882,2026-01-10 13:00:00,BUS,Bus Stop,11,1,17,1.95,1.28,46.88,5,13,True,True,13.01,synthetic
QL-000713,2026-01-10 13:30:00,LIBRARY,Library,5,1,2,4.38,4.67,12.85,5,13,True,True,20.8,synthetic
QL-001740,2026-01-10 13:45:00,LIBRARY,Library,3,3,3,3.72,4.22,14.22,5,13,True,True,11.22,synthetic
QL-000182,2026-01-10 14:15:00,ADMIN,Admin Office,0,0,4,4.98,4.04,14.85,5,14,True,True,2.3,synthetic
QL-001296,2026-01-10 14:30:00,ADMIN,Admin Office,3,3,1,6.64,5.05,11.88,5,14,True,True,19.99,synthetic
QL-000483,2026-01-10 15:00:00,LIBRARY,Library,7,1,1,4.74,4.04,14.85,5,15,True,False,26.82,synthetic
QL-000602,2026-01-10 15:15:00,LIBRARY,Library,3,3,6,3.85,3.72,16.13,5,15,True,False,13.89,synthetic
QL-000086,2026-01-10 15:45:00,PRINT,Printing Shop,3,1,7,3.88,2.5,24.0,5,15,True,False,10.76,synthetic
QL-000591,2026-01-10 17:00:00,ADMIN,Admin Office,2,1,3,4.96,4.16,14.42,5,17,True,True,7.68,synthetic
QL-001218,2026-01-10 17:00:00,BUS,Bus Stop,19,6,9,1.34,1.6,37.5,5,17,True,True,26.55,synthetic
QL-001643,2026-01-10 17:00:00,BUS,Bus Stop,18,17,9,1.67,1.56,38.46,5,17,True,True,22.52,synthetic
QL-001889,2026-01-11 08:00:00,CANTEEN,Canteen,5,5,6,2.77,2.62,22.9,6,8,True,False,11.3,synthetic
QL-001105,2026-01-11 08:15:00,LIBRARY,Library,7,7,4,4.78,4.15,14.46,6,8,True,False,20.63,synthetic
QL-001617,2026-01-11 08:30:00,LIBRARY,Library,2,1,1,3.07,4.05,14.81,6,8,True,False,4.83,synthetic
QL-001564,2026-01-11 08:45:00,CANTEEN,Canteen,6,3,2,3.01,2.82,21.28,6,8,True,False,11.91,synthetic
QL-001880,2026-01-11 09:00:00,LIBRARY,Library,6,3,1,3.71,4.33,13.86,6,9,True,False,25.66,synthetic
QL-001613,2026-01-11 09:45:00,PRINT,Printing Shop,1,1,4,2.34,2.86,20.98,6,9,True,False,0.19,synthetic
QL-001568,2026-01-11 10:00:00,CANTEEN,Canteen,7,5,3,1.88,2.88,20.83,6,10,True,True,20.01,synthetic
QL-000406,2026-01-11 10:00:00,LAB,Computer Lab,7,4,3,3.84,3.87,15.5,6,10,True,True,26.47,synthetic
QL-000726,2026-01-11 10:15:00,ADMIN,Admin Office,4,1,1,4.49,4.72,12.71,6,10,True,True,19.47,synthetic
QL-000879,2026-01-11 10:30:00,BUS,Bus Stop,5,2,8,1.61,1.57,38.22,6,10,True,True,5.41,synthetic
QL-001099,2026-01-11 10:30:00,LAB,Computer Lab,5,5,3,2.34,3.82,15.71,6,10,True,True,17.19,synthetic
QL-001410,2026-01-11 11:00:00,LIBRARY,Library,5,2,2,3.81,4.05,14.81,6,11,True,True,21.02,synthetic
QL-001623,2026-01-11 11:00:00,CANTEEN,Canteen,6,5,7,1.79,2.78,21.58,6,11,True,True,18.39,synthetic
QL-001496,2026-01-11 11:00:00,BUS,Bus Stop,8,1,11,2.01,1.54,38.96,6,11,True,True,12.91,synthetic
QL-001386,2026-01-11 11:30:00,ADMIN,Admin Office,4,1,2,3.95,5.18,11.58,6,11,True,True,23.81,synthetic
QL-001345,2026-01-11 11:30:00,PRINT,Printing Shop,5,4,6,4.21,2.66,22.56,6,11,True,True,8.73,synthetic
QL-001813,2026-01-11 11:45:00,CANTEEN,Canteen,7,6,6,2.84,2.56,23.44,6,11,True,True,21.91,synthetic
QL-001587,2026-01-11 12:00:00,BUS,Bus Stop,6,4,10,1.26,1.37,43.8,6,12,True,True,5.09,synthetic
QL-000605,2026-01-11 12:15:00,ADMIN,Admin Office,3,2,2,5.59,5.16,11.63,6,12,True,True,15.12,synthetic
QL-000494,2026-01-11 13:00:00,LAB,Computer Lab,1,1,5,3.27,3.77,15.92,6,13,True,True,6.38,synthetic
QL-001225,2026-01-11 13:15:00,CANTEEN,Canteen,12,12,5,1.86,2.61,22.99,6,13,True,True,29.02,synthetic
QL-000257,2026-01-11 13:30:00,PRINT,Printing Shop,0,0,6,2.35,2.36,25.42,6,13,True,True,3.1,synthetic
QL-000862,2026-01-11 14:15:00,PRINT,Printing Shop,5,1,4,2.97,3.4,17.65,6,14,True,True,14.89,synthetic
QL-001922,2026-01-11 14:30:00,LAB,Computer Lab,5,3,3,2.61,3.17,18.93,6,14,True,True,15.89,synthetic
QL-001427,2026-01-11 15:00:00,CANTEEN,Canteen,4,3,8,1.7,2.28,26.32,6,15,True,False,11.94,synthetic
QL-000578,2026-01-11 15:15:00,LAB,Computer Lab,8,3,2,3.58,3.78,15.87,6,15,True,False,22.82,synthetic
QL-000253,2026-01-11 15:45:00,LAB,Computer Lab,5,3,5,3.44,3.45,17.39,6,15,True,False,16.36,synthetic
QL-001892,2026-01-11 15:45:00,LIBRARY,Library,7,7,3,3.61,3.21,18.69,6,15,True,False,21.12,synthetic
QL-001409,2026-01-11 16:00:00,LIBRARY,Library,8,3,3,3.2,3.37,17.8,6,16,True,True,24.32,synthetic
QL-000727,2026-01-11 16:30:00,CANTEEN,Canteen,7,1,6,2.19,2.74,21.9,6,16,True,True,18.14,synthetic
QL-000608,2026-01-11 16:30:00,CANTEEN,Canteen,11,8,6,2.26,2.36,25.42,6,16,True,True,30.51,synthetic
QL-001300,2026-01-11 16:45:00,BUS,Bus Stop,21,5,5,1.45,1.84,32.61,6,16,True,True,38.67,synthetic
QL-001508,2026-01-11 17:00:00,CANTEEN,Canteen,8,6,4,1.97,2.59,23.17,6,17,True,True,17.17,synthetic
QL-001566,2026-01-11 17:30:00,CANTEEN,Canteen,10,2,7,2.89,1.83,32.79,6,17,True,True,16.25,synthetic
QL-000954,2026-01-11 17:45:00,LIBRARY,Library,4,1,3,3.73,3.7,16.22,6,17,True,True,17.03,synthetic
QL-000653,2026-01-12 08:15:00,LAB,Computer Lab,5,3,1,3.51,3.87,15.5,0,8,False,False,23.72,synthetic
QL-001110,2026-01-12 08:15:00,ADMIN,Admin Office,3,2,2,5.5,4.62,12.99,0,8,False,False,18.02,synthetic
QL-000575,2026-01-12 08:30:00,CANTEEN,Canteen,8,2,5,2.58,2.11,28.44,0,8,False,False,13.02,synthetic
QL-000496,2026-01-12 08:30:00,LAB,Computer Lab,6,3,5,3.29,3.56,16.85,0,8,False,False,17.15,synthetic
QL-001684,2026-01-12 08:30:00,ADMIN,Admin Office,7,7,5,4.99,4.84,12.4,0,8,False,False,34.45,synthetic
QL-000025,2026-01-12 09:00:00,BUS,Bus Stop,27,19,8,1.27,1.68,35.71,0,9,False,False,46.31,synthetic
QL-001487,2026-01-12 09:30:00,BUS,Bus Stop,24,21,7,1.27,1.57,38.22,0,9,False,False,36.7,synthetic
QL-001603,2026-01-12 09:30:00,PRINT,Printing Shop,4,4,4,3.71,2.78,21.58,0,9,False,False,7.56,synthetic
QL-001842,2026-01-12 09:45:00,CANTEEN,Canteen,7,3,4,2.56,2.64,22.73,0,9,False,False,19.78,synthetic
QL-000194,2026-01-12 10:45:00,PRINT,Printing Shop,7,3,6,2.97,2.76,21.74,0,10,False,True,25.77,synthetic
QL-000165,2026-01-12 10:45:00,LAB,Computer Lab,12,3,4,3.37,3.64,16.48,0,10,False,True,46.08,synthetic
QL-001529,2026-01-12 11:00:00,CANTEEN,Canteen,8,1,7,2.27,2.23,26.91,0,11,False,True,16.62,synthetic
QL-001583,2026-01-12 11:30:00,CANTEEN,Canteen,8,7,4,1.52,2.24,26.79,0,11,False,True,18.6,synthetic
QL-000453,2026-01-12 11:30:00,ADMIN,Admin Office,7,7,2,4.55,5.04,11.9,0,11,False,True,43.02,synthetic
QL-001379,2026-01-12 11:45:00,BUS,Bus Stop,14,13,10,1.49,1.5,40.0,0,11,False,True,25.0,synthetic
QL-001970,2026-01-12 12:00:00,PRINT,Printing Shop,9,2,4,2.2,2.91,20.62,0,12,False,True,25.23,synthetic
QL-000191,2026-01-12 12:00:00,CANTEEN,Canteen,22,15,5,3.15,2.7,22.22,0,12,False,True,71.0,synthetic
QL-000679,2026-01-12 12:15:00,LAB,Computer Lab,9,9,4,3.53,3.35,17.91,0,12,False,True,31.72,synthetic
QL-000554,2026-01-12 12:15:00,ADMIN,Admin Office,8,3,2,6.11,6.41,9.36,0,12,False,True,59.14,synthetic
QL-001704,2026-01-12 12:30:00,PRINT,Printing Shop,11,9,6,2.25,2.98,20.13,0,12,False,True,32.98,synthetic
QL-001930,2026-01-12 13:00:00,PRINT,Printing Shop,5,2,6,3.59,2.91,20.62,0,13,False,True,21.13,synthetic
QL-000162,2026-01-12 13:15:00,CANTEEN,Canteen,36,24,7,2.42,2.52,23.81,0,13,False,True,99.19,synthetic
QL-000851,2026-01-12 14:00:00,ADMIN,Admin Office,7,3,4,3.91,4.89,12.27,0,14,False,True,31.16,synthetic
QL-000675,2026-01-12 14:15:00,CANTEEN,Canteen,23,12,5,2.88,2.1,28.57,0,14,False,True,54.77,synthetic
QL-001688,2026-01-12 14:30:00,BUS,Bus Stop,17,12,8,1.64,1.36,44.12,0,14,False,True,21.54,synthetic
QL-001981,2026-01-12 14:30:00,PRINT,Printing Shop,8,8,5,3.76,2.88,20.83,0,14,False,True,25.99,synthetic
QL-000640,2026-01-12 14:30:00,LIBRARY,Library,9,9,2,5.06,4.04,14.85,0,14,False,True,44.08,synthetic
QL-001140,2026-01-12 14:45:00,BUS,Bus Stop,18,9,7,1.52,1.72,34.88,0,14,False,True,31.6,synthetic
QL-000853,2026-01-12 14:45:00,BUS,Bus Stop,16,6,10,1.26,1.59,37.74,0,14,False,True,27.43,synthetic
QL-001302,2026-01-12 15:00:00,ADMIN,Admin Office,7,3,0,4.57,6.12,9.8,0,15,False,False,38.53,synthetic
QL-000431,2026-01-12 15:00:00,BUS,Bus Stop,9,7,8,1.47,1.72,34.88,0,15,False,False,16.29,synthetic
QL-001183,2026-01-12 15:00:00,PRINT,Printing Shop,10,7,5,2.56,2.81,21.35,0,15,False,False,29.83,synthetic
QL-000154,2026-01-12 15:45:00,PRINT,Printing Shop,10,2,3,2.67,3.15,19.05,0,15,False,False,30.81,synthetic
QL-001048,2026-01-12 15:45:00,CANTEEN,Canteen,7,7,5,2.71,2.78,21.58,0,15,False,False,20.03,synthetic
QL-000217,2026-01-12 16:00:00,LAB,Computer Lab,18,1,3,3.79,3.99,15.04,0,16,False,True,80.47,synthetic
QL-001272,2026-01-12 16:30:00,BUS,Bus Stop,21,8,10,0.87,1.8,33.33,0,16,False,True,42.21,synthetic
QL-000209,2026-01-12 16:45:00,LIBRARY,Library,12,1,2,3.45,3.81,15.75,0,16,False,True,53.15,synthetic
QL-000392,2026-01-12 17:00:00,LAB,Computer Lab,5,1,4,3.71,3.47,17.29,0,17,False,True,15.87,synthetic
QL-000612,2026-01-13 08:00:00,LAB,Computer Lab,9,7,2,2.65,4.42,13.57,1,8,False,False,36.72,synthetic
QL-000211,2026-01-13 08:30:00,ADMIN,Admin Office,2,1,2,3.79,5.23,11.47,1,8,False,False,10.25,synthetic
QL-000509,2026-01-13 08:30:00,CANTEEN,Canteen,5,4,6,2.75,2.47,24.29,1,8,False,False,9.73,synthetic
QL-001593,2026-01-13 09:15:00,BUS,Bus Stop,27,24,11,1.87,1.53,39.22,1,9,False,False,44.77,synthetic
QL-001101,2026-01-13 11:00:00,LAB,Computer Lab,10,2,3,3.58,3.17,18.93,1,11,False,True,33.4,synthetic
QL-000499,2026-01-13 11:00:00,LIBRARY,Library,16,11,2,2.97,4.31,13.92,1,11,False,True,82.71,synthetic
QL-000529,2026-01-13 12:30:00,LAB,Computer Lab,10,5,4,4.18,3.65,16.44,1,12,False,True,37.41,synthetic
QL-000519,2026-01-13 12:30:00,CANTEEN,Canteen,22,22,6,3.06,2.49,24.1,1,12,False,True,57.87,synthetic
QL-001554,2026-01-13 12:45:00,LAB,Computer Lab,14,5,2,4.25,3.6,16.67,1,12,False,True,54.45,synthetic
QL-000641,2026-01-13 12:45:00,ADMIN,Admin Office,4,1,1,4.96,5.23,11.47,1,12,False,True,26.8,synthetic
QL-001391,2026-01-13 13:30:00,LIBRARY,Library,7,3,4,2.99,4.3,13.95,1,13,False,True,33.71,synthetic
QL-001541,2026-01-13 13:30:00,LIBRARY,Library,4,2,4,4.17,3.19,18.81,1,13,False,True,12.68,synthetic
QL-000141,2026-01-13 13:45:00,ADMIN,Admin Office,4,2,3,3.28,4.48,13.39,1,13,False,True,23.83,synthetic
QL-001808,2026-01-13 14:30:00,PRINT,Printing Shop,4,1,7,2.3,2.49,24.1,1,14,False,True,11.72,synthetic
QL-000819,2026-01-13 14:30:00,BUS,Bus Stop,13,1,9,1.88,1.4,42.86,1,14,False,True,22.52,synthetic
QL-000650,2026-01-13 15:00:00,LAB,Computer Lab,13,13,5,4.04,3.37,17.8,1,15,False,False,41.07,synthetic
QL-001624,2026-01-13 15:30:00,BUS,Bus Stop,14,1,9,1.23,1.76,34.09,1,15,False,False,25.41,synthetic
QL-001382,2026-01-13 15:45:00,ADMIN,Admin Office,5,1,2,5.6,4.34,13.82,1,15,False,False,18.16,synthetic
QL-001580,2026-01-13 16:15:00,CANTEEN,Canteen,18,3,6,2.28,2.43,24.69,1,16,False,True,51.28,synthetic
QL-000468,2026-01-13 16:15:00,LAB,Computer Lab,11,2,3,3.19,3.5,17.14,1,16,False,True,45.59,synthetic
QL-001700,2026-01-13 16:45:00,BUS,Bus Stop,27,21,12,1.6,1.27,47.24,1,16,False,True,39.24,synthetic
QL-000463,2026-01-13 16:45:00,LAB,Computer Lab,14,2,5,3.97,3.24,18.52,1,16,False,True,48.18,synthetic
QL-001905,2026-01-13 17:30:00,CANTEEN,Canteen,12,11,4,2.7,2.66,22.56,1,17,False,True,33.08,synthetic
QL-000565,2026-01-13 17:45:00,LIBRARY,Library,10,10,3,3.7,3.59,16.71,1,17,False,True,42.61,synthetic
QL-001426,2026-01-14 08:00:00,LIBRARY,Library,7,4,3,3.51,3.85,15.58,2,8,False,False,31.1,synthetic
QL-000809,2026-01-14 08:15:00,BUS,Bus Stop,12,5,8,1.08,1.49,40.27,2,8,False,False,16.06,synthetic
QL-001941,2026-01-14 08:15:00,LAB,Computer Lab,4,1,3,3.48,3.6,16.67,2,8,False,False,15.18,synthetic
QL-001835,2026-01-14 08:30:00,LAB,Computer Lab,7,5,4,3.52,3.39,17.7,2,8,False,False,20.34,synthetic
QL-001911,2026-01-14 08:30:00,BUS,Bus Stop,17,12,10,1.79,1.75,34.29,2,8,False,False,31.2,synthetic
QL-000475,2026-01-14 09:30:00,ADMIN,Admin Office,5,1,1,6.65,4.76,12.61,2,9,False,False,24.75,synthetic
QL-000856,2026-01-14 10:00:00,LAB,Computer Lab,11,5,4,4.67,3.66,16.39,2,10,False,True,42.96,synthetic
QL-000404,2026-01-14 10:15:00,LIBRARY,Library,7,7,4,4.97,4.21,14.25,2,10,False,True,29.48,synthetic
QL-001750,2026-01-14 10:30:00,BUS,Bus Stop,10,6,14,1.13,1.21,49.59,2,10,False,True,8.0,synthetic
QL-000295,2026-01-14 10:30:00,PRINT,Printing Shop,6,6,4,3.11,2.69,22.3,2,10,False,True,15.38,synthetic
QL-000740,2026-01-14 10:30:00,LAB,Computer Lab,17,15,4,3.39,3.14,19.11,2,10,False,True,55.2,synthetic
QL-001731,2026-01-14 10:30:00,ADMIN,Admin Office,9,5,2,4.94,5.6,10.71,2,10,False,True,48.13,synthetic
QL-000580,2026-01-14 10:30:00,LAB,Computer Lab,9,3,5,3.66,3.75,16.0,2,10,False,True,39.92,synthetic
QL-000845,2026-01-14 11:00:00,LIBRARY,Library,12,3,5,2.99,3.78,15.87,2,11,False,True,55.54,synthetic
QL-001202,2026-01-14 12:15:00,CANTEEN,Canteen,33,23,3,2.61,2.74,21.9,2,12,False,True,102.82,synthetic
QL-000789,2026-01-14 12:45:00,BUS,Bus Stop,11,4,10,1.35,1.38,43.48,2,12,False,True,17.01,synthetic
QL-001282,2026-01-14 13:00:00,LAB,Computer Lab,9,3,3,3.54,3.67,16.35,2,13,False,True,33.74,synthetic
QL-000473,2026-01-14 13:00:00,BUS,Bus Stop,22,19,11,0.9,1.31,45.8,2,13,False,True,26.73,synthetic
QL-001801,2026-01-14 13:30:00,BUS,Bus Stop,21,9,6,1.31,1.72,34.88,2,13,False,True,37.78,synthetic
QL-001481,2026-01-14 14:00:00,PRINT,Printing Shop,6,5,5,3.38,2.96,20.27,2,14,False,True,14.69,synthetic
QL-001494,2026-01-14 14:30:00,CANTEEN,Canteen,32,28,5,2.85,2.68,22.39,2,14,False,True,100.31,synthetic
QL-001682,2026-01-14 14:30:00,LIBRARY,Library,7,3,4,4.67,4.34,13.82,2,14,False,True,31.81,synthetic
QL-001291,2026-01-14 14:45:00,ADMIN,Admin Office,3,2,2,5.27,5.53,10.85,2,14,False,True,16.18,synthetic
QL-001273,2026-01-14 15:15:00,LAB,Computer Lab,12,12,3,3.4,3.71,16.17,2,15,False,False,40.68,synthetic
QL-000289,2026-01-14 15:30:00,ADMIN,Admin Office,5,5,4,5.5,5.42,11.07,2,15,False,False,22.5,synthetic
QL-000057,2026-01-14 15:30:00,PRINT,Printing Shop,9,3,4,3.71,3.0,20.0,2,15,False,False,31.65,synthetic
QL-001490,2026-01-14 15:45:00,LAB,Computer Lab,14,8,2,3.49,3.1,19.35,2,15,False,False,45.58,synthetic
QL-001629,2026-01-14 16:00:00,BUS,Bus Stop,30,17,8,1.89,1.44,41.67,2,16,False,True,44.2,synthetic
QL-001348,2026-01-14 16:00:00,PRINT,Printing Shop,12,12,4,3.09,3.13,19.17,2,16,False,True,39.46,synthetic
QL-001153,2026-01-14 16:30:00,PRINT,Printing Shop,8,3,4,3.5,2.97,20.2,2,16,False,True,27.67,synthetic
QL-000485,2026-01-14 16:30:00,LAB,Computer Lab,7,1,5,3.62,3.84,15.62,2,16,False,True,29.25,synthetic
QL-000028,2026-01-14 16:30:00,LIBRARY,Library,16,6,2,3.33,4.28,14.02,2,16,False,True,74.94,synthetic
QL-000685,2026-01-14 17:00:00,LAB,Computer Lab,8,8,3,3.06,3.73,16.09,2,17,False,True,35.99,synthetic
QL-000982,2026-01-14 17:30:00,PRINT,Printing Shop,7,2,4,2.15,3.08,19.48,2,17,False,True,20.37,synthetic
QL-000199,2026-01-14 17:45:00,CANTEEN,Canteen,18,14,5,2.18,2.62,22.9,2,17,False,True,49.33,synthetic
QL-001190,2026-01-14 17:45:00,PRINT,Printing Shop,9,8,6,3.28,2.84,21.13,2,17,False,True,34.43,synthetic
QL-001975,2026-01-14 17:45:00,CANTEEN,Canteen,17,3,5,3.31,2.41,24.9,2,17,False,True,40.92,synthetic
QL-000188,2026-01-15 08:00:00,ADMIN,Admin Office,2,1,2,5.99,4.89,12.27,3,8,False,False,8.85,synthetic
QL-001964,2026-01-15 08:00:00,LAB,Computer Lab,12,11,5,2.63,3.26,18.4,3,8,False,False,42.85,synthetic
QL-001287,2026-01-15 08:00:00,CANTEEN,Canteen,6,3,4,1.62,2.83,21.2,3,8,False,False,18.84,synthetic
QL-001527,2026-01-15 08:45:00,CANTEEN,Canteen,8,8,4,1.27,2.8,21.43,3,8,False,False,24.98,synthetic
QL-000218,2026-01-15 09:15:00,CANTEEN,Canteen,10,10,5,3.04,2.83,21.2,3,9,False,False,32.43,synthetic
QL-000804,2026-01-15 09:30:00,BUS,Bus Stop,22,20,8,1.44,1.62,37.04,3,9,False,False,35.64,synthetic
QL-000412,2026-01-15 09:30:00,LAB,Computer Lab,9,1,5,3.0,3.71,16.17,3,9,False,False,34.17,synthetic
QL-000299,2026-01-15 10:00:00,LIBRARY,Library,8,1,1,3.47,4.36,13.76,3,10,False,True,42.95,synthetic
QL-001774,2026-01-15 10:15:00,CANTEEN,Canteen,9,4,6,2.9,2.3,26.09,3,10,False,True,26.29,synthetic
QL-000491,2026-01-15 10:30:00,ADMIN,Admin Office,6,5,5,4.64,4.06,14.78,3,10,False,True,31.42,synthetic
QL-000547,2026-01-15 10:45:00,LAB,Computer Lab,15,5,2,3.54,3.43,17.49,3,10,False,True,55.85,synthetic
QL-001248,2026-01-15 11:15:00,ADMIN,Admin Office,6,1,2,4.44,5.37,11.17,3,11,False,True,39.31,synthetic
QL-001491,2026-01-15 11:15:00,PRINT,Printing Shop,8,5,4,3.26,3.27,18.35,3,11,False,True,31.42,synthetic
QL-000330,2026-01-15 11:15:00,PRINT,Printing Shop,6,6,2,2.41,3.52,17.05,3,11,False,True,18.5,synthetic
QL-000425,2026-01-15 11:30:00,ADMIN,Admin Office,9,4,2,4.67,5.94,10.1,3,11,False,True,55.95,synthetic
QL-000840,2026-01-15 11:30:00,CANTEEN,Canteen,9,4,7,2.73,2.32,25.86,3,11,False,True,24.76,synthetic
QL-001933,2026-01-15 11:45:00,LIBRARY,Library,7,4,2,3.45,4.43,13.54,3,11,False,True,32.66,synthetic
QL-001400,2026-01-15 12:00:00,CANTEEN,Canteen,25,13,5,2.93,2.2,27.27,3,12,False,True,58.45,synthetic
QL-000869,2026-01-15 12:00:00,PRINT,Printing Shop,6,6,5,3.29,3.1,19.35,3,12,False,True,16.95,synthetic
QL-000777,2026-01-15 12:00:00,PRINT,Printing Shop,8,2,5,2.71,2.62,22.9,3,12,False,True,27.22,synthetic
QL-000958,2026-01-15 12:15:00,LAB,Computer Lab,14,5,3,2.55,3.62,16.57,3,12,False,True,56.32,synthetic
QL-001085,2026-01-15 12:15:00,PRINT,Printing Shop,6,1,2,3.36,2.93,20.48,3,12,False,True,23.67,synthetic
QL-000561,2026-01-15 12:30:00,LIBRARY,Library,9,4,3,4.24,4.5,13.33,3,12,False,True,50.13,synthetic
QL-000386,2026-01-15 12:45:00,ADMIN,Admin Office,5,1,4,5.31,4.8,12.5,3,12,False,True,27.13,synthetic
QL-000838,2026-01-15 12:45:00,BUS,Bus Stop,13,2,11,1.61,1.26,47.62,3,12,False,True,20.95,synthetic
QL-001260,2026-01-15 13:00:00,PRINT,Printing Shop,4,1,7,3.08,2.97,20.2,3,13,False,True,17.63,synthetic
QL-001102,2026-01-15 13:00:00,LIBRARY,Library,6,3,2,5.47,4.36,13.76,3,13,False,True,27.98,synthetic
QL-001944,2026-01-15 13:00:00,BUS,Bus Stop,19,15,11,1.27,1.25,48.0,3,13,False,True,29.81,synthetic
QL-000008,2026-01-15 13:00:00,LIBRARY,Library,8,6,4,2.7,3.88,15.46,3,13,False,True,30.98,synthetic
QL-001702,2026-01-15 13:15:00,PRINT,Printing Shop,3,1,2,2.7,3.36,17.86,3,13,False,True,6.21,synthetic
QL-000166,2026-01-15 13:30:00,CANTEEN,Canteen,24,10,6,3.21,2.38,25.21,3,13,False,True,61.72,synthetic
QL-000915,2026-01-15 14:00:00,LAB,Computer Lab,11,4,2,2.66,3.61,16.62,3,14,False,True,44.81,synthetic
QL-001451,2026-01-15 15:30:00,PRINT,Printing Shop,11,10,3,2.26,3.18,18.87,3,15,False,False,32.52,synthetic
QL-001128,2026-01-15 16:00:00,ADMIN,Admin Office,3,1,2,5.36,4.41,13.61,3,16,False,True,15.25,synthetic
QL-001570,2026-01-15 16:15:00,CANTEEN,Canteen,16,1,5,2.25,2.41,24.9,3,16,False,True,40.91,synthetic
QL-000839,2026-01-15 17:00:00,BUS,Bus Stop,18,18,6,2.05,1.49,40.27,3,17,False,True,34.43,synthetic
QL-001807,2026-01-15 17:00:00,LIBRARY,Library,11,3,3,3.02,3.88,15.46,3,17,False,True,50.03,synthetic
QL-001670,2026-01-15 17:00:00,ADMIN,Admin Office,5,5,4,5.59,3.49,17.19,3,17,False,True,18.72,synthetic
QL-001867,2026-01-15 17:15:00,PRINT,Printing Shop,13,3,4,3.97,2.66,22.56,3,17,False,True,39.95,synthetic
QL-000422,2026-01-15 17:15:00,ADMIN,Admin Office,6,1,4,4.44,4.96,12.1,3,17,False,True,33.39,synthetic
QL-000430,2026-01-15 17:15:00,CANTEEN,Canteen,11,6,5,2.42,2.56,23.44,3,17,False,True,30.31,synthetic
QL-001320,2026-01-15 17:15:00,CANTEEN,Canteen,13,13,4,2.02,2.66,22.56,3,17,False,True,43.65,synthetic
QL-001056,2026-01-15 17:45:00,LAB,Computer Lab,7,4,4,2.15,3.39,17.7,3,17,False,True,27.91,synthetic
QL-000275,2026-01-16 08:15:00,CANTEEN,Canteen,11,11,5,2.39,2.44,24.59,4,8,False,False,29.26,synthetic
QL-000953,2026-01-16 08:45:00,CANTEEN,Canteen,11,10,8,2.53,2.18,27.52,4,8,False,False,22.15,synthetic
QL-001493,2026-01-16 08:45:00,BUS,Bus Stop,23,16,6,1.68,1.51,39.74,4,8,False,False,37.9,synthetic
QL-000987,2026-01-16 09:15:00,CANTEEN,Canteen,10,2,6,2.54,2.49,24.1,4,9,False,False,22.65,synthetic
QL-000034,2026-01-16 09:30:00,LAB,Computer Lab,9,4,4,3.02,3.35,17.91,4,9,False,False,33.8,synthetic
QL-000361,2026-01-16 09:45:00,ADMIN,Admin Office,4,1,1,3.97,5.34,11.24,4,9,False,False,26.17,synthetic
QL-000172,2026-01-16 10:30:00,LAB,Computer Lab,11,8,6,3.05,4.13,14.53,4,10,False,True,49.09,synthetic
QL-000990,2026-01-16 10:30:00,BUS,Bus Stop,13,1,8,1.58,1.57,38.22,4,10,False,True,24.12,synthetic
QL-001219,2026-01-16 10:45:00,PRINT,Printing Shop,9,7,4,3.05,3.12,19.23,4,10,False,True,29.57,synthetic
QL-000931,2026-01-16 11:00:00,LIBRARY,Library,2,2,3,2.95,4.06,14.78,4,11,False,True,9.85,synthetic
QL-001849,2026-01-16 11:30:00,ADMIN,Admin Office,6,3,3,5.76,5.06,11.86,4,11,False,True,30.31,synthetic
QL-001177,2026-01-16 11:45:00,LIBRARY,Library,13,4,3,4.27,3.83,15.67,4,11,False,True,59.51,synthetic
QL-000147,2026-01-16 12:00:00,CANTEEN,Canteen,25,16,5,3.21,2.44,24.59,4,12,False,True,65.17,synthetic
QL-001592,2026-01-16 12:00:00,CANTEEN,Canteen,27,15,7,2.21,2.42,24.79,4,12,False,True,69.57,synthetic
QL-001954,2026-01-16 12:15:00,LAB,Computer Lab,16,14,6,4.13,3.47,17.29,4,12,False,True,58.43,synthetic
QL-001434,2026-01-16 12:15:00,LAB,Computer Lab,12,2,4,2.9,3.12,19.23,4,12,False,True,35.39,synthetic
QL-001884,2026-01-16 13:30:00,BUS,Bus Stop,24,24,14,1.39,1.44,41.67,4,13,False,True,36.74,synthetic
QL-001281,2026-01-16 14:30:00,ADMIN,Admin Office,5,5,1,3.92,5.09,11.79,4,14,False,True,30.06,synthetic
QL-001894,2026-01-16 14:30:00,CANTEEN,Canteen,27,6,6,2.5,2.67,22.47,4,14,False,True,74.12,synthetic
QL-000126,2026-01-16 14:45:00,LAB,Computer Lab,18,6,3,4.17,3.49,17.19,4,14,False,True,65.22,synthetic
QL-000992,2026-01-16 15:00:00,CANTEEN,Canteen,11,9,4,1.91,2.97,20.2,4,15,False,False,32.7,synthetic
QL-001818,2026-01-16 15:15:00,CANTEEN,Canteen,10,8,5,2.31,2.74,21.9,4,15,False,False,25.16,synthetic
QL-001329,2026-01-16 15:45:00,CANTEEN,Canteen,7,3,6,3.45,2.39,25.1,4,15,False,False,12.54,synthetic
QL-000133,2026-01-16 15:45:00,LAB,Computer Lab,10,7,5,3.44,3.3,18.18,4,15,False,False,35.74,synthetic
QL-000598,2026-01-16 16:00:00,BUS,Bus Stop,10,4,9,1.6,1.17,51.28,4,16,False,True,16.03,synthetic
QL-001946,2026-01-16 16:15:00,LAB,Computer Lab,15,2,3,3.44,3.32,18.07,4,16,False,True,51.61,synthetic
QL-000694,2026-01-16 16:45:00,PRINT,Printing Shop,6,5,3,2.68,3.31,18.13,4,16,False,True,20.25,synthetic
QL-001710,2026-01-16 17:00:00,LIBRARY,Library,19,13,3,3.65,3.75,16.0,4,17,False,True,80.41,synthetic
QL-001840,2026-01-17 08:15:00,LIBRARY,Library,4,4,3,5.06,3.79,15.83,5,8,True,False,15.17,synthetic
QL-001452,2026-01-17 08:15:00,CANTEEN,Canteen,6,1,6,3.41,2.5,24.0,5,8,True,False,18.22,synthetic
QL-001956,2026-01-17 08:30:00,CANTEEN,Canteen,8,4,6,2.67,2.37,25.32,5,8,True,False,12.14,synthetic
QL-001022,2026-01-17 09:00:00,BUS,Bus Stop,19,6,9,1.73,1.27,47.24,5,9,True,False,20.55,synthetic
QL-000556,2026-01-17 09:00:00,LIBRARY,Library,3,3,5,4.2,3.04,19.74,5,9,True,False,5.93,synthetic
QL-000441,2026-01-17 09:15:00,LIBRARY,Library,5,1,2,4.22,4.42,13.57,5,9,True,False,15.45,synthetic
QL-000315,2026-01-17 09:45:00,LIBRARY,Library,4,4,3,4.57,4.05,14.81,5,9,True,False,13.83,synthetic
QL-000564,2026-01-17 10:00:00,PRINT,Printing Shop,4,3,5,2.42,2.95,20.34,5,10,True,True,8.6,synthetic
QL-001305,2026-01-17 11:30:00,LAB,Computer Lab,7,6,4,3.41,3.41,17.6,5,11,True,True,20.56,synthetic
QL-000721,2026-01-17 11:30:00,BUS,Bus Stop,5,3,6,1.67,1.47,40.82,5,11,True,True,8.0,synthetic
QL-001978,2026-01-17 12:15:00,ADMIN,Admin Office,9,5,1,5.92,5.38,11.15,5,12,True,True,51.3,synthetic
QL-001317,2026-01-17 12:15:00,CANTEEN,Canteen,19,14,5,2.72,2.57,23.35,5,12,True,True,46.33,synthetic
QL-000563,2026-01-17 12:45:00,BUS,Bus Stop,9,7,8,1.33,1.61,37.27,5,12,True,True,16.99,synthetic
QL-000697,2026-01-17 13:15:00,LIBRARY,Library,5,1,3,5.22,3.36,17.86,5,13,True,True,15.1,synthetic
QL-001367,2026-01-17 15:00:00,ADMIN,Admin Office,5,3,2,4.5,5.67,10.58,5,15,True,False,23.71,synthetic
QL-001640,2026-01-17 15:00:00,LIBRARY,Library,7,5,4,3.48,3.82,15.71,5,15,True,False,19.25,synthetic
QL-001661,2026-01-17 16:00:00,ADMIN,Admin Office,0,0,3,5.18,5.8,10.34,5,16,True,True,3.2,synthetic
QL-001569,2026-01-17 16:45:00,LIBRARY,Library,5,5,1,3.68,4.34,13.82,5,16,True,True,22.23,synthetic
QL-000414,2026-01-17 16:45:00,LAB,Computer Lab,6,4,3,3.92,3.25,18.46,5,16,True,True,19.21,synthetic
QL-001393,2026-01-17 17:00:00,PRINT,Printing Shop,6,1,5,3.41,2.72,22.06,5,17,True,True,14.24,synthetic
QL-001959,2026-01-17 17:00:00,LAB,Computer Lab,5,5,3,4.24,3.52,17.05,5,17,True,True,18.68,synthetic
QL-000656,2026-01-17 17:15:00,ADMIN,Admin Office,2,2,2,5.57,5.88,10.2,5,17,True,True,11.27,synthetic
QL-001650,2026-01-17 17:15:00,LAB,Computer Lab,5,3,2,2.62,3.69,16.26,5,17,True,True,19.03,synthetic
QL-001428,2026-01-17 17:30:00,BUS,Bus Stop,13,10,7,1.18,1.36,44.12,5,17,True,True,17.53,synthetic
QL-000681,2026-01-17 17:30:00,LAB,Computer Lab,3,1,7,4.86,3.05,19.67,5,17,True,True,10.13,synthetic
QL-000968,2026-01-17 17:45:00,PRINT,Printing Shop,1,1,4,2.25,3.35,17.91,5,17,True,True,0.0,synthetic
QL-001616,2026-01-17 17:45:00,LAB,Computer Lab,4,4,3,3.16,3.87,15.5,5,17,True,True,10.4,synthetic
QL-000118,2026-01-18 08:15:00,PRINT,Printing Shop,2,1,5,2.51,2.98,20.13,6,8,True,False,5.9,synthetic
QL-001149,2026-01-18 08:45:00,LIBRARY,Library,6,5,4,4.1,4.22,14.22,6,8,True,False,25.78,synthetic
QL-001066,2026-01-18 09:15:00,PRINT,Printing Shop,2,2,5,3.01,2.64,22.73,6,9,True,False,2.78,synthetic
QL-000559,2026-01-18 09:30:00,BUS,Bus Stop,10,10,8,1.33,1.45,41.38,6,9,True,False,15.52,synthetic
QL-000790,2026-01-18 11:00:00,LIBRARY,Library,2,2,3,4.5,3.76,15.96,6,11,True,True,11.85,synthetic
QL-001475,2026-01-18 11:00:00,BUS,Bus Stop,4,4,13,1.71,1.09,55.05,6,11,True,True,5.45,synthetic
QL-000751,2026-01-18 11:00:00,BUS,Bus Stop,5,1,6,1.13,1.37,43.8,6,11,True,True,11.81,synthetic
QL-001654,2026-01-18 11:15:00,LIBRARY,Library,6,5,5,3.15,4.15,14.46,6,11,True,True,26.8,synthetic
QL-001121,2026-01-18 11:15:00,PRINT,Printing Shop,4,3,5,3.64,3.23,18.58,6,11,True,True,11.38,synthetic
QL-000832,2026-01-18 11:30:00,ADMIN,Admin Office,2,1,3,4.01,4.49,13.36,6,11,True,True,4.22,synthetic
QL-001354,2026-01-18 12:00:00,BUS,Bus Stop,6,4,8,1.46,1.46,41.1,6,12,True,True,9.99,synthetic
QL-001469,2026-01-18 12:00:00,BUS,Bus Stop,4,3,8,1.38,1.45,41.38,6,12,True,True,1.86,synthetic
QL-001585,2026-01-18 12:15:00,LAB,Computer Lab,5,5,5,4.08,3.61,16.62,6,12,True,True,16.27,synthetic
QL-000233,2026-01-18 12:30:00,ADMIN,Admin Office,5,1,3,5.48,4.93,12.17,6,12,True,True,24.55,synthetic
QL-001050,2026-01-18 12:45:00,LIBRARY,Library,4,2,2,4.49,4.4,13.64,6,12,True,True,13.3,synthetic
QL-000967,2026-01-18 13:00:00,LAB,Computer Lab,3,1,6,3.81,3.05,19.67,6,13,True,True,9.31,synthetic
QL-001209,2026-01-18 13:00:00,LIBRARY,Library,4,2,3,3.59,4.48,13.39,6,13,True,True,19.16,synthetic
QL-001323,2026-01-18 13:15:00,CANTEEN,Canteen,12,5,3,2.5,2.74,21.9,6,13,True,True,30.56,synthetic
QL-001047,2026-01-18 13:30:00,BUS,Bus Stop,10,5,9,1.94,1.5,40.0,6,13,True,True,14.88,synthetic
QL-001501,2026-01-18 13:30:00,LAB,Computer Lab,5,4,4,4.61,3.51,17.09,6,13,True,True,15.67,synthetic
QL-001792,2026-01-18 13:45:00,BUS,Bus Stop,7,7,8,1.79,1.42,42.25,6,13,True,True,9.87,synthetic
QL-001902,2026-01-18 14:00:00,ADMIN,Admin Office,2,2,2,2.92,4.4,13.64,6,14,True,True,6.59,synthetic
QL-000743,2026-01-18 14:15:00,LAB,Computer Lab,4,3,2,3.46,4.13,14.53,6,14,True,True,20.96,synthetic
QL-000440,2026-01-18 15:30:00,BUS,Bus Stop,2,1,11,1.1,1.42,42.25,6,15,True,False,0.0,synthetic
QL-000467,2026-01-18 16:00:00,BUS,Bus Stop,18,4,6,1.61,1.86,32.26,6,16,True,True,28.12,synthetic
QL-000995,2026-01-18 16:00:00,LIBRARY,Library,10,8,3,3.79,3.88,15.46,6,16,True,True,34.75,synthetic
QL-001513,2026-01-18 16:15:00,PRINT,Printing Shop,4,4,5,3.14,2.93,20.48,6,16,True,True,13.23,synthetic
QL-001453,2026-01-18 16:45:00,CANTEEN,Canteen,3,2,4,2.49,2.6,23.08,6,16,True,True,10.53,synthetic
QL-000078,2026-01-18 17:00:00,LIBRARY,Library,3,3,3,4.21,4.22,14.22,6,17,True,True,12.88,synthetic
QL-000316,2026-01-18 17:00:00,LIBRARY,Library,6,5,3,2.81,4.32,13.89,6,17,True,True,24.62,synthetic
QL-000117,2026-01-18 17:15:00,ADMIN,Admin Office,5,5,1,2.76,5.29,11.34,6,17,True,True,23.15,synthetic
QL-000774,2026-01-18 17:45:00,BUS,Bus Stop,20,7,9,1.31,1.6,37.5,6,17,True,True,29.5,synthetic
QL-001274,2026-01-19 08:15:00,BUS,Bus Stop,28,27,7,0.98,1.94,30.93,0,8,False,False,51.6,synthetic
QL-001000,2026-01-19 08:45:00,CANTEEN,Canteen,10,1,6,3.41,2.71,22.14,0,8,False,False,26.4,synthetic
QL-001200,2026-01-19 08:45:00,CANTEEN,Canteen,12,10,7,2.52,2.79,21.51,0,8,False,False,35.23,synthetic
QL-001304,2026-01-19 09:30:00,LAB,Computer Lab,10,3,3,3.42,3.16,18.99,0,9,False,False,30.25,synthetic
QL-001653,2026-01-19 09:45:00,ADMIN,Admin Office,5,4,4,4.84,3.77,15.92,0,9,False,False,18.65,synthetic
QL-001852,2026-01-19 09:45:00,PRINT,Printing Shop,5,2,5,3.15,3.07,19.54,0,9,False,False,12.63,synthetic
QL-001098,2026-01-19 09:45:00,PRINT,Printing Shop,4,3,5,1.79,2.97,20.2,0,9,False,False,12.52,synthetic
QL-001630,2026-01-19 10:00:00,CANTEEN,Canteen,9,3,4,3.36,2.36,25.42,0,10,False,True,28.92,synthetic
QL-000690,2026-01-19 10:00:00,PRINT,Printing Shop,5,5,4,3.04,3.09,19.42,0,10,False,True,13.13,synthetic
QL-000631,2026-01-19 10:00:00,BUS,Bus Stop,13,6,11,1.62,1.26,47.62,0,10,False,True,19.62,synthetic
QL-001878,2026-01-19 10:00:00,ADMIN,Admin Office,5,5,4,5.63,4.97,12.07,0,10,False,True,24.86,synthetic
QL-000551,2026-01-19 10:00:00,BUS,Bus Stop,16,2,7,1.27,1.47,40.82,0,10,False,True,27.49,synthetic
QL-001524,2026-01-19 11:15:00,LIBRARY,Library,10,5,5,5.32,3.54,16.95,0,11,False,True,41.29,synthetic
QL-001123,2026-01-19 11:30:00,BUS,Bus Stop,15,9,8,1.43,1.49,40.27,0,11,False,True,26.99,synthetic
QL-000068,2026-01-19 11:30:00,LIBRARY,Library,8,1,3,5.19,4.09,14.67,0,11,False,True,37.24,synthetic
QL-001864,2026-01-19 12:15:00,LIBRARY,Library,4,1,4,4.1,3.35,17.91,0,12,False,True,17.32,synthetic
QL-001136,2026-01-19 12:45:00,BUS,Bus Stop,12,3,8,1.43,1.65,36.36,0,12,False,True,20.69,synthetic
QL-000153,2026-01-19 13:00:00,BUS,Bus Stop,16,15,15,1.63,1.29,46.51,0,13,False,True,26.77,synthetic
QL-000645,2026-01-19 13:00:00,CANTEEN,Canteen,22,19,8,2.36,2.2,27.27,0,13,False,True,49.74,synthetic
QL-000123,2026-01-19 13:00:00,CANTEEN,Canteen,18,8,6,2.51,2.71,22.14,0,13,False,True,55.29,synthetic
QL-001420,2026-01-19 13:45:00,CANTEEN,Canteen,36,13,6,2.09,2.27,26.43,0,13,False,True,87.86,synthetic
QL-001397,2026-01-19 14:15:00,LIBRARY,Library,11,6,1,5.07,4.01,14.96,0,14,False,True,50.61,synthetic
QL-001913,2026-01-19 14:45:00,LAB,Computer Lab,17,4,2,3.88,4.16,14.42,0,14,False,True,75.73,synthetic
QL-000541,2026-01-19 14:45:00,LIBRARY,Library,12,11,5,5.58,3.78,15.87,0,14,False,True,49.67,synthetic
QL-000503,2026-01-19 15:15:00,ADMIN,Admin Office,3,2,1,7.16,4.6,13.04,0,15,False,False,17.1,synthetic
QL-000443,2026-01-19 15:15:00,LIBRARY,Library,9,6,3,3.92,4.37,13.73,0,15,False,False,42.97,synthetic
QL-001697,2026-01-19 15:30:00,BUS,Bus Stop,13,4,9,1.66,1.55,38.71,0,15,False,False,16.69,synthetic
QL-000965,2026-01-19 15:45:00,ADMIN,Admin Office,3,3,3,4.92,5.11,11.74,0,15,False,False,18.79,synthetic
QL-001908,2026-01-19 16:00:00,CANTEEN,Canteen,16,4,6,2.23,2.31,25.97,0,16,False,True,41.65,synthetic
QL-001522,2026-01-19 16:00:00,LIBRARY,Library,10,3,3,3.24,3.56,16.85,0,16,False,True,41.92,synthetic
QL-001659,2026-01-19 16:00:00,CANTEEN,Canteen,23,5,5,2.29,2.67,22.47,0,16,False,True,61.62,synthetic
QL-000273,2026-01-19 16:45:00,ADMIN,Admin Office,4,3,3,4.6,4.33,13.86,0,16,False,True,13.92,synthetic
QL-000460,2026-01-19 16:45:00,LIBRARY,Library,7,7,4,3.59,3.8,15.79,0,16,False,True,34.14,synthetic
QL-000193,2026-01-19 17:15:00,LIBRARY,Library,8,6,4,3.27,3.65,16.44,0,17,False,True,28.0,synthetic
QL-001389,2026-01-19 17:15:00,PRINT,Printing Shop,10,5,5,2.76,3.01,19.93,0,17,False,True,29.27,synthetic
QL-000723,2026-01-19 17:15:00,BUS,Bus Stop,18,7,10,1.84,1.64,36.59,0,17,False,True,35.57,synthetic
QL-000835,2026-01-19 17:15:00,BUS,Bus Stop,31,17,10,1.78,1.23,48.78,0,17,False,True,36.79,synthetic
QL-000814,2026-01-19 17:45:00,BUS,Bus Stop,30,12,14,2.07,1.13,53.1,0,17,False,True,35.08,synthetic
QL-000122,2026-01-20 08:15:00,ADMIN,Admin Office,4,2,5,4.97,5.34,11.24,1,8,False,False,24.0,synthetic
QL-000476,2026-01-20 08:45:00,CANTEEN,Canteen,11,7,9,1.39,2.24,26.79,1,8,False,False,23.81,synthetic
QL-000786,2026-01-20 09:15:00,CANTEEN,Canteen,9,1,4,2.22,2.66,22.56,1,9,False,False,20.81,synthetic
QL-000071,2026-01-20 09:15:00,CANTEEN,Canteen,7,7,5,2.31,2.21,27.15,1,9,False,False,15.7,synthetic
QL-001416,2026-01-20 09:45:00,ADMIN,Admin Office,2,1,3,5.68,4.87,12.32,1,9,False,False,6.9,synthetic
QL-000627,2026-01-20 10:15:00,LIBRARY,Library,12,1,3,3.9,4.02,14.93,1,10,False,True,57.4,synthetic
QL-001923,2026-01-20 10:30:00,LIBRARY,Library,9,6,6,3.33,3.08,19.48,1,10,False,True,30.69,synthetic
QL-001829,2026-01-20 11:00:00,LAB,Computer Lab,16,11,4,4.15,3.39,17.7,1,11,False,True,54.25,synthetic
QL-001276,2026-01-20 11:30:00,ADMIN,Admin Office,6,2,3,4.04,4.65,12.9,1,11,False,True,34.14,synthetic
QL-001482,2026-01-20 11:45:00,LIBRARY,Library,9,3,4,3.41,3.61,16.62,1,11,False,True,35.32,synthetic
QL-001622,2026-01-20 11:45:00,BUS,Bus Stop,15,8,8,1.69,1.54,38.96,1,11,False,True,21.27,synthetic
QL-000780,2026-01-20 12:30:00,ADMIN,Admin Office,10,9,2,4.38,5.0,12.0,1,12,False,True,62.86,synthetic
QL-000324,2026-01-20 12:30:00,ADMIN,Admin Office,9,5,2,3.82,5.35,11.21,1,12,False,True,57.88,synthetic
QL-000669,2026-01-20 13:00:00,CANTEEN,Canteen,29,25,4,3.0,2.96,20.27,1,13,False,True,91.13,synthetic
QL-001217,2026-01-20 13:45:00,BUS,Bus Stop,13,3,9,1.3,1.62,37.04,1,13,False,True,21.03,synthetic
QL-001470,2026-01-20 14:00:00,BUS,Bus Stop,14,10,10,1.93,1.54,38.96,1,14,False,True,18.91,synthetic
QL-000736,2026-01-20 14:15:00,CANTEEN,Canteen,20,13,5,2.21,2.59,23.17,1,14,False,True,50.86,synthetic
QL-000655,2026-01-20 14:45:00,PRINT,Printing Shop,7,3,4,1.98,2.61,22.99,1,14,False,True,23.97,synthetic
QL-001871,2026-01-20 15:00:00,PRINT,Printing Shop,5,3,5,2.99,2.61,22.99,1,15,False,False,8.17,synthetic
QL-000614,2026-01-20 15:00:00,LIBRARY,Library,10,5,3,3.14,4.72,12.71,1,15,False,False,43.84,synthetic
QL-001904,2026-01-20 15:30:00,LAB,Computer Lab,10,2,4,4.28,3.18,18.87,1,15,False,False,36.34,synthetic
QL-000941,2026-01-20 15:45:00,LAB,Computer Lab,14,7,4,4.94,3.55,16.9,1,15,False,False,48.12,synthetic
QL-000029,2026-01-20 17:00:00,BUS,Bus Stop,28,5,6,1.27,1.32,45.45,1,17,False,True,39.41,synthetic
QL-001600,2026-01-20 17:00:00,CANTEEN,Canteen,16,1,6,2.01,2.43,24.69,1,17,False,True,45.02,synthetic
QL-001180,2026-01-20 17:00:00,LAB,Computer Lab,4,2,3,4.15,3.43,17.49,1,17,False,True,16.27,synthetic
QL-000249,2026-01-20 17:00:00,BUS,Bus Stop,28,23,11,1.61,1.47,40.82,1,17,False,True,40.91,synthetic
QL-000911,2026-01-20 17:30:00,PRINT,Printing Shop,9,5,5,2.66,2.71,22.14,1,17,False,True,30.83,synthetic
QL-001256,2026-01-21 08:00:00,BUS,Bus Stop,24,3,9,1.1,1.51,39.74,2,8,False,False,36.54,synthetic
QL-000899,2026-01-21 08:00:00,PRINT,Printing Shop,5,5,6,4.53,3.36,17.86,2,8,False,False,18.37,synthetic
QL-001285,2026-01-21 08:00:00,BUS,Bus Stop,30,24,8,1.64,1.74,34.48,2,8,False,False,56.53,synthetic
QL-000680,2026-01-21 08:15:00,ADMIN,Admin Office,6,3,0,3.63,4.98,12.05,2,8,False,False,33.91,synthetic
QL-000833,2026-01-21 08:30:00,CANTEEN,Canteen,14,8,5,2.35,2.42,24.79,2,8,False,False,32.88,synthetic
QL-001179,2026-01-21 09:15:00,ADMIN,Admin Office,4,2,4,5.28,5.2,11.54,2,9,False,False,21.78,synthetic
QL-001068,2026-01-21 09:30:00,PRINT,Printing Shop,5,2,5,3.43,2.79,21.51,2,9,False,False,11.83,synthetic
QL-000244,2026-01-21 09:30:00,CANTEEN,Canteen,10,3,4,2.27,2.71,22.14,2,9,False,False,31.4,synthetic
QL-000964,2026-01-21 10:15:00,CANTEEN,Canteen,9,2,7,1.33,2.47,24.29,2,10,False,True,22.89,synthetic
QL-000269,2026-01-21 10:15:00,PRINT,Printing Shop,6,3,4,2.64,2.61,22.99,2,10,False,True,20.65,synthetic
QL-001203,2026-01-21 11:15:00,LIBRARY,Library,8,4,6,4.79,3.88,15.46,2,11,False,True,35.54,synthetic
QL-001760,2026-01-21 12:15:00,ADMIN,Admin Office,7,1,3,5.43,4.69,12.79,2,12,False,True,38.07,synthetic
QL-001057,2026-01-21 12:15:00,LAB,Computer Lab,11,6,5,4.0,3.53,17.0,2,12,False,True,39.08,synthetic
QL-001081,2026-01-21 12:30:00,ADMIN,Admin Office,5,3,4,5.68,4.11,14.6,2,12,False,True,21.87,synthetic
QL-001870,2026-01-21 12:45:00,LIBRARY,Library,9,4,3,3.29,4.5,13.33,2,12,False,True,40.49,synthetic
QL-000935,2026-01-21 13:00:00,BUS,Bus Stop,13,1,4,1.67,1.83,32.79,2,13,False,True,27.86,synthetic
QL-000599,2026-01-21 13:30:00,LAB,Computer Lab,7,4,4,2.99,3.8,15.79,2,13,False,True,30.15,synthetic
QL-000432,2026-01-21 13:30:00,LIBRARY,Library,5,3,4,3.82,3.46,17.34,2,13,False,True,15.45,synthetic
QL-001404,2026-01-21 13:45:00,PRINT,Printing Shop,5,4,6,3.5,3.05,19.67,2,13,False,True,22.21,synthetic
QL-001877,2026-01-21 13:45:00,LIBRARY,Library,4,4,3,4.35,3.96,15.15,2,13,False,True,13.97,synthetic
QL-000382,2026-01-21 14:00:00,ADMIN,Admin Office,5,3,2,6.6,5.6,10.71,2,14,False,True,30.98,synthetic
QL-001528,2026-01-21 14:00:00,ADMIN,Admin Office,9,9,1,4.52,5.14,11.67,2,14,False,True,52.74,synthetic
QL-001445,2026-01-21 14:30:00,LAB,Computer Lab,14,5,3,3.17,3.64,16.48,2,14,False,True,55.06,synthetic
QL-001511,2026-01-21 14:45:00,CANTEEN,Canteen,17,9,5,2.47,2.58,23.26,2,14,False,True,51.91,synthetic
QL-000251,2026-01-21 15:00:00,PRINT,Printing Shop,10,9,5,2.79,3.1,19.35,2,15,False,False,31.05,synthetic
QL-000522,2026-01-21 16:00:00,LIBRARY,Library,8,2,2,3.66,4.62,12.99,2,16,False,True,44.91,synthetic
QL-001201,2026-01-21 16:45:00,BUS,Bus Stop,20,19,10,1.06,1.37,43.8,2,16,False,True,26.97,synthetic
QL-000613,2026-01-21 17:00:00,BUS,Bus Stop,24,12,7,1.63,1.59,37.74,2,17,False,True,36.09,synthetic
QL-000471,2026-01-21 17:15:00,LAB,Computer Lab,6,3,4,3.31,2.95,20.34,2,17,False,True,24.43,synthetic
QL-000298,2026-01-21 17:15:00,CANTEEN,Canteen,20,17,5,1.97,3.22,18.63,2,17,False,True,69.8,synthetic
QL-000178,2026-01-21 17:30:00,LIBRARY,Library,8,8,2,4.69,4.3,13.95,2,17,False,True,39.41,synthetic
QL-000880,2026-01-22 08:15:00,BUS,Bus Stop,26,14,9,1.83,1.44,41.67,3,8,False,False,37.33,synthetic
QL-000307,2026-01-22 09:15:00,PRINT,Printing Shop,6,6,4,2.96,3.1,19.35,3,9,False,False,20.3,synthetic
QL-000423,2026-01-22 09:30:00,LAB,Computer Lab,9,8,2,2.66,3.19,18.81,3,9,False,False,31.41,synthetic
QL-001668,2026-01-22 09:45:00,LIBRARY,Library,12,11,3,5.57,3.74,16.04,3,9,False,False,43.95,synthetic
QL-001446,2026-01-22 10:00:00,LIBRARY,Library,10,3,2,5.09,4.84,12.4,3,10,False,True,53.63,synthetic
QL-001460,2026-01-22 10:15:00,ADMIN,Admin Office,10,7,3,4.91,4.73,12.68,3,10,False,True,54.91,synthetic
QL-000303,2026-01-22 10:30:00,CANTEEN,Canteen,13,9,4,2.59,2.87,20.91,3,10,False,True,46.89,synthetic
QL-000351,2026-01-22 11:00:00,CANTEEN,Canteen,7,2,4,1.54,2.69,22.3,3,11,False,True,26.31,synthetic
QL-001918,2026-01-22 11:15:00,BUS,Bus Stop,10,5,8,1.3,1.53,39.22,3,11,False,True,16.45,synthetic
QL-000336,2026-01-22 11:45:00,BUS,Bus Stop,10,9,11,1.7,1.61,37.27,3,11,False,True,13.68,synthetic
QL-000216,2026-01-22 12:45:00,BUS,Bus Stop,9,3,12,1.23,1.63,36.81,3,12,False,True,12.23,synthetic
QL-001744,2026-01-22 13:00:00,PRINT,Printing Shop,6,1,5,2.91,2.55,23.53,3,13,False,True,17.93,synthetic
QL-001745,2026-01-22 13:00:00,CANTEEN,Canteen,15,10,4,2.53,2.46,24.39,3,13,False,True,35.33,synthetic
QL-000393,2026-01-22 13:15:00,BUS,Bus Stop,16,11,8,1.39,1.26,47.62,3,13,False,True,21.68,synthetic
QL-000830,2026-01-22 13:30:00,PRINT,Printing Shop,6,1,4,1.7,2.85,21.05,3,13,False,True,24.85,synthetic
QL-000338,2026-01-22 13:30:00,LAB,Computer Lab,6,5,5,4.81,2.81,21.35,3,13,False,True,19.64,synthetic
QL-001308,2026-01-22 13:45:00,ADMIN,Admin Office,3,1,3,4.49,4.78,12.55,3,13,False,True,15.32,synthetic
QL-000604,2026-01-22 13:45:00,LAB,Computer Lab,6,5,4,2.76,3.13,19.17,3,13,False,True,17.05,synthetic
QL-000646,2026-01-22 14:00:00,ADMIN,Admin Office,4,2,4,5.78,4.56,13.16,3,14,False,True,16.85,synthetic
QL-000766,2026-01-22 14:15:00,ADMIN,Admin Office,7,1,3,7.78,4.87,12.32,3,14,False,True,36.86,synthetic
QL-000439,2026-01-22 14:45:00,CANTEEN,Canteen,30,23,8,2.72,2.36,25.42,3,14,False,True,76.31,synthetic
QL-000846,2026-01-22 14:45:00,PRINT,Printing Shop,5,2,5,2.4,2.76,21.74,3,14,False,True,17.47,synthetic
QL-001018,2026-01-22 15:15:00,PRINT,Printing Shop,9,8,4,2.14,3.1,19.35,3,15,False,False,26.67,synthetic
QL-001151,2026-01-22 16:45:00,ADMIN,Admin Office,5,4,3,4.93,4.75,12.63,3,16,False,True,23.01,synthetic
QL-001311,2026-01-22 17:00:00,LIBRARY,Library,4,3,3,2.97,4.55,13.19,3,17,False,True,22.34,synthetic
QL-001546,2026-01-22 17:00:00,PRINT,Printing Shop,10,4,6,3.09,2.85,21.05,3,17,False,True,37.63,synthetic
QL-001755,2026-01-22 17:15:00,LAB,Computer Lab,5,5,5,4.42,3.51,17.09,3,17,False,True,16.83,synthetic
QL-001749,2026-01-23 08:00:00,LIBRARY,Library,9,6,3,2.96,3.96,15.15,4,8,False,False,31.75,synthetic
QL-000400,2026-01-23 08:15:00,ADMIN,Admin Office,4,3,4,5.78,5.07,11.83,4,8,False,False,19.16,synthetic
QL-000116,2026-01-23 09:15:00,LIBRARY,Library,8,6,4,3.53,4.6,13.04,4,9,False,False,32.95,synthetic
QL-001845,2026-01-23 09:15:00,CANTEEN,Canteen,11,6,7,3.46,2.38,25.21,4,9,False,False,26.47,synthetic
QL-000255,2026-01-23 09:45:00,CANTEEN,Canteen,10,6,4,2.14,2.62,22.9,4,9,False,False,29.81,synthetic
QL-001767,2026-01-23 10:15:00,BUS,Bus Stop,12,3,12,1.47,1.59,37.74,4,10,False,True,17.02,synthetic
QL-000474,2026-01-23 10:15:00,PRINT,Printing Shop,5,1,6,3.59,3.06,19.61,4,10,False,True,17.72,synthetic
QL-000329,2026-01-23 10:30:00,BUS,Bus Stop,12,10,9,1.39,1.55,38.71,4,10,False,True,22.93,synthetic
QL-001172,2026-01-23 10:30:00,LAB,Computer Lab,7,5,4,4.5,3.29,18.24,4,10,False,True,25.1,synthetic
QL-000742,2026-01-23 11:30:00,CANTEEN,Canteen,11,2,5,3.02,2.6,23.08,4,11,False,True,35.81,synthetic
QL-000490,2026-01-23 12:15:00,LAB,Computer Lab,11,1,5,3.75,3.48,17.24,4,12,False,True,48.91,synthetic
QL-001107,2026-01-23 12:30:00,LAB,Computer Lab,15,11,4,3.95,3.55,16.9,4,12,False,True,63.44,synthetic
QL-000989,2026-01-23 12:30:00,BUS,Bus Stop,13,12,7,1.5,1.68,35.71,4,12,False,True,22.69,synthetic
QL-001952,2026-01-23 13:00:00,CANTEEN,Canteen,21,5,4,2.76,2.83,21.2,4,13,False,True,71.68,synthetic
QL-001857,2026-01-23 13:15:00,BUS,Bus Stop,21,6,10,1.58,1.47,40.82,4,13,False,True,39.29,synthetic
QL-000630,2026-01-23 13:15:00,LAB,Computer Lab,8,1,4,2.55,3.37,17.8,4,13,False,True,30.56,synthetic
QL-000569,2026-01-23 13:30:00,ADMIN,Admin Office,10,6,2,6.16,4.71,12.74,4,13,False,True,47.02,synthetic
QL-000039,2026-01-23 13:45:00,LAB,Computer Lab,8,1,3,3.47,3.68,16.3,4,13,False,True,33.11,synthetic
QL-000403,2026-01-23 13:45:00,ADMIN,Admin Office,4,2,2,4.93,5.4,11.11,4,13,False,True,19.36,synthetic
QL-001563,2026-01-23 14:00:00,ADMIN,Admin Office,4,2,2,4.89,5.97,10.05,4,14,False,True,27.15,synthetic
QL-001632,2026-01-23 14:00:00,BUS,Bus Stop,17,12,7,1.49,1.72,34.88,4,14,False,True,28.57,synthetic
QL-000359,2026-01-23 14:15:00,LAB,Computer Lab,16,16,3,2.89,4.31,13.92,4,14,False,True,82.4,synthetic
QL-000066,2026-01-23 14:30:00,PRINT,Printing Shop,4,2,5,2.54,3.0,20.0,4,14,False,True,11.42,synthetic
QL-000571,2026-01-23 15:00:00,BUS,Bus Stop,10,10,9,1.57,1.53,39.22,4,15,False,False,12.68,synthetic
QL-000332,2026-01-23 15:30:00,LIBRARY,Library,7,1,2,4.25,4.18,14.35,4,15,False,False,24.33,synthetic
QL-001174,2026-01-23 15:45:00,LAB,Computer Lab,18,17,2,2.71,3.86,15.54,4,15,False,False,73.46,synthetic
QL-001084,2026-01-23 16:00:00,BUS,Bus Stop,30,27,12,1.56,1.08,55.56,4,16,False,True,37.21,synthetic
QL-001252,2026-01-23 16:15:00,ADMIN,Admin Office,4,4,3,6.89,4.48,13.39,4,16,False,True,15.6,synthetic
QL-001017,2026-01-23 16:15:00,PRINT,Printing Shop,10,3,5,2.58,2.81,21.35,4,16,False,True,29.86,synthetic
QL-001037,2026-01-23 17:15:00,PRINT,Printing Shop,9,2,4,3.44,2.76,21.74,4,17,False,True,24.67,synthetic
QL-000437,2026-01-23 17:15:00,LAB,Computer Lab,5,3,5,3.03,3.78,15.87,4,17,False,True,18.88,synthetic
QL-001899,2026-01-23 17:45:00,LAB,Computer Lab,9,8,4,2.7,3.21,18.69,4,17,False,True,28.69,synthetic
QL-000548,2026-01-24 08:00:00,LAB,Computer Lab,2,1,4,3.57,2.72,22.06,5,8,True,False,1.72,synthetic
QL-001286,2026-01-24 08:15:00,CANTEEN,Canteen,5,4,5,2.45,2.59,23.17,5,8,True,False,13.48,synthetic
QL-000326,2026-01-24 08:15:00,CANTEEN,Canteen,5,5,6,3.05,2.82,21.28,5,8,True,False,8.16,synthetic
QL-000175,2026-01-24 08:45:00,CANTEEN,Canteen,4,4,6,2.36,2.41,24.9,5,8,True,False,10.79,synthetic
QL-001860,2026-01-24 08:45:00,BUS,Bus Stop,8,2,8,1.79,1.4,42.86,5,8,True,False,13.03,synthetic
QL-000910,2026-01-24 09:00:00,LAB,Computer Lab,6,4,4,4.1,3.39,17.7,5,9,True,False,15.44,synthetic
QL-001468,2026-01-24 09:00:00,PRINT,Printing Shop,3,3,5,2.48,3.28,18.29,5,9,True,False,11.21,synthetic
QL-000418,2026-01-24 09:00:00,BUS,Bus Stop,6,6,9,2.08,1.36,44.12,5,9,True,False,10.95,synthetic
QL-001262,2026-01-24 09:15:00,LIBRARY,Library,4,1,4,3.29,2.94,20.41,5,9,True,False,14.57,synthetic
QL-001261,2026-01-24 09:15:00,CANTEEN,Canteen,8,1,5,2.36,2.75,21.82,5,9,True,False,22.67,synthetic
QL-001433,2026-01-24 09:30:00,LIBRARY,Library,0,0,2,4.24,4.36,13.76,5,9,True,False,0.0,synthetic
QL-001705,2026-01-24 09:45:00,LAB,Computer Lab,3,3,3,2.98,3.54,16.95,5,9,True,False,11.55,synthetic
QL-001979,2026-01-24 10:00:00,BUS,Bus Stop,6,3,12,1.6,1.64,36.59,5,10,True,True,12.18,synthetic
QL-000673,2026-01-24 10:00:00,CANTEEN,Canteen,5,4,4,1.98,2.74,21.9,5,10,True,True,9.63,synthetic
QL-000783,2026-01-24 10:15:00,PRINT,Printing Shop,4,3,2,2.97,3.21,18.69,5,10,True,True,10.21,synthetic
QL-001411,2026-01-24 10:15:00,LAB,Computer Lab,8,5,3,3.28,4.19,14.32,5,10,True,True,31.88,synthetic
QL-000841,2026-01-24 10:30:00,ADMIN,Admin Office,4,4,3,4.97,5.57,10.77,5,10,True,True,25.97,synthetic
QL-000902,2026-01-24 10:45:00,CANTEEN,Canteen,3,3,5,2.51,2.56,23.44,5,10,True,True,7.79,synthetic
QL-001384,2026-01-24 11:30:00,ADMIN,Admin Office,6,1,1,5.39,5.6,10.71,5,11,True,True,30.41,synthetic
QL-000140,2026-01-24 11:45:00,LAB,Computer Lab,6,3,5,4.64,3.09,19.42,5,11,True,True,24.62,synthetic
QL-000150,2026-01-24 12:00:00,PRINT,Printing Shop,4,3,3,2.46,2.95,20.34,5,12,True,True,7.8,synthetic
QL-001208,2026-01-24 12:00:00,ADMIN,Admin Office,7,6,4,4.52,5.1,11.76,5,12,True,True,36.28,synthetic
QL-000728,2026-01-24 12:30:00,ADMIN,Admin Office,5,3,1,5.1,5.11,11.74,5,12,True,True,29.4,synthetic
QL-001250,2026-01-24 12:45:00,PRINT,Printing Shop,1,1,6,4.03,3.04,19.74,5,12,True,True,7.59,synthetic
QL-001766,2026-01-24 13:15:00,CANTEEN,Canteen,14,3,4,3.93,2.8,21.43,5,13,True,True,32.17,synthetic
QL-000482,2026-01-24 13:15:00,PRINT,Printing Shop,1,1,4,3.73,3.02,19.87,5,13,True,True,4.3,synthetic
QL-001195,2026-01-24 13:15:00,BUS,Bus Stop,12,3,8,1.46,1.22,49.18,5,13,True,True,10.51,synthetic
QL-001521,2026-01-24 13:15:00,PRINT,Printing Shop,4,4,3,4.12,2.94,20.41,5,13,True,True,10.09,synthetic
QL-001339,2026-01-24 13:30:00,CANTEEN,Canteen,9,9,6,2.93,2.19,27.4,5,13,True,True,19.59,synthetic
QL-000889,2026-01-24 13:30:00,CANTEEN,Canteen,15,6,6,2.55,2.03,29.56,5,13,True,True,30.37,synthetic
QL-001053,2026-01-24 14:00:00,BUS,Bus Stop,8,6,9,1.61,1.7,35.29,5,14,True,True,11.93,synthetic
QL-000304,2026-01-24 14:00:00,PRINT,Printing Shop,2,2,6,3.31,3.4,17.65,5,14,True,True,8.38,synthetic
QL-000197,2026-01-24 14:45:00,LAB,Computer Lab,8,2,2,2.26,3.54,16.95,5,14,True,True,27.93,synthetic
QL-001207,2026-01-24 15:30:00,LAB,Computer Lab,9,7,3,4.0,4.13,14.53,5,15,True,False,35.94,synthetic
QL-001359,2026-01-24 15:30:00,PRINT,Printing Shop,6,4,3,3.72,3.35,17.91,5,15,True,False,16.71,synthetic
QL-001116,2026-01-24 16:00:00,BUS,Bus Stop,9,9,9,1.83,1.47,40.82,5,16,True,True,9.06,synthetic
QL-000977,2026-01-24 16:00:00,BUS,Bus Stop,17,10,8,1.33,1.52,39.47,5,16,True,True,21.31,synthetic
QL-000171,2026-01-24 16:00:00,PRINT,Printing Shop,5,1,5,3.31,2.84,21.13,5,16,True,True,12.01,synthetic
QL-001605,2026-01-24 16:15:00,PRINT,Printing Shop,3,1,4,4.43,3.19,18.81,5,16,True,True,11.33,synthetic
QL-001720,2026-01-24 16:15:00,ADMIN,Admin Office,1,1,2,5.33,4.54,13.22,5,16,True,True,1.17,synthetic
QL-000103,2026-01-24 16:45:00,LAB,Computer Lab,7,4,4,3.09,3.36,17.86,5,16,True,True,24.78,synthetic
QL-001215,2026-01-24 17:00:00,ADMIN,Admin Office,0,0,2,5.09,4.77,12.58,5,17,True,True,0.14,synthetic
QL-001797,2026-01-24 17:00:00,PRINT,Printing Shop,5,3,4,3.28,3.04,19.74,5,17,True,True,16.2,synthetic
QL-000429,2026-01-24 17:30:00,ADMIN,Admin Office,5,2,2,3.77,4.64,12.93,5,17,True,True,28.11,synthetic
QL-001796,2026-01-24 17:45:00,ADMIN,Admin Office,1,1,4,6.03,5.86,10.24,5,17,True,True,5.35,synthetic
QL-000283,2026-01-24 17:45:00,LIBRARY,Library,6,4,3,3.0,4.07,14.74,5,17,True,True,19.83,synthetic
QL-001173,2026-01-25 08:00:00,PRINT,Printing Shop,3,3,5,3.4,3.24,18.52,6,8,True,False,11.54,synthetic
QL-001034,2026-01-25 08:45:00,CANTEEN,Canteen,4,2,6,2.82,2.77,21.66,6,8,True,False,6.24,synthetic
QL-001756,2026-01-25 09:00:00,CANTEEN,Canteen,4,1,5,2.82,2.54,23.62,6,9,True,False,8.16,synthetic
QL-000572,2026-01-25 09:30:00,ADMIN,Admin Office,0,0,5,4.6,3.43,17.49,6,9,True,False,0.0,synthetic
QL-000738,2026-01-25 09:30:00,CANTEEN,Canteen,4,2,5,3.08,2.56,23.44,6,9,True,False,12.25,synthetic
QL-000311,2026-01-25 10:00:00,LAB,Computer Lab,12,8,7,2.81,2.97,20.2,6,10,True,True,37.71,synthetic
QL-000267,2026-01-25 10:15:00,CANTEEN,Canteen,5,2,5,2.49,2.34,25.64,6,10,True,True,12.32,synthetic
QL-001023,2026-01-25 10:15:00,LIBRARY,Library,5,2,4,4.86,3.94,15.23,6,10,True,True,19.51,synthetic
QL-000720,2026-01-25 10:30:00,LIBRARY,Library,7,2,4,4.56,3.33,18.02,6,10,True,True,19.09,synthetic
QL-000866,2026-01-25 10:30:00,BUS,Bus Stop,5,4,10,1.02,1.21,49.59,6,10,True,True,5.26,synthetic
QL-001786,2026-01-25 10:45:00,LIBRARY,Library,6,1,4,4.35,4.55,13.19,6,10,True,True,23.28,synthetic
QL-001322,2026-01-25 10:45:00,PRINT,Printing Shop,8,3,4,3.09,2.9,20.69,6,10,True,True,19.22,synthetic
QL-000087,2026-01-25 11:45:00,CANTEEN,Canteen,5,2,4,3.01,2.71,22.14,6,11,True,True,12.81,synthetic
QL-000731,2026-01-25 11:45:00,PRINT,Printing Shop,0,0,3,2.62,3.38,17.75,6,11,True,True,1.53,synthetic
QL-001634,2026-01-25 12:15:00,LIBRARY,Library,5,2,4,3.49,4.59,13.07,6,12,True,True,19.73,synthetic
QL-001834,2026-01-25 12:45:00,LAB,Computer Lab,8,6,4,4.22,4.14,14.49,6,12,True,True,28.8,synthetic
QL-001395,2026-01-25 13:00:00,LIBRARY,Library,4,1,3,4.69,4.04,14.85,6,13,True,True,13.5,synthetic
QL-000101,2026-01-25 13:00:00,BUS,Bus Stop,10,10,7,1.57,1.64,36.59,6,13,True,True,13.41,synthetic
QL-000597,2026-01-25 13:45:00,LAB,Computer Lab,6,5,3,3.67,3.17,18.93,6,13,True,True,21.43,synthetic
QL-000053,2026-01-25 13:45:00,BUS,Bus Stop,12,1,10,1.79,1.65,36.36,6,13,True,True,24.26,synthetic
QL-000448,2026-01-25 14:15:00,PRINT,Printing Shop,5,5,5,3.4,2.46,24.39,6,14,True,True,15.11,synthetic
QL-001782,2026-01-25 14:15:00,LIBRARY,Library,3,2,4,3.41,4.06,14.78,6,14,True,True,6.88,synthetic
QL-001667,2026-01-25 14:15:00,BUS,Bus Stop,10,5,9,1.91,1.66,36.14,6,14,True,True,12.42,synthetic
QL-000186,2026-01-25 14:30:00,LIBRARY,Library,6,4,2,4.64,3.92,15.31,6,14,True,True,24.58,synthetic
QL-000375,2026-01-25 14:45:00,BUS,Bus Stop,9,8,9,1.85,1.61,37.27,6,14,True,True,18.69,synthetic
QL-001683,2026-01-25 15:00:00,CANTEEN,Canteen,8,5,6,2.61,2.09,28.71,6,15,True,False,15.46,synthetic
QL-001288,2026-01-25 15:15:00,BUS,Bus Stop,5,4,8,1.51,1.71,35.09,6,15,True,False,11.03,synthetic
QL-000557,2026-01-25 15:30:00,LIBRARY,Library,4,4,5,3.84,3.83,15.67,6,15,True,False,16.18,synthetic
QL-000158,2026-01-25 17:00:00,LAB,Computer Lab,6,1,5,4.13,3.24,18.52,6,17,True,True,19.8,synthetic
QL-001976,2026-01-25 17:00:00,BUS,Bus Stop,7,2,8,1.46,1.4,42.86,6,17,True,True,5.94,synthetic
QL-000095,2026-01-25 17:30:00,LAB,Computer Lab,3,2,3,4.54,4.15,14.46,6,17,True,True,10.36,synthetic
QL-000696,2026-01-26 08:00:00,ADMIN,Admin Office,5,4,2,4.41,4.53,13.25,0,8,False,False,23.89,synthetic
QL-000472,2026-01-26 08:00:00,PRINT,Printing Shop,3,2,4,2.59,3.25,18.46,0,8,False,False,14.59,synthetic
QL-001238,2026-01-26 08:30:00,BUS,Bus Stop,26,13,9,0.93,1.34,44.78,0,8,False,False,37.97,synthetic
QL-000904,2026-01-26 09:15:00,BUS,Bus Stop,24,4,10,1.45,1.62,37.04,0,9,False,False,42.15,synthetic
QL-001645,2026-01-26 10:00:00,BUS,Bus Stop,12,9,11,1.55,1.37,43.8,0,10,False,True,19.93,synthetic
QL-000027,2026-01-26 10:30:00,ADMIN,Admin Office,5,5,3,6.53,5.5,10.91,0,10,False,True,34.32,synthetic
QL-000532,2026-01-26 10:45:00,LAB,Computer Lab,10,9,5,4.0,3.69,16.26,0,10,False,True,37.34,synthetic
QL-001949,2026-01-26 10:45:00,CANTEEN,Canteen,10,4,4,2.95,2.45,24.49,0,10,False,True,23.19,synthetic
QL-001205,2026-01-26 11:15:00,ADMIN,Admin Office,6,5,2,4.72,5.58,10.75,0,11,False,True,37.95,synthetic
QL-000366,2026-01-26 11:45:00,LIBRARY,Library,9,2,5,3.63,3.21,18.69,0,11,False,True,34.62,synthetic
QL-001158,2026-01-26 12:00:00,LAB,Computer Lab,14,2,3,2.46,3.2,18.75,0,12,False,True,48.66,synthetic
QL-000105,2026-01-26 12:15:00,CANTEEN,Canteen,36,2,6,2.21,2.64,22.73,0,12,False,True,98.09,synthetic
QL-000877,2026-01-26 13:00:00,CANTEEN,Canteen,21,14,7,2.64,1.97,30.46,0,13,False,True,41.32,synthetic
QL-001916,2026-01-26 13:15:00,PRINT,Printing Shop,6,3,4,2.78,3.04,19.74,0,13,False,True,24.82,synthetic
QL-000928,2026-01-26 13:15:00,BUS,Bus Stop,16,5,7,1.26,1.64,36.59,0,13,False,True,24.26,synthetic
QL-000010,2026-01-26 13:15:00,LIBRARY,Library,6,6,3,3.98,4.18,14.35,0,13,False,True,24.24,synthetic
QL-000818,2026-01-26 13:45:00,ADMIN,Admin Office,1,1,3,7.77,5.94,10.1,0,13,False,True,5.3,synthetic
QL-000803,2026-01-26 14:00:00,LIBRARY,Library,11,6,4,4.73,4.19,14.32,0,14,False,True,44.15,synthetic
QL-000421,2026-01-26 14:15:00,LAB,Computer Lab,17,12,3,3.61,3.89,15.42,0,14,False,True,73.1,synthetic
QL-000355,2026-01-26 14:45:00,PRINT,Printing Shop,6,2,5,2.21,2.69,22.3,0,14,False,True,13.74,synthetic
QL-000544,2026-01-26 14:45:00,LAB,Computer Lab,13,6,4,3.92,3.79,15.83,0,14,False,True,56.12,synthetic
QL-000922,2026-01-26 14:45:00,LAB,Computer Lab,12,4,4,2.97,3.23,18.58,0,14,False,True,40.49,synthetic
QL-002000,2026-01-26 14:45:00,LIBRARY,Library,10,1,3,3.65,3.7,16.22,0,14,False,True,44.94,synthetic
QL-000479,2026-01-26 15:00:00,LIBRARY,Library,6,4,4,4.58,4.22,14.22,0,15,False,False,26.03,synthetic
QL-000242,2026-01-26 15:15:00,PRINT,Printing Shop,10,2,7,2.99,2.81,21.35,0,15,False,False,24.26,synthetic
QL-000203,2026-01-26 16:15:00,BUS,Bus Stop,38,30,4,1.42,1.52,39.47,0,16,False,True,65.71,synthetic
QL-000100,2026-01-26 16:30:00,CANTEEN,Canteen,15,11,6,2.42,2.23,26.91,0,16,False,True,38.68,synthetic
QL-000854,2026-01-26 16:45:00,CANTEEN,Canteen,10,2,4,2.42,2.4,25.0,0,16,False,True,28.41,synthetic
QL-000822,2026-01-26 17:00:00,LAB,Computer Lab,11,5,4,2.73,3.69,16.26,0,17,False,True,44.79,synthetic
QL-001245,2026-01-26 17:00:00,LIBRARY,Library,14,14,2,4.7,4.51,13.3,0,17,False,True,68.16,synthetic
QL-000611,2026-01-26 17:15:00,ADMIN,Admin Office,2,1,2,5.69,4.74,12.66,0,17,False,True,13.85,synthetic
QL-001349,2026-01-26 17:15:00,ADMIN,Admin Office,1,1,1,5.17,5.21,11.52,0,17,False,True,1.05,synthetic
QL-001518,2026-01-26 17:30:00,BUS,Bus Stop,30,14,7,1.84,1.38,43.48,0,17,False,True,41.43,synthetic
QL-000313,2026-01-26 17:45:00,LIBRARY,Library,11,11,4,4.02,4.64,12.93,0,17,False,True,55.68,synthetic
QL-000725,2026-01-26 17:45:00,PRINT,Printing Shop,5,4,4,2.57,3.46,17.34,0,17,False,True,21.42,synthetic
QL-001093,2026-01-26 17:45:00,LAB,Computer Lab,7,3,5,2.61,3.57,16.81,0,17,False,True,27.1,synthetic
QL-000801,2026-01-27 08:00:00,PRINT,Printing Shop,6,1,5,2.18,3.7,16.22,1,8,False,False,25.17,synthetic
QL-001049,2026-01-27 08:00:00,PRINT,Printing Shop,7,3,4,2.54,3.31,18.13,1,8,False,False,25.83,synthetic
QL-001154,2026-01-27 08:30:00,LAB,Computer Lab,7,4,5,1.38,3.19,18.81,1,8,False,False,23.4,synthetic
QL-000258,2026-01-27 08:30:00,BUS,Bus Stop,32,16,13,1.93,1.5,40.0,1,8,False,False,50.61,synthetic
QL-001999,2026-01-27 08:45:00,PRINT,Printing Shop,3,3,4,3.55,2.8,21.43,1,8,False,False,6.13,synthetic
QL-001188,2026-01-27 08:45:00,CANTEEN,Canteen,12,5,2,2.41,2.73,21.98,1,8,False,False,27.95,synthetic
QL-001534,2026-01-27 09:00:00,PRINT,Printing Shop,7,5,4,2.63,3.16,18.99,1,9,False,False,22.48,synthetic
QL-001114,2026-01-27 09:00:00,ADMIN,Admin Office,3,1,3,4.73,5.51,10.89,1,9,False,False,18.08,synthetic
QL-000863,2026-01-27 09:30:00,BUS,Bus Stop,35,15,8,1.85,1.51,39.74,1,9,False,False,50.59,synthetic
QL-001499,2026-01-27 09:45:00,LIBRARY,Library,9,9,2,3.54,3.86,15.54,1,9,False,False,39.24,synthetic
QL-000920,2026-01-27 10:15:00,ADMIN,Admin Office,7,4,2,3.34,4.87,12.32,1,10,False,True,39.74,synthetic
QL-001327,2026-01-27 11:15:00,PRINT,Printing Shop,5,4,3,1.78,3.35,17.91,1,11,False,True,21.69,synthetic
QL-000492,2026-01-27 11:15:00,ADMIN,Admin Office,11,4,4,4.6,4.7,12.77,1,11,False,True,58.98,synthetic
QL-001533,2026-01-27 11:15:00,BUS,Bus Stop,13,4,9,1.67,1.43,41.96,1,11,False,True,19.61,synthetic
QL-001804,2026-01-27 11:15:00,ADMIN,Admin Office,8,6,3,5.02,5.87,10.22,1,11,False,True,56.7,synthetic
QL-001957,2026-01-27 11:45:00,LIBRARY,Library,12,11,4,3.61,4.45,13.48,1,11,False,True,54.25,synthetic
QL-001836,2026-01-27 11:45:00,PRINT,Printing Shop,7,5,5,3.24,2.9,20.69,1,11,False,True,23.79,synthetic
QL-000125,2026-01-27 12:00:00,ADMIN,Admin Office,8,6,1,5.12,5.22,11.49,1,12,False,True,42.7,synthetic
QL-001030,2026-01-27 12:15:00,PRINT,Printing Shop,8,6,6,2.86,3.16,18.99,1,12,False,True,32.96,synthetic
QL-000825,2026-01-27 12:45:00,LIBRARY,Library,7,5,4,4.46,4.31,13.92,1,12,False,True,37.95,synthetic
QL-000659,2026-01-27 13:00:00,ADMIN,Admin Office,7,6,3,4.44,5.15,11.65,1,13,False,True,38.29,synthetic
QL-000671,2026-01-27 13:15:00,ADMIN,Admin Office,7,1,2,3.31,5.27,11.39,1,13,False,True,45.84,synthetic
QL-001167,2026-01-27 13:15:00,LIBRARY,Library,7,1,4,3.47,4.47,13.42,1,13,False,True,34.61,synthetic
QL-000433,2026-01-27 13:30:00,ADMIN,Admin Office,3,1,3,5.62,5.44,11.03,1,13,False,True,21.84,synthetic
QL-000670,2026-01-27 13:45:00,ADMIN,Admin Office,4,3,4,4.62,5.31,11.3,1,13,False,True,25.93,synthetic
QL-000232,2026-01-27 14:00:00,BUS,Bus Stop,25,6,8,1.12,1.69,35.5,1,14,False,True,47.06,synthetic
QL-001229,2026-01-27 14:15:00,LIBRARY,Library,11,7,3,3.74,4.31,13.92,1,14,False,True,49.06,synthetic
QL-001159,2026-01-27 14:15:00,BUS,Bus Stop,21,3,9,1.54,1.36,44.12,1,14,False,True,33.2,synthetic
QL-000495,2026-01-27 14:30:00,ADMIN,Admin Office,5,2,2,3.14,4.47,13.42,1,14,False,True,26.67,synthetic
QL-001903,2026-01-27 14:30:00,CANTEEN,Canteen,25,1,6,1.85,2.46,24.39,1,14,False,True,68.83,synthetic
QL-000979,2026-01-27 15:00:00,LAB,Computer Lab,8,6,2,3.34,2.99,20.07,1,15,False,False,26.65,synthetic
QL-000603,2026-01-27 15:00:00,PRINT,Printing Shop,8,6,2,3.12,3.18,18.87,1,15,False,False,24.56,synthetic
QL-000238,2026-01-27 15:15:00,BUS,Bus Stop,11,7,11,1.72,1.59,37.74,1,15,False,False,13.23,synthetic
QL-001677,2026-01-27 16:00:00,LIBRARY,Library,13,5,2,3.06,4.49,13.36,1,16,False,True,65.4,synthetic
QL-000753,2026-01-27 16:45:00,PRINT,Printing Shop,9,1,5,3.01,3.34,17.96,1,16,False,True,37.5,synthetic
QL-001214,2026-01-27 16:45:00,LIBRARY,Library,14,5,3,2.86,4.45,13.48,1,16,False,True,65.36,synthetic
QL-001671,2026-01-28 08:00:00,CANTEEN,Canteen,9,4,4,2.83,2.66,22.56,2,8,False,False,22.52,synthetic
QL-000002,2026-01-28 08:00:00,CANTEEN,Canteen,10,9,5,3.08,2.66,22.56,2,8,False,False,25.8,synthetic
QL-000857,2026-01-28 08:15:00,PRINT,Printing Shop,9,9,4,3.41,3.21,18.69,2,8,False,False,28.34,synthetic
QL-001754,2026-01-28 08:30:00,CANTEEN,Canteen,11,4,5,2.68,2.42,24.79,2,8,False,False,31.52,synthetic
QL-001377,2026-01-28 08:30:00,BUS,Bus Stop,17,14,9,1.42,1.66,36.14,2,8,False,False,23.89,synthetic
QL-001480,2026-01-28 08:30:00,CANTEEN,Canteen,8,8,3,2.62,2.59,23.17,2,8,False,False,20.96,synthetic
QL-001553,2026-01-28 09:15:00,LIBRARY,Library,10,2,6,3.35,3.53,17.0,2,9,False,False,32.82,synthetic
QL-000667,2026-01-28 09:15:00,BUS,Bus Stop,23,18,13,1.61,1.29,46.51,2,9,False,False,32.05,synthetic
QL-001079,2026-01-28 09:15:00,ADMIN,Admin Office,6,2,4,4.6,4.71,12.74,2,9,False,False,31.0,synthetic
QL-001090,2026-01-28 09:15:00,ADMIN,Admin Office,1,1,2,4.57,5.52,10.87,2,9,False,False,4.34,synthetic
QL-001131,2026-01-28 09:15:00,LIBRARY,Library,7,3,4,2.58,3.68,16.3,2,9,False,False,21.76,synthetic
QL-000860,2026-01-28 09:30:00,PRINT,Printing Shop,1,1,5,3.88,2.9,20.69,2,9,False,False,4.67,synthetic
QL-001635,2026-01-28 09:30:00,LAB,Computer Lab,8,1,4,3.93,3.38,17.75,2,9,False,False,26.47,synthetic
QL-000319,2026-01-28 09:45:00,LIBRARY,Library,13,12,2,3.98,4.16,14.42,2,9,False,False,58.22,synthetic
QL-000642,2026-01-28 09:45:00,ADMIN,Admin Office,3,3,3,5.89,4.87,12.32,2,9,False,False,16.2,synthetic
QL-000092,2026-01-28 10:15:00,LAB,Computer Lab,8,7,4,4.06,3.59,16.71,2,10,False,True,32.13,synthetic
QL-000771,2026-01-28 11:00:00,LAB,Computer Lab,6,2,4,2.78,3.45,17.39,2,11,False,True,18.34,synthetic
QL-001639,2026-01-28 12:00:00,PRINT,Printing Shop,4,4,4,3.32,3.29,18.24,2,12,False,True,18.99,synthetic
QL-000447,2026-01-28 12:15:00,CANTEEN,Canteen,21,8,4,2.4,2.7,22.22,2,12,False,True,59.93,synthetic
QL-001989,2026-01-28 12:45:00,CANTEEN,Canteen,21,11,5,2.49,2.23,26.91,2,12,False,True,47.64,synthetic
QL-000060,2026-01-28 13:00:00,LAB,Computer Lab,7,4,5,3.41,3.14,19.11,2,13,False,True,29.61,synthetic
QL-001306,2026-01-28 13:00:00,PRINT,Printing Shop,4,1,5,1.99,2.88,20.83,2,13,False,True,8.98,synthetic
QL-000542,2026-01-28 13:00:00,LAB,Computer Lab,13,5,4,3.6,3.35,17.91,2,13,False,True,44.66,synthetic
QL-000996,2026-01-28 13:15:00,BUS,Bus Stop,26,9,11,1.86,1.45,41.38,2,13,False,True,46.36,synthetic
QL-000500,2026-01-28 14:00:00,LAB,Computer Lab,12,12,5,2.82,3.31,18.13,2,14,False,True,44.63,synthetic
QL-001324,2026-01-28 14:15:00,ADMIN,Admin Office,5,3,2,4.93,5.18,11.58,2,14,False,True,31.06,synthetic
QL-000775,2026-01-28 14:15:00,PRINT,Printing Shop,4,3,4,3.25,3.0,20.0,2,14,False,True,9.81,synthetic
QL-001785,2026-01-28 14:15:00,BUS,Bus Stop,15,6,7,1.98,1.46,41.1,2,14,False,True,18.93,synthetic
QL-001685,2026-01-28 14:45:00,ADMIN,Admin Office,8,5,3,5.55,4.99,12.02,2,14,False,True,43.26,synthetic
QL-000342,2026-01-28 14:45:00,ADMIN,Admin Office,4,1,3,5.19,5.15,11.65,2,14,False,True,27.6,synthetic
QL-001917,2026-01-28 15:15:00,PRINT,Printing Shop,11,2,6,2.58,3.24,18.52,2,15,False,False,36.73,synthetic
QL-001033,2026-01-28 15:30:00,LIBRARY,Library,12,9,1,4.04,4.11,14.6,2,15,False,False,50.4,synthetic
QL-001423,2026-01-28 16:00:00,BUS,Bus Stop,28,5,10,1.02,1.45,41.38,2,16,False,True,48.87,synthetic
QL-001663,2026-01-28 16:15:00,ADMIN,Admin Office,4,4,2,4.01,5.7,10.53,2,16,False,True,25.79,synthetic
QL-000759,2026-01-28 17:00:00,PRINT,Printing Shop,6,5,4,2.27,3.36,17.86,2,17,False,True,18.11,synthetic
QL-000235,2026-01-28 17:15:00,PRINT,Printing Shop,6,4,5,4.31,3.08,19.48,2,17,False,True,25.0,synthetic
QL-000538,2026-01-28 17:30:00,LAB,Computer Lab,7,6,3,3.09,3.22,18.63,2,17,False,True,25.58,synthetic
QL-001368,2026-01-28 17:45:00,BUS,Bus Stop,24,11,10,1.44,1.46,41.1,2,17,False,True,36.09,synthetic
QL-000682,2026-01-29 08:15:00,LIBRARY,Library,8,8,4,4.17,3.77,15.92,3,8,False,False,29.52,synthetic
QL-001571,2026-01-29 08:45:00,BUS,Bus Stop,15,2,13,1.25,1.3,46.15,3,8,False,False,19.04,synthetic
QL-001924,2026-01-29 09:00:00,PRINT,Printing Shop,7,5,4,2.63,2.81,21.35,3,9,False,False,15.6,synthetic
QL-001097,2026-01-29 09:00:00,ADMIN,Admin Office,1,1,3,5.04,4.73,12.68,3,9,False,False,3.72,synthetic
QL-000504,2026-01-29 09:00:00,LIBRARY,Library,10,7,3,2.14,3.93,15.27,3,9,False,False,37.53,synthetic
QL-000893,2026-01-29 09:45:00,CANTEEN,Canteen,6,2,4,2.57,2.92,20.55,3,9,False,False,18.51,synthetic
QL-001506,2026-01-29 09:45:00,BUS,Bus Stop,22,22,7,1.41,1.51,39.74,3,9,False,False,30.98,synthetic
QL-001972,2026-01-29 10:00:00,LIBRARY,Library,9,7,5,3.8,3.64,16.48,3,10,False,True,40.05,synthetic
QL-001442,2026-01-29 10:15:00,BUS,Bus Stop,16,16,7,1.73,1.42,42.25,3,10,False,True,23.45,synthetic
QL-001478,2026-01-29 10:15:00,BUS,Bus Stop,11,7,17,1.38,1.22,49.18,3,10,False,True,16.79,synthetic
QL-000945,2026-01-29 10:45:00,BUS,Bus Stop,13,7,14,1.47,1.58,37.97,3,10,False,True,25.37,synthetic
QL-001479,2026-01-29 11:15:00,LIBRARY,Library,8,4,2,4.33,3.51,17.09,3,11,False,True,32.03,synthetic
QL-001567,2026-01-29 11:30:00,CANTEEN,Canteen,7,6,4,2.87,2.99,20.07,3,11,False,True,26.62,synthetic
QL-000160,2026-01-29 11:30:00,BUS,Bus Stop,15,8,11,1.33,1.71,35.09,3,11,False,True,25.09,synthetic
QL-000901,2026-01-29 11:30:00,PRINT,Printing Shop,8,8,3,3.81,3.19,18.81,3,11,False,True,25.64,synthetic
QL-000767,2026-01-29 11:30:00,CANTEEN,Canteen,11,5,6,2.45,2.46,24.39,3,11,False,True,31.7,synthetic
QL-001255,2026-01-29 12:30:00,PRINT,Printing Shop,7,7,5,4.07,2.69,22.3,3,12,False,True,21.5,synthetic
QL-001647,2026-01-29 12:45:00,ADMIN,Admin Office,6,2,3,5.22,4.89,12.27,3,12,False,True,36.56,synthetic
QL-001458,2026-01-29 13:00:00,LAB,Computer Lab,8,5,4,2.29,3.33,18.02,3,13,False,True,32.02,synthetic
QL-000688,2026-01-29 13:15:00,LIBRARY,Library,9,2,5,2.91,3.85,15.58,3,13,False,True,38.99,synthetic
QL-000094,2026-01-29 13:30:00,BUS,Bus Stop,24,13,11,1.39,1.38,43.48,3,13,False,True,38.88,synthetic
QL-001143,2026-01-29 13:30:00,BUS,Bus Stop,20,13,7,1.53,1.48,40.54,3,13,False,True,28.67,synthetic
QL-000705,2026-01-29 14:00:00,LIBRARY,Library,10,4,4,4.51,3.84,15.62,3,14,False,True,43.93,synthetic
QL-000309,2026-01-29 14:15:00,ADMIN,Admin Office,3,2,3,5.04,4.78,12.55,3,14,False,True,19.08,synthetic
QL-001249,2026-01-29 14:15:00,ADMIN,Admin Office,6,4,4,6.11,4.47,13.42,3,14,False,True,32.82,synthetic
QL-000121,2026-01-29 14:30:00,LIBRARY,Library,11,11,4,3.61,3.7,16.22,3,14,False,True,45.91,synthetic
QL-001422,2026-01-29 14:30:00,LAB,Computer Lab,8,2,4,3.74,3.48,17.24,3,14,False,True,35.66,synthetic
QL-000815,2026-01-29 14:45:00,LIBRARY,Library,13,2,3,2.71,4.39,13.67,3,14,False,True,68.14,synthetic
QL-000202,2026-01-29 14:45:00,CANTEEN,Canteen,21,12,6,1.83,2.15,27.91,3,14,False,True,47.51,synthetic
QL-000711,2026-01-29 15:00:00,CANTEEN,Canteen,10,9,5,1.83,2.57,23.35,3,15,False,False,21.12,synthetic
QL-001041,2026-01-29 15:00:00,CANTEEN,Canteen,9,2,7,2.5,2.46,24.39,3,15,False,False,17.74,synthetic
QL-000228,2026-01-29 15:15:00,PRINT,Printing Shop,6,4,5,2.81,3.16,18.99,3,15,False,False,14.82,synthetic
QL-000043,2026-01-29 15:15:00,LAB,Computer Lab,6,1,3,3.75,3.56,16.85,3,15,False,False,19.2,synthetic
QL-001925,2026-01-29 15:30:00,PRINT,Printing Shop,4,2,4,3.18,2.82,21.28,3,15,False,False,9.26,synthetic
QL-000072,2026-01-29 15:30:00,LAB,Computer Lab,15,12,3,3.46,3.15,19.05,3,15,False,False,43.24,synthetic
QL-001699,2026-01-29 15:45:00,LIBRARY,Library,11,8,2,4.67,3.58,16.76,3,15,False,False,36.08,synthetic
QL-001719,2026-01-29 16:30:00,CANTEEN,Canteen,9,8,5,3.05,2.67,22.47,3,16,False,True,21.62,synthetic
QL-000032,2026-01-29 16:45:00,LAB,Computer Lab,14,9,2,3.52,4.06,14.78,3,16,False,True,56.74,synthetic
QL-001579,2026-01-29 16:45:00,CANTEEN,Canteen,13,9,6,1.99,2.4,25.0,3,16,False,True,32.91,synthetic
QL-001403,2026-01-29 17:15:00,PRINT,Printing Shop,9,3,3,3.19,3.24,18.52,3,17,False,True,34.31,synthetic
QL-001385,2026-01-29 17:15:00,BUS,Bus Stop,32,27,8,1.31,1.67,35.93,3,17,False,True,61.79,synthetic
QL-000983,2026-01-29 17:15:00,ADMIN,Admin Office,4,1,3,5.75,5.22,11.49,3,17,False,True,19.74,synthetic
QL-000003,2026-01-29 17:30:00,CANTEEN,Canteen,15,4,6,2.21,2.32,25.86,3,17,False,True,42.67,synthetic
QL-001938,2026-01-29 17:45:00,BUS,Bus Stop,16,3,8,1.39,1.39,43.17,3,17,False,True,27.47,synthetic
QL-000528,2026-01-30 08:00:00,LAB,Computer Lab,8,4,3,2.35,4.08,14.71,4,8,False,False,30.85,synthetic
QL-000668,2026-01-30 08:00:00,BUS,Bus Stop,18,13,8,1.17,1.52,39.47,4,8,False,False,24.36,synthetic
QL-001872,2026-01-30 08:15:00,CANTEEN,Canteen,12,6,7,1.97,2.29,26.2,4,8,False,False,23.19,synthetic
QL-000294,2026-01-30 08:15:00,LAB,Computer Lab,5,4,4,3.96,3.16,18.99,4,8,False,False,12.53,synthetic
QL-000466,2026-01-30 08:30:00,LAB,Computer Lab,7,1,2,2.03,3.77,15.92,4,8,False,False,29.63,synthetic
QL-000994,2026-01-30 08:30:00,PRINT,Printing Shop,3,3,2,1.78,3.09,19.42,4,8,False,False,9.11,synthetic
QL-000452,2026-01-30 08:30:00,CANTEEN,Canteen,13,2,5,1.48,2.91,20.62,4,8,False,False,38.26,synthetic
QL-001859,2026-01-30 09:00:00,CANTEEN,Canteen,8,5,7,2.58,2.73,21.98,4,9,False,False,17.36,synthetic
QL-000601,2026-01-30 09:00:00,ADMIN,Admin Office,5,3,2,4.51,5.23,11.47,4,9,False,False,22.27,synthetic
QL-000214,2026-01-30 09:45:00,PRINT,Printing Shop,6,2,6,2.7,2.67,22.47,4,9,False,False,18.43,synthetic
QL-001413,2026-01-30 10:00:00,BUS,Bus Stop,12,7,9,1.93,1.5,40.0,4,10,False,True,15.49,synthetic
QL-000621,2026-01-30 10:30:00,LIBRARY,Library,11,1,2,4.25,3.35,17.91,4,10,False,True,38.33,synthetic
QL-000843,2026-01-30 10:30:00,LIBRARY,Library,9,6,3,2.44,4.05,14.81,4,10,False,True,39.69,synthetic
QL-000587,2026-01-30 10:45:00,PRINT,Printing Shop,9,4,3,3.72,2.45,24.49,4,10,False,True,21.49,synthetic
QL-000170,2026-01-30 11:30:00,LAB,Computer Lab,15,6,7,4.59,3.06,19.61,4,11,False,True,53.85,synthetic
QL-001644,2026-01-30 11:30:00,CANTEEN,Canteen,14,5,9,2.32,2.34,25.64,4,11,False,True,34.97,synthetic
QL-001124,2026-01-30 12:00:00,CANTEEN,Canteen,16,11,6,2.42,2.22,27.03,4,12,False,True,37.25,synthetic
QL-000590,2026-01-30 12:00:00,BUS,Bus Stop,6,2,12,1.77,1.5,40.0,4,12,False,True,14.33,synthetic
QL-000200,2026-01-30 12:00:00,ADMIN,Admin Office,7,4,3,5.08,5.04,11.9,4,12,False,True,35.63,synthetic
QL-001961,2026-01-30 12:15:00,CANTEEN,Canteen,20,4,6,2.09,2.2,27.27,4,12,False,True,52.78,synthetic
QL-000782,2026-01-30 13:00:00,PRINT,Printing Shop,6,4,4,2.48,3.29,18.24,4,13,False,True,21.28,synthetic
QL-001738,2026-01-30 14:15:00,ADMIN,Admin Office,3,1,4,6.11,4.9,12.24,4,14,False,True,15.54,synthetic
QL-001759,2026-01-30 14:15:00,PRINT,Printing Shop,4,1,4,3.37,2.62,22.9,4,14,False,True,11.96,synthetic
QL-000062,2026-01-30 14:30:00,PRINT,Printing Shop,7,2,5,2.09,3.53,17.0,4,14,False,True,30.13,synthetic
QL-000130,2026-01-30 15:00:00,CANTEEN,Canteen,8,2,4,2.8,2.08,28.85,4,15,False,False,17.79,synthetic
QL-000594,2026-01-30 15:15:00,BUS,Bus Stop,7,6,12,1.8,1.38,43.48,4,15,False,False,4.67,synthetic
QL-001581,2026-01-30 15:45:00,ADMIN,Admin Office,1,1,2,4.49,4.52,13.27,4,15,False,False,6.71,synthetic
QL-001321,2026-01-30 15:45:00,LIBRARY,Library,14,3,3,5.04,3.92,15.31,4,15,False,False,57.76,synthetic
QL-000489,2026-01-30 16:00:00,CANTEEN,Canteen,15,3,7,3.11,2.37,25.32,4,16,False,True,34.37,synthetic
QL-001394,2026-01-30 16:30:00,LAB,Computer Lab,10,8,4,3.31,3.85,15.58,4,16,False,True,43.3,synthetic
QL-001695,2026-01-30 16:30:00,BUS,Bus Stop,35,9,9,2.25,1.59,37.74,4,16,False,True,57.37,synthetic
QL-000444,2026-01-30 16:30:00,LAB,Computer Lab,4,4,3,4.13,3.43,17.49,4,16,False,True,16.74,synthetic
QL-001826,2026-01-30 16:45:00,ADMIN,Admin Office,10,7,3,5.56,4.81,12.47,4,16,False,True,52.73,synthetic
QL-001293,2026-01-30 16:45:00,PRINT,Printing Shop,7,6,5,2.67,3.09,19.42,4,16,False,True,24.12,synthetic
QL-001118,2026-01-30 17:00:00,LAB,Computer Lab,8,2,3,3.37,3.69,16.26,4,17,False,True,29.25,synthetic
QL-001439,2026-01-30 17:30:00,LIBRARY,Library,8,5,4,3.03,4.45,13.48,4,17,False,True,35.1,synthetic
QL-001648,2026-01-31 08:00:00,CANTEEN,Canteen,8,6,6,2.44,2.31,25.97,5,8,True,False,16.84,synthetic
QL-001165,2026-01-31 08:30:00,ADMIN,Admin Office,3,3,2,3.58,5.49,10.93,5,8,True,False,15.88,synthetic
QL-001514,2026-01-31 08:45:00,LIBRARY,Library,4,3,3,5.08,3.67,16.35,5,8,True,False,14.94,synthetic
QL-001012,2026-01-31 08:45:00,ADMIN,Admin Office,3,1,5,5.17,3.82,15.71,5,8,True,False,13.46,synthetic
QL-001625,2026-01-31 09:15:00,BUS,Bus Stop,13,1,9,1.43,1.58,37.97,5,9,True,False,20.19,synthetic
QL-000436,2026-01-31 09:45:00,BUS,Bus Stop,12,5,10,1.74,1.18,50.85,5,9,True,False,11.23,synthetic
QL-000410,2026-01-31 10:00:00,BUS,Bus Stop,5,5,10,1.21,1.47,40.82,5,10,True,True,6.82,synthetic
QL-000907,2026-01-31 10:15:00,CANTEEN,Canteen,4,1,6,2.39,2.45,24.49,5,10,True,True,5.67,synthetic
QL-000398,2026-01-31 10:30:00,ADMIN,Admin Office,4,4,2,6.7,4.96,12.1,5,10,True,True,18.63,synthetic
QL-001969,2026-01-31 10:45:00,PRINT,Printing Shop,6,1,5,2.41,3.05,19.67,5,10,True,True,24.47,synthetic
QL-000521,2026-01-31 10:45:00,LAB,Computer Lab,8,1,1,3.03,3.81,15.75,5,10,True,True,33.7,synthetic
QL-000940,2026-01-31 11:00:00,LIBRARY,Library,9,3,3,2.54,3.87,15.5,5,11,True,True,28.86,synthetic
QL-000980,2026-01-31 11:00:00,PRINT,Printing Shop,4,2,7,2.06,2.66,22.56,5,11,True,True,11.97,synthetic
QL-000339,2026-01-31 11:00:00,BUS,Bus Stop,5,2,9,1.67,1.78,33.71,5,11,True,True,14.22,synthetic
QL-001331,2026-01-31 11:15:00,BUS,Bus Stop,9,5,9,1.51,1.36,44.12,5,11,True,True,16.27,synthetic
QL-001910,2026-01-31 12:00:00,LAB,Computer Lab,3,2,4,5.15,3.52,17.05,5,12,True,True,13.12,synthetic
QL-000074,2026-01-31 12:00:00,LIBRARY,Library,3,1,3,4.63,4.1,14.63,5,12,True,True,17.04,synthetic
QL-001054,2026-01-31 12:00:00,LIBRARY,Library,3,1,4,4.49,4.31,13.92,5,12,True,True,14.29,synthetic
QL-000875,2026-01-31 12:30:00,LIBRARY,Library,7,6,5,4.02,3.29,18.24,5,12,True,True,24.92,synthetic
QL-001690,2026-01-31 12:45:00,LIBRARY,Library,4,2,4,2.9,3.86,15.54,5,12,True,True,13.07,synthetic
QL-001299,2026-01-31 13:15:00,PRINT,Printing Shop,1,1,6,4.02,3.33,18.02,5,13,True,True,2.5,synthetic
QL-000079,2026-01-31 13:45:00,PRINT,Printing Shop,2,2,5,3.25,3.16,18.99,5,13,True,True,4.48,synthetic
QL-001369,2026-01-31 14:00:00,ADMIN,Admin Office,2,2,5,3.71,4.21,14.25,5,14,True,True,13.76,synthetic
QL-001164,2026-01-31 14:00:00,ADMIN,Admin Office,7,5,3,4.45,4.23,14.18,5,14,True,True,29.23,synthetic
QL-001498,2026-01-31 14:00:00,LIBRARY,Library,4,1,2,4.7,3.66,16.39,5,14,True,True,9.58,synthetic
QL-000914,2026-01-31 14:30:00,LIBRARY,Library,7,4,4,2.9,4.01,14.96,5,14,True,True,28.27,synthetic
QL-000583,2026-01-31 15:15:00,LIBRARY,Library,6,4,3,3.79,3.8,15.79,5,15,True,False,18.52,synthetic
QL-001692,2026-01-31 15:15:00,LIBRARY,Library,7,4,3,3.65,3.21,18.69,5,15,True,False,25.16,synthetic
QL-001953,2026-01-31 15:15:00,ADMIN,Admin Office,4,4,2,5.1,3.6,16.67,5,15,True,False,11.94,synthetic
QL-001963,2026-01-31 15:30:00,LAB,Computer Lab,7,4,5,4.0,3.01,19.93,5,15,True,False,14.18,synthetic
QL-001530,2026-01-31 15:30:00,BUS,Bus Stop,6,4,10,2.32,1.68,35.71,5,15,True,False,13.37,synthetic
QL-001080,2026-01-31 15:45:00,BUS,Bus Stop,7,7,12,1.75,1.19,50.42,5,15,True,False,6.72,synthetic
QL-001931,2026-01-31 16:00:00,CANTEEN,Canteen,4,2,8,2.43,2.26,26.55,5,16,True,True,7.12,synthetic
QL-000600,2026-01-31 16:30:00,ADMIN,Admin Office,0,0,1,3.76,5.86,10.24,5,16,True,True,4.37,synthetic
QL-000929,2026-01-31 17:00:00,PRINT,Printing Shop,6,6,5,3.77,3.37,17.8,5,17,True,True,17.25,synthetic
QL-000045,2026-01-31 17:00:00,ADMIN,Admin Office,0,0,4,5.72,5.26,11.41,5,17,True,True,0.0,synthetic
QL-001708,2026-01-31 17:15:00,ADMIN,Admin Office,5,2,2,6.17,4.84,12.4,5,17,True,True,19.12,synthetic
QL-001019,2026-01-31 17:15:00,LAB,Computer Lab,4,3,3,2.7,3.35,17.91,5,17,True,True,14.38,synthetic
QL-000730,2026-01-31 17:15:00,LIBRARY,Library,4,3,4,3.97,3.58,16.76,5,17,True,True,10.37,synthetic
QL-001196,2026-02-01 08:00:00,LAB,Computer Lab,2,2,3,4.15,4.39,13.67,6,8,True,False,10.5,synthetic
QL-000729,2026-02-01 08:00:00,LAB,Computer Lab,2,2,5,4.65,3.1,19.35,6,8,True,False,9.47,synthetic
QL-001633,2026-02-01 08:00:00,LIBRARY,Library,5,3,4,3.92,3.93,15.27,6,8,True,False,18.21,synthetic
QL-000285,2026-02-01 08:15:00,BUS,Bus Stop,14,7,13,1.59,1.53,39.22,6,8,True,False,20.79,synthetic
QL-000934,2026-02-01 08:30:00,PRINT,Printing Shop,0,0,4,3.69,3.14,19.11,6,8,True,False,0.0,synthetic
QL-000383,2026-02-01 08:30:00,BUS,Bus Stop,15,13,9,1.84,1.59,37.74,6,8,True,False,20.61,synthetic
QL-001278,2026-02-01 09:15:00,LAB,Computer Lab,2,2,5,4.98,3.48,17.24,6,9,True,False,4.22,synthetic
QL-001920,2026-02-01 09:15:00,PRINT,Printing Shop,2,1,5,3.48,3.37,17.8,6,9,True,False,1.55,synthetic
QL-000649,2026-02-01 09:15:00,PRINT,Printing Shop,0,0,4,3.02,2.91,20.62,6,9,True,False,0.0,synthetic
QL-001242,2026-02-01 09:30:00,PRINT,Printing Shop,0,0,4,2.34,3.11,19.29,6,9,True,False,2.83,synthetic
QL-000634,2026-02-01 09:45:00,PRINT,Printing Shop,0,0,3,3.26,2.78,21.58,6,9,True,False,0.0,synthetic
QL-000881,2026-02-01 10:30:00,ADMIN,Admin Office,0,0,2,4.97,5.27,11.39,6,10,True,True,0.0,synthetic
QL-001674,2026-02-01 10:30:00,CANTEEN,Canteen,4,3,4,2.15,2.2,27.27,6,10,True,True,6.58,synthetic
QL-000192,2026-02-01 10:45:00,PRINT,Printing Shop,4,3,5,3.27,3.17,18.93,6,10,True,True,13.81,synthetic
QL-000619,2026-02-01 11:00:00,CANTEEN,Canteen,6,3,5,1.92,2.83,21.2,6,11,True,True,18.44,synthetic
QL-001152,2026-02-01 11:15:00,BUS,Bus Stop,5,1,8,1.69,1.4,42.86,6,11,True,True,8.13,synthetic
QL-000708,2026-02-01 12:15:00,LIBRARY,Library,0,0,4,2.94,3.8,15.79,6,12,True,True,1.77,synthetic
QL-000638,2026-02-01 12:30:00,BUS,Bus Stop,8,8,6,1.4,1.32,45.45,6,12,True,True,10.18,synthetic
QL-001038,2026-02-01 13:15:00,ADMIN,Admin Office,1,1,2,2.68,5.08,11.81,6,13,True,True,5.3,synthetic
QL-001388,2026-02-01 14:15:00,ADMIN,Admin Office,1,1,2,6.31,5.61,10.7,6,14,True,True,2.95,synthetic
QL-001078,2026-02-01 14:30:00,LAB,Computer Lab,6,3,5,3.54,4.05,14.81,6,14,True,True,22.5,synthetic
QL-001091,2026-02-01 14:30:00,LAB,Computer Lab,7,7,4,2.75,3.43,17.49,6,14,True,True,21.01,synthetic
QL-001832,2026-02-01 14:30:00,LAB,Computer Lab,5,4,6,3.75,3.2,18.75,6,14,True,True,18.46,synthetic
QL-000624,2026-02-01 14:30:00,LIBRARY,Library,7,5,4,4.28,4.05,14.81,6,14,True,True,30.15,synthetic
QL-001234,2026-02-01 14:45:00,CANTEEN,Canteen,10,5,8,1.74,2.42,24.79,6,14,True,True,27.78,synthetic
QL-001652,2026-02-01 14:45:00,BUS,Bus Stop,10,2,11,1.61,1.34,44.78,6,14,True,True,16.3,synthetic
QL-000252,2026-02-01 14:45:00,ADMIN,Admin Office,2,1,3,3.95,5.32,11.28,6,14,True,True,8.34,synthetic
QL-000972,2026-02-01 15:00:00,PRINT,Printing Shop,4,4,5,3.15,3.13,19.17,6,15,True,False,8.42,synthetic
QL-001686,2026-02-01 15:30:00,LAB,Computer Lab,9,6,3,2.93,3.56,16.85,6,15,True,False,31.89,synthetic
QL-001330,2026-02-01 15:30:00,CANTEEN,Canteen,2,1,4,2.77,2.55,23.53,6,15,True,False,3.47,synthetic
QL-001800,2026-02-01 16:30:00,LIBRARY,Library,7,1,5,4.32,3.66,16.39,6,16,True,True,29.04,synthetic
QL-001221,2026-02-01 16:45:00,BUS,Bus Stop,22,12,8,1.84,1.51,39.74,6,16,True,True,30.92,synthetic
QL-000271,2026-02-01 17:00:00,LAB,Computer Lab,5,4,5,3.43,3.3,18.18,6,17,True,True,19.73,synthetic
QL-000234,2026-02-01 17:15:00,ADMIN,Admin Office,3,3,2,5.53,5.43,11.05,6,17,True,True,15.33,synthetic
QL-000709,2026-02-02 08:00:00,PRINT,Printing Shop,2,2,5,3.35,3.16,18.99,0,8,False,False,11.26,synthetic
QL-001338,2026-02-02 08:15:00,ADMIN,Admin Office,4,2,3,5.15,5.35,11.21,0,8,False,False,17.32,synthetic
QL-001111,2026-02-02 08:30:00,CANTEEN,Canteen,7,6,11,1.93,1.84,32.61,0,8,False,False,10.41,synthetic
QL-001788,2026-02-02 08:45:00,LAB,Computer Lab,10,3,2,3.2,3.45,17.39,0,8,False,False,35.89,synthetic
QL-001039,2026-02-02 09:00:00,PRINT,Printing Shop,7,2,4,2.45,2.82,21.28,0,9,False,False,23.86,synthetic
QL-001163,2026-02-02 09:30:00,LIBRARY,Library,9,7,3,5.28,4.6,13.04,0,9,False,False,45.07,synthetic
QL-000013,2026-02-02 09:30:00,BUS,Bus Stop,20,17,11,1.49,1.44,41.67,0,9,False,False,32.98,synthetic
QL-000536,2026-02-02 09:45:00,BUS,Bus Stop,25,18,7,1.24,1.34,44.78,0,9,False,False,33.11,synthetic
QL-001589,2026-02-02 09:45:00,PRINT,Printing Shop,1,1,5,4.1,2.77,21.66,0,9,False,False,7.27,synthetic
QL-000947,2026-02-02 09:45:00,BUS,Bus Stop,30,14,14,1.5,1.33,45.11,0,9,False,False,40.13,synthetic
QL-001365,2026-02-02 09:45:00,LIBRARY,Library,13,5,5,3.38,3.77,15.92,0,9,False,False,52.26,synthetic
QL-000714,2026-02-02 10:00:00,PRINT,Printing Shop,5,2,6,3.72,2.72,22.06,0,10,False,True,17.79,synthetic
QL-000867,2026-02-02 10:15:00,LIBRARY,Library,6,3,3,4.9,4.61,13.02,0,10,False,True,31.96,synthetic
QL-001473,2026-02-02 11:45:00,CANTEEN,Canteen,7,7,5,1.57,2.14,28.04,0,11,False,True,13.1,synthetic
QL-001578,2026-02-02 12:15:00,PRINT,Printing Shop,8,2,3,2.63,2.97,20.2,0,12,False,True,27.21,synthetic
QL-001996,2026-02-02 12:15:00,LIBRARY,Library,3,2,3,4.67,3.95,15.19,0,12,False,True,8.13,synthetic
QL-001185,2026-02-02 12:30:00,LAB,Computer Lab,7,6,3,3.69,3.72,16.13,0,12,False,True,24.07,synthetic
QL-000084,2026-02-02 12:45:00,ADMIN,Admin Office,8,3,3,4.91,4.53,13.25,0,12,False,True,42.98,synthetic
QL-000041,2026-02-02 12:45:00,PRINT,Printing Shop,6,4,5,3.29,3.22,18.63,0,12,False,True,24.05,synthetic
QL-000278,2026-02-02 13:00:00,ADMIN,Admin Office,4,1,4,4.53,5.47,10.97,0,13,False,True,21.1,synthetic
QL-001073,2026-02-02 13:30:00,ADMIN,Admin Office,2,2,1,4.12,5.13,11.7,0,13,False,True,14.95,synthetic
QL-000850,2026-02-02 13:45:00,LIBRARY,Library,5,4,3,3.42,4.29,13.99,0,13,False,True,21.61,synthetic
QL-000177,2026-02-02 14:00:00,CANTEEN,Canteen,34,10,4,2.69,2.6,23.08,0,14,False,True,98.55,synthetic
QL-001794,2026-02-02 14:00:00,ADMIN,Admin Office,5,3,3,5.78,5.4,11.11,0,14,False,True,24.88,synthetic
QL-001346,2026-02-02 14:15:00,LIBRARY,Library,13,4,4,4.52,4.73,12.68,0,14,False,True,64.75,synthetic
QL-001985,2026-02-02 14:15:00,LIBRARY,Library,0,0,2,4.68,4.39,13.67,0,14,False,True,0.0,synthetic
QL-000131,2026-02-02 14:45:00,LAB,Computer Lab,7,7,3,3.08,3.8,15.79,0,14,False,True,29.2,synthetic
QL-001656,2026-02-02 15:15:00,CANTEEN,Canteen,10,1,6,2.59,2.7,22.22,0,15,False,False,28.31,synthetic
QL-001929,2026-02-02 16:15:00,LAB,Computer Lab,17,1,4,4.02,3.11,19.29,0,16,False,True,56.07,synthetic
QL-001936,2026-02-02 16:30:00,LAB,Computer Lab,12,10,3,1.99,3.23,18.58,0,16,False,True,39.98,synthetic
QL-001597,2026-02-02 16:30:00,ADMIN,Admin Office,5,4,4,5.46,4.56,13.16,0,16,False,True,25.16,synthetic
QL-001687,2026-02-02 17:00:00,ADMIN,Admin Office,6,4,4,6.45,4.39,13.67,0,17,False,True,33.12,synthetic
QL-001887,2026-02-02 17:00:00,CANTEEN,Canteen,9,5,6,2.62,2.74,21.9,0,17,False,True,28.02,synthetic
QL-000318,2026-02-02 17:15:00,CANTEEN,Canteen,18,7,5,2.33,2.64,22.73,0,17,False,True,53.77,synthetic
QL-000148,2026-02-02 17:15:00,BUS,Bus Stop,30,14,9,1.75,1.42,42.25,0,17,False,True,44.08,synthetic
QL-000776,2026-02-02 17:30:00,ADMIN,Admin Office,1,1,4,5.32,4.61,13.02,0,17,False,True,3.67,synthetic
QL-001486,2026-02-03 08:15:00,CANTEEN,Canteen,8,1,6,3.18,2.19,27.4,1,8,False,False,17.33,synthetic
QL-000486,2026-02-03 08:30:00,LIBRARY,Library,8,8,3,4.2,3.9,15.38,1,8,False,False,32.75,synthetic
QL-000478,2026-02-03 08:30:00,LAB,Computer Lab,6,6,3,3.25,3.43,17.49,1,8,False,False,22.9,synthetic
QL-001594,2026-02-03 09:15:00,ADMIN,Admin Office,2,1,2,5.28,5.69,10.54,1,9,False,False,13.35,synthetic
QL-001086,2026-02-03 09:45:00,ADMIN,Admin Office,5,2,2,5.21,5.7,10.53,1,9,False,False,23.84,synthetic
QL-001550,2026-02-03 10:00:00,PRINT,Printing Shop,9,2,3,1.87,3.61,16.62,1,10,False,True,42.54,synthetic
QL-001076,2026-02-03 11:00:00,ADMIN,Admin Office,9,7,3,5.52,5.08,11.81,1,11,False,True,52.9,synthetic
QL-000343,2026-02-03 11:00:00,BUS,Bus Stop,16,10,13,1.51,1.55,38.71,1,11,False,True,22.95,synthetic
QL-000420,2026-02-03 11:15:00,BUS,Bus Stop,14,5,9,1.55,1.59,37.74,1,11,False,True,27.19,synthetic
QL-001721,2026-02-03 11:45:00,LAB,Computer Lab,5,4,4,2.99,3.14,19.11,1,11,False,True,19.58,synthetic
QL-001517,2026-02-03 11:45:00,BUS,Bus Stop,12,3,9,1.13,1.61,37.27,1,11,False,True,22.4,synthetic
QL-001540,2026-02-03 12:30:00,BUS,Bus Stop,13,13,12,1.47,1.44,41.67,1,12,False,True,20.8,synthetic
QL-000149,2026-02-03 13:00:00,LAB,Computer Lab,4,4,4,3.16,3.43,17.49,1,13,False,True,9.97,synthetic
QL-000735,2026-02-03 13:45:00,PRINT,Printing Shop,9,3,5,3.91,2.76,21.74,1,13,False,True,23.72,synthetic
QL-001803,2026-02-03 14:30:00,BUS,Bus Stop,19,19,11,1.31,1.35,44.44,1,14,False,True,27.9,synthetic
QL-001596,2026-02-03 15:00:00,LAB,Computer Lab,12,3,4,3.13,3.22,18.63,1,15,False,False,35.99,synthetic
QL-001896,2026-02-03 15:30:00,BUS,Bus Stop,16,16,8,1.31,1.45,41.38,1,15,False,False,23.13,synthetic
QL-001414,2026-02-03 15:45:00,LAB,Computer Lab,9,9,5,3.32,2.62,22.9,1,15,False,False,22.12,synthetic
QL-000127,2026-02-03 16:15:00,PRINT,Printing Shop,5,1,4,4.22,2.9,20.69,1,16,False,True,11.73,synthetic
QL-001732,2026-02-03 16:15:00,LIBRARY,Library,9,7,4,2.82,4.01,14.96,1,16,False,True,36.4,synthetic
QL-000409,2026-02-03 16:45:00,LIBRARY,Library,9,9,2,3.69,4.44,13.51,1,16,False,True,42.46,synthetic
QL-000358,2026-02-03 17:15:00,BUS,Bus Stop,31,14,7,1.24,1.42,42.25,1,17,False,True,49.05,synthetic
QL-001407,2026-02-03 17:15:00,CANTEEN,Canteen,18,6,5,2.44,2.51,23.9,1,17,False,True,46.02,synthetic
QL-001532,2026-02-03 17:30:00,CANTEEN,Canteen,12,1,7,2.41,2.27,26.43,1,17,False,True,31.64,synthetic
QL-000181,2026-02-03 17:45:00,LIBRARY,Library,12,4,3,3.46,3.44,17.44,1,17,False,True,39.44,synthetic
QL-000090,2026-02-04 08:00:00,LIBRARY,Library,3,2,3,2.68,4.66,12.88,2,8,False,False,18.76,synthetic
QL-001526,2026-02-04 08:15:00,LIBRARY,Library,4,4,4,3.38,4.09,14.67,2,8,False,False,17.8,synthetic
QL-000811,2026-02-04 08:15:00,BUS,Bus Stop,22,6,7,1.3,1.63,36.81,2,8,False,False,35.28,synthetic
QL-000746,2026-02-04 08:45:00,BUS,Bus Stop,35,25,13,2.06,1.35,44.44,2,8,False,False,44.02,synthetic
QL-001366,2026-02-04 09:15:00,CANTEEN,Canteen,12,11,7,2.54,2.62,22.9,2,9,False,False,27.15,synthetic
QL-001025,2026-02-04 09:30:00,LIBRARY,Library,7,2,2,2.17,3.93,15.27,2,9,False,False,30.83,synthetic
QL-001573,2026-02-04 10:00:00,BUS,Bus Stop,13,3,9,1.34,1.41,42.55,2,10,False,True,15.46,synthetic
QL-001608,2026-02-04 10:45:00,ADMIN,Admin Office,6,3,4,4.95,4.15,14.46,2,10,False,True,26.73,synthetic
QL-001939,2026-02-04 11:45:00,CANTEEN,Canteen,4,3,4,2.77,2.5,24.0,2,11,False,True,16.12,synthetic
QL-001014,2026-02-04 11:45:00,ADMIN,Admin Office,6,6,2,6.44,5.56,10.79,2,11,False,True,33.87,synthetic
QL-001919,2026-02-04 12:30:00,PRINT,Printing Shop,5,2,5,2.53,2.94,20.41,2,12,False,True,16.27,synthetic
QL-001815,2026-02-04 12:45:00,ADMIN,Admin Office,7,2,3,6.03,4.98,12.05,2,12,False,True,45.56,synthetic
QL-001733,2026-02-04 13:00:00,ADMIN,Admin Office,7,7,2,5.71,5.67,10.58,2,13,False,True,46.79,synthetic
QL-001289,2026-02-04 13:15:00,LIBRARY,Library,6,3,3,5.26,4.39,13.67,2,13,False,True,32.78,synthetic
QL-001246,2026-02-04 13:45:00,LIBRARY,Library,7,7,2,3.82,4.71,12.74,2,13,False,True,34.22,synthetic
QL-001489,2026-02-04 13:45:00,LIBRARY,Library,4,2,3,4.43,3.93,15.27,2,13,False,True,14.81,synthetic
QL-000204,2026-02-04 14:15:00,LIBRARY,Library,9,2,5,4.11,4.31,13.92,2,14,False,True,38.07,synthetic
QL-001095,2026-02-04 15:30:00,BUS,Bus Stop,12,12,11,1.83,1.31,45.8,2,15,False,False,20.65,synthetic
QL-000625,2026-02-04 16:00:00,ADMIN,Admin Office,4,4,0,5.1,5.48,10.95,2,16,False,True,22.83,synthetic
QL-001669,2026-02-04 16:15:00,CANTEEN,Canteen,10,9,5,2.49,2.54,23.62,2,16,False,True,27.32,synthetic
QL-001070,2026-02-04 16:15:00,CANTEEN,Canteen,8,7,7,2.57,2.36,25.42,2,16,False,True,23.37,synthetic
QL-000582,2026-02-04 16:15:00,ADMIN,Admin Office,5,2,3,3.54,4.95,12.12,2,16,False,True,30.51,synthetic
QL-000609,2026-02-04 16:30:00,BUS,Bus Stop,24,19,15,1.17,1.41,42.55,2,16,False,True,40.12,synthetic
QL-001431,2026-02-04 16:30:00,ADMIN,Admin Office,5,2,3,3.96,4.9,12.24,2,16,False,True,29.46,synthetic
QL-000347,2026-02-04 17:00:00,LAB,Computer Lab,10,2,4,3.47,3.46,17.34,2,17,False,True,36.74,synthetic
QL-001678,2026-02-04 17:15:00,BUS,Bus Stop,32,25,9,1.45,1.38,43.48,2,17,False,True,50.16,synthetic
QL-000654,2026-02-04 17:45:00,LAB,Computer Lab,7,2,5,3.26,3.62,16.57,2,17,False,True,24.43,synthetic
QL-000719,2026-02-04 17:45:00,BUS,Bus Stop,19,10,8,1.95,1.35,44.44,2,17,False,True,23.72,synthetic
QL-001828,2026-02-04 17:45:00,BUS,Bus Stop,20,19,5,1.42,1.69,35.5,2,17,False,True,42.33,synthetic
QL-001341,2026-02-05 08:00:00,BUS,Bus Stop,26,8,9,1.32,1.6,37.5,3,8,False,False,46.1,synthetic
QL-001982,2026-02-05 08:15:00,PRINT,Printing Shop,8,2,6,2.64,2.76,21.74,3,8,False,False,20.9,synthetic
QL-000080,2026-02-05 08:45:00,CANTEEN,Canteen,9,9,5,2.91,2.75,21.82,3,8,False,False,28.0,synthetic
QL-001464,2026-02-05 09:15:00,ADMIN,Admin Office,0,0,2,5.12,4.93,12.17,3,9,False,False,1.25,synthetic
QL-001340,2026-02-05 09:15:00,ADMIN,Admin Office,5,1,2,6.43,5.24,11.45,3,9,False,False,27.65,synthetic
QL-000461,2026-02-05 10:00:00,LAB,Computer Lab,13,1,5,3.98,3.47,17.29,3,10,False,True,52.68,synthetic
QL-000082,2026-02-05 10:30:00,ADMIN,Admin Office,8,4,2,4.22,5.69,10.54,3,10,False,True,51.48,synthetic
QL-001724,2026-02-05 10:45:00,CANTEEN,Canteen,9,6,3,2.69,2.76,21.74,3,10,False,True,33.39,synthetic
QL-000513,2026-02-05 10:45:00,BUS,Bus Stop,5,3,10,1.17,1.61,37.27,3,10,False,True,13.61,synthetic
QL-000033,2026-02-05 10:45:00,LIBRARY,Library,12,1,1,4.2,4.98,12.05,3,10,False,True,68.28,synthetic
QL-001891,2026-02-05 10:45:00,LAB,Computer Lab,14,8,3,4.57,3.51,17.09,3,10,False,True,53.88,synthetic
QL-000768,2026-02-05 11:15:00,LIBRARY,Library,14,11,3,4.21,4.07,14.74,3,11,False,True,59.51,synthetic
QL-001665,2026-02-05 11:15:00,ADMIN,Admin Office,6,3,1,7.07,4.77,12.58,3,11,False,True,33.48,synthetic
QL-001063,2026-02-05 11:30:00,CANTEEN,Canteen,7,1,7,3.3,2.32,25.86,3,11,False,True,22.34,synthetic
QL-001742,2026-02-05 11:30:00,PRINT,Printing Shop,9,6,5,2.7,2.25,26.67,3,11,False,True,25.3,synthetic
QL-000363,2026-02-05 11:45:00,PRINT,Printing Shop,7,5,5,3.15,3.06,19.61,3,11,False,True,26.74,synthetic
QL-000971,2026-02-05 12:00:00,LAB,Computer Lab,14,6,3,3.04,3.51,17.09,3,12,False,True,48.66,synthetic
QL-000718,2026-02-05 12:30:00,PRINT,Printing Shop,9,7,5,3.02,2.34,25.64,3,12,False,True,21.97,synthetic
QL-001858,2026-02-05 12:45:00,LIBRARY,Library,7,2,1,4.56,3.8,15.79,3,12,False,True,24.36,synthetic
QL-000348,2026-02-05 12:45:00,BUS,Bus Stop,14,11,9,1.88,1.41,42.55,3,12,False,True,17.36,synthetic
QL-000379,2026-02-05 13:00:00,BUS,Bus Stop,16,6,10,1.69,1.52,39.47,3,13,False,True,25.91,synthetic
QL-001590,2026-02-05 13:00:00,LAB,Computer Lab,7,2,2,4.23,3.22,18.63,3,13,False,True,19.04,synthetic
QL-000115,2026-02-05 13:00:00,ADMIN,Admin Office,2,1,0,6.18,5.0,12.0,3,13,False,True,16.3,synthetic
QL-000459,2026-02-05 13:45:00,BUS,Bus Stop,20,2,11,1.93,1.45,41.38,3,13,False,True,31.56,synthetic
QL-000183,2026-02-05 13:45:00,LAB,Computer Lab,4,3,5,4.73,3.08,19.48,3,13,False,True,16.0,synthetic
QL-001132,2026-02-05 14:15:00,ADMIN,Admin Office,3,1,1,3.36,4.77,12.58,3,14,False,True,14.26,synthetic
QL-000664,2026-02-05 14:30:00,BUS,Bus Stop,22,8,8,1.43,1.53,39.22,3,14,False,True,40.54,synthetic
QL-000296,2026-02-05 15:00:00,CANTEEN,Canteen,9,9,7,2.77,2.66,22.56,3,15,False,False,21.43,synthetic
QL-001548,2026-02-05 15:15:00,ADMIN,Admin Office,3,3,4,4.15,4.08,14.71,3,15,False,False,11.66,synthetic
QL-001869,2026-02-05 15:15:00,LIBRARY,Library,16,6,4,4.21,4.12,14.56,3,15,False,False,64.69,synthetic
QL-001010,2026-02-05 15:15:00,LIBRARY,Library,14,12,4,3.3,4.32,13.89,3,15,False,False,65.37,synthetic
QL-000530,2026-02-05 16:00:00,LIBRARY,Library,7,7,6,3.73,3.87,15.5,3,16,False,True,26.78,synthetic
QL-000210,2026-02-05 16:15:00,ADMIN,Admin Office,5,3,1,5.67,4.32,13.89,3,16,False,True,19.67,synthetic
QL-000231,2026-02-05 16:45:00,CANTEEN,Canteen,18,11,6,2.58,2.78,21.58,3,16,False,True,56.43,synthetic
QL-000415,2026-02-05 16:45:00,PRINT,Printing Shop,11,3,3,2.94,3.05,19.67,3,16,False,True,41.4,synthetic
QL-000739,2026-02-05 17:00:00,LIBRARY,Library,11,8,4,2.84,4.37,13.73,3,17,False,True,48.9,synthetic
QL-001398,2026-02-05 17:30:00,LIBRARY,Library,14,1,4,5.84,3.63,16.53,3,17,False,True,58.64,synthetic
QL-000870,2026-02-06 08:00:00,BUS,Bus Stop,20,14,9,2.17,1.51,39.74,4,8,False,False,31.97,synthetic
QL-000791,2026-02-06 08:00:00,PRINT,Printing Shop,2,2,7,1.93,2.67,22.47,4,8,False,False,4.25,synthetic
QL-000552,2026-02-06 08:30:00,BUS,Bus Stop,20,9,10,1.33,1.65,36.36,4,8,False,False,30.52,synthetic
QL-000588,2026-02-06 08:30:00,LIBRARY,Library,8,4,5,4.58,3.41,17.6,4,8,False,False,31.14,synthetic
QL-001947,2026-02-06 08:30:00,LAB,Computer Lab,9,6,4,2.18,3.48,17.24,4,8,False,False,26.93,synthetic
QL-001855,2026-02-06 09:15:00,LIBRARY,Library,11,8,4,3.6,4.06,14.78,4,9,False,False,44.07,synthetic
QL-001769,2026-02-06 09:45:00,CANTEEN,Canteen,10,9,6,1.91,2.56,23.44,4,9,False,False,26.11,synthetic
QL-001539,2026-02-06 09:45:00,BUS,Bus Stop,27,20,10,1.24,1.2,50.0,4,9,False,False,29.51,synthetic
QL-001476,2026-02-06 10:00:00,BUS,Bus Stop,12,1,11,1.97,1.51,39.74,4,10,False,True,22.85,synthetic
QL-001761,2026-02-06 10:15:00,LIBRARY,Library,8,1,3,5.47,4.59,13.07,4,10,False,True,41.71,synthetic
QL-000607,2026-02-06 10:45:00,PRINT,Printing Shop,6,3,3,3.3,2.88,20.83,4,10,False,True,15.06,synthetic
QL-001588,2026-02-06 10:45:00,LAB,Computer Lab,12,11,5,4.56,3.23,18.58,4,10,False,True,40.17,synthetic
QL-001193,2026-02-06 11:00:00,ADMIN,Admin Office,7,5,2,6.3,5.03,11.93,4,11,False,True,42.95,synthetic
QL-001405,2026-02-06 11:00:00,ADMIN,Admin Office,7,1,2,4.8,4.58,13.1,4,11,False,True,35.88,synthetic
QL-000481,2026-02-06 11:15:00,LIBRARY,Library,13,2,6,4.6,3.6,16.67,4,11,False,True,46.85,synthetic
QL-000732,2026-02-06 12:00:00,BUS,Bus Stop,10,1,9,1.43,1.36,44.12,4,12,False,True,20.03,synthetic
QL-001734,2026-02-06 13:00:00,LAB,Computer Lab,8,2,1,4.2,3.85,15.58,4,13,False,True,31.63,synthetic
QL-001197,2026-02-06 13:00:00,BUS,Bus Stop,19,6,10,1.56,1.43,41.96,4,13,False,True,34.22,synthetic
QL-001631,2026-02-06 13:15:00,LIBRARY,Library,5,2,3,3.56,4.74,12.66,4,13,False,True,27.93,synthetic
QL-001328,2026-02-06 13:15:00,LIBRARY,Library,10,10,3,3.7,3.21,18.69,4,13,False,True,37.55,synthetic
QL-001837,2026-02-06 13:45:00,PRINT,Printing Shop,6,3,5,2.71,2.77,21.66,4,13,False,True,21.79,synthetic
QL-001565,2026-02-06 13:45:00,CANTEEN,Canteen,27,10,4,3.01,2.74,21.9,4,13,False,True,75.56,synthetic
QL-000306,2026-02-06 14:00:00,LIBRARY,Library,6,5,3,2.92,4.28,14.02,4,14,False,True,23.88,synthetic
QL-000956,2026-02-06 14:30:00,LAB,Computer Lab,14,1,4,4.02,3.57,16.81,4,14,False,True,56.87,synthetic
QL-000445,2026-02-06 14:30:00,PRINT,Printing Shop,3,2,5,3.05,3.22,18.63,4,14,False,True,7.84,synthetic
QL-000300,2026-02-06 14:30:00,LIBRARY,Library,12,10,2,4.96,4.21,14.25,4,14,False,True,51.3,synthetic
QL-001844,2026-02-06 14:30:00,ADMIN,Admin Office,6,1,2,4.76,4.5,13.33,4,14,False,True,26.31,synthetic
QL-000262,2026-02-06 15:30:00,BUS,Bus Stop,12,1,8,1.41,1.3,46.15,4,15,False,False,11.84,synthetic
QL-001026,2026-02-06 15:30:00,PRINT,Printing Shop,6,4,5,2.48,3.07,19.54,4,15,False,False,19.67,synthetic
QL-000858,2026-02-06 15:30:00,LAB,Computer Lab,21,4,3,2.24,3.17,18.93,4,15,False,False,68.2,synthetic
QL-001841,2026-02-06 16:30:00,CANTEEN,Canteen,15,10,5,2.73,3.03,19.8,4,16,False,True,47.43,synthetic
QL-001543,2026-02-06 17:00:00,PRINT,Printing Shop,8,5,4,3.37,3.98,15.08,4,17,False,True,34.84,synthetic
QL-000520,2026-02-06 17:00:00,LIBRARY,Library,13,8,2,5.42,4.4,13.64,4,17,False,True,67.07,synthetic
QL-000120,2026-02-06 17:00:00,CANTEEN,Canteen,18,15,5,3.19,2.6,23.08,4,17,False,True,53.19,synthetic
QL-000301,2026-02-06 17:15:00,LAB,Computer Lab,11,9,1,3.08,3.84,15.62,4,17,False,True,44.33,synthetic
QL-000207,2026-02-06 17:30:00,LIBRARY,Library,10,5,3,4.42,3.85,15.58,4,17,False,True,40.08,synthetic
QL-001707,2026-02-06 17:45:00,LAB,Computer Lab,4,1,2,3.29,3.95,15.19,4,17,False,True,15.92,synthetic
QL-000019,2026-02-06 17:45:00,LIBRARY,Library,12,7,4,2.58,4.07,14.74,4,17,False,True,51.7,synthetic
QL-001551,2026-02-06 17:45:00,PRINT,Printing Shop,12,6,3,3.2,3.07,19.54,4,17,False,True,39.7,synthetic
QL-001134,2026-02-07 08:15:00,LAB,Computer Lab,5,1,5,3.96,3.23,18.58,5,8,True,False,15.96,synthetic
QL-001125,2026-02-07 08:30:00,BUS,Bus Stop,17,16,8,1.67,1.57,38.22,5,8,True,False,22.9,synthetic
QL-000896,2026-02-07 08:45:00,LAB,Computer Lab,4,3,5,2.68,3.42,17.54,5,8,True,False,12.31,synthetic
QL-000919,2026-02-07 09:45:00,LAB,Computer Lab,5,1,4,3.37,3.41,17.6,5,9,True,False,11.36,synthetic
QL-000208,2026-02-07 10:45:00,LAB,Computer Lab,1,1,3,3.55,3.99,15.04,5,10,True,True,5.71,synthetic
QL-001044,2026-02-07 11:00:00,PRINT,Printing Shop,4,1,3,2.17,3.35,17.91,5,11,True,True,17.21,synthetic
QL-000574,2026-02-07 11:00:00,CANTEEN,Canteen,5,5,5,1.92,3.04,19.74,5,11,True,True,10.3,synthetic
QL-001454,2026-02-07 11:30:00,CANTEEN,Canteen,8,3,8,1.6,2.19,27.4,5,11,True,True,17.66,synthetic
QL-000550,2026-02-07 12:00:00,PRINT,Printing Shop,4,3,7,2.98,2.37,25.32,5,12,True,True,9.26,synthetic
QL-000344,2026-02-07 12:15:00,CANTEEN,Canteen,16,11,8,2.12,2.4,25.0,5,12,True,True,36.45,synthetic
QL-001316,2026-02-07 12:45:00,LAB,Computer Lab,6,2,5,3.12,3.5,17.14,5,12,True,True,22.5,synthetic
QL-000088,2026-02-07 13:00:00,ADMIN,Admin Office,5,2,2,6.29,5.28,11.36,5,13,True,True,21.9,synthetic
QL-001752,2026-02-07 13:00:00,LIBRARY,Library,2,2,3,2.7,5.09,11.79,5,13,True,True,15.54,synthetic
QL-000616,2026-02-07 14:00:00,CANTEEN,Canteen,7,6,7,3.1,2.23,26.91,5,14,True,True,16.18,synthetic
QL-000537,2026-02-07 14:15:00,LAB,Computer Lab,7,2,4,3.91,3.37,17.8,5,14,True,True,27.52,synthetic
QL-001075,2026-02-07 14:15:00,BUS,Bus Stop,11,8,10,1.82,1.4,42.86,5,14,True,True,13.27,synthetic
QL-001765,2026-02-07 14:30:00,LIBRARY,Library,5,2,2,4.35,4.23,14.18,5,14,True,True,23.73,synthetic
QL-001850,2026-02-07 14:45:00,LAB,Computer Lab,7,6,1,3.34,3.77,15.92,5,14,True,True,23.75,synthetic
QL-001717,2026-02-07 14:45:00,CANTEEN,Canteen,11,11,5,3.44,2.76,21.74,5,14,True,True,27.01,synthetic
QL-000807,2026-02-07 15:45:00,LAB,Computer Lab,6,2,3,3.11,2.61,22.99,5,15,True,False,10.07,synthetic
QL-000510,2026-02-07 15:45:00,ADMIN,Admin Office,0,0,2,5.48,6.03,9.95,5,15,True,False,0.0,synthetic
QL-001065,2026-02-07 16:00:00,LIBRARY,Library,8,7,5,3.35,3.6,16.67,5,16,True,True,26.59,synthetic
QL-001906,2026-02-07 16:00:00,ADMIN,Admin Office,2,1,2,6.28,5.41,11.09,5,16,True,True,13.4,synthetic
QL-000813,2026-02-07 16:15:00,LIBRARY,Library,4,2,4,3.96,3.77,15.92,5,16,True,True,11.7,synthetic
QL-000402,2026-02-07 16:15:00,ADMIN,Admin Office,2,2,1,4.22,4.46,13.45,5,16,True,True,7.9,synthetic
QL-000890,2026-02-07 16:30:00,LIBRARY,Library,5,2,5,3.56,3.38,17.75,5,16,True,True,17.25,synthetic
QL-000539,2026-02-07 17:45:00,PRINT,Printing Shop,1,1,6,2.62,3.34,17.96,5,17,True,True,4.4,synthetic
QL-000926,2026-02-08 08:30:00,LIBRARY,Library,1,1,3,3.64,4.31,13.92,6,8,True,False,4.6,synthetic
QL-001277,2026-02-08 08:45:00,CANTEEN,Canteen,5,1,5,1.99,2.41,24.9,6,8,True,False,7.71,synthetic
QL-000240,2026-02-08 09:00:00,LIBRARY,Library,4,4,3,3.37,3.93,15.27,6,9,True,False,18.01,synthetic
QL-001627,2026-02-08 09:00:00,CANTEEN,Canteen,5,5,5,2.66,2.56,23.44,6,9,True,False,13.43,synthetic
QL-000760,2026-02-08 09:15:00,LAB,Computer Lab,6,5,5,4.09,3.25,18.46,6,9,True,False,16.56,synthetic
QL-000011,2026-02-08 09:45:00,ADMIN,Admin Office,0,0,4,4.36,4.99,12.02,6,9,True,False,4.06,synthetic
QL-001895,2026-02-08 10:00:00,BUS,Bus Stop,4,2,8,1.41,1.64,36.59,6,10,True,True,6.41,synthetic
QL-000128,2026-02-08 10:00:00,LIBRARY,Library,8,8,4,3.66,3.5,17.14,6,10,True,True,31.02,synthetic
QL-000589,2026-02-08 10:15:00,LAB,Computer Lab,11,8,4,3.24,4.09,14.67,6,10,True,True,46.75,synthetic
QL-001265,2026-02-08 10:30:00,ADMIN,Admin Office,6,1,3,4.45,4.58,13.1,6,10,True,True,26.95,synthetic
QL-001772,2026-02-08 10:45:00,LIBRARY,Library,6,1,3,3.39,4.34,13.82,6,10,True,True,27.42,synthetic
QL-000250,2026-02-08 10:45:00,ADMIN,Admin Office,5,2,1,6.31,4.75,12.63,6,10,True,True,23.07,synthetic
QL-000350,2026-02-08 11:30:00,LAB,Computer Lab,9,9,4,3.39,3.33,18.02,6,11,True,True,30.23,synthetic
QL-000213,2026-02-08 11:45:00,LIBRARY,Library,2,2,4,3.56,3.64,16.48,6,11,True,True,5.47,synthetic
QL-001059,2026-02-08 11:45:00,ADMIN,Admin Office,4,2,2,6.86,6.14,9.77,6,11,True,True,27.08,synthetic
QL-001360,2026-02-08 12:15:00,PRINT,Printing Shop,7,6,6,2.61,2.64,22.73,6,12,True,True,14.36,synthetic
QL-001089,2026-02-08 12:30:00,ADMIN,Admin Office,3,2,3,4.98,4.95,12.12,6,12,True,True,19.21,synthetic
QL-001263,2026-02-08 13:15:00,ADMIN,Admin Office,1,1,3,3.02,5.12,11.72,6,13,True,True,0.4,synthetic
QL-001374,2026-02-08 13:45:00,CANTEEN,Canteen,11,4,6,1.29,2.75,21.82,6,13,True,True,26.56,synthetic
QL-000014,2026-02-08 13:45:00,CANTEEN,Canteen,17,8,4,2.81,2.95,20.34,6,13,True,True,49.15,synthetic
QL-001662,2026-02-08 14:00:00,BUS,Bus Stop,7,7,11,0.89,1.32,45.45,6,14,True,True,10.42,synthetic
QL-000323,2026-02-08 14:00:00,ADMIN,Admin Office,4,3,4,4.43,5.06,11.86,6,14,True,True,23.73,synthetic
QL-001846,2026-02-08 14:15:00,PRINT,Printing Shop,0,0,2,2.58,3.41,17.6,6,14,True,True,0.56,synthetic
QL-001885,2026-02-08 14:15:00,LIBRARY,Library,6,4,3,4.48,3.51,17.09,6,14,True,True,22.42,synthetic
QL-000312,2026-02-08 14:15:00,CANTEEN,Canteen,17,9,7,2.7,2.64,22.73,6,14,True,True,43.15,synthetic
QL-000016,2026-02-08 14:15:00,LAB,Computer Lab,7,6,3,2.43,3.42,17.54,6,14,True,True,25.09,synthetic
QL-000946,2026-02-08 14:15:00,PRINT,Printing Shop,3,2,3,3.38,2.68,22.39,6,14,True,True,11.05,synthetic
QL-000868,2026-02-08 14:45:00,LIBRARY,Library,4,4,4,4.28,3.68,16.3,6,14,True,True,15.78,synthetic
QL-000132,2026-02-08 15:15:00,CANTEEN,Canteen,2,1,2,2.78,2.87,20.91,6,15,True,False,5.02,synthetic
QL-001231,2026-02-08 15:15:00,BUS,Bus Stop,3,1,10,1.71,1.3,46.15,6,15,True,False,0.0,synthetic
QL-000470,2026-02-08 15:30:00,PRINT,Printing Shop,0,0,3,2.37,3.17,18.93,6,15,True,False,1.24,synthetic
QL-000239,2026-02-08 15:45:00,LAB,Computer Lab,3,2,3,3.43,3.34,17.96,6,15,True,False,11.21,synthetic
QL-001620,2026-02-08 15:45:00,PRINT,Printing Shop,3,3,3,2.16,2.89,20.76,6,15,True,False,7.65,synthetic
QL-001676,2026-02-08 16:00:00,LAB,Computer Lab,3,3,3,3.11,3.85,15.58,6,16,True,True,7.71,synthetic
QL-000816,2026-02-08 16:15:00,LAB,Computer Lab,7,4,5,2.97,3.13,19.17,6,16,True,True,21.85,synthetic
QL-000112,2026-02-08 16:30:00,ADMIN,Admin Office,1,1,2,4.96,5.07,11.83,6,16,True,True,4.44,synthetic
QL-001709,2026-02-08 16:45:00,BUS,Bus Stop,15,11,6,1.74,1.73,34.68,6,16,True,True,22.93,synthetic
QL-000576,2026-02-08 17:15:00,CANTEEN,Canteen,9,7,2,2.0,2.77,21.66,6,17,True,True,24.14,synthetic
QL-000076,2026-02-08 17:30:00,ADMIN,Admin Office,4,4,0,6.08,4.63,12.96,6,17,True,True,18.65,synthetic
QL-001415,2026-02-08 17:45:00,PRINT,Printing Shop,3,1,5,2.91,2.65,22.64,6,17,True,True,4.94,synthetic
QL-001727,2026-02-08 17:45:00,LIBRARY,Library,5,3,5,4.2,4.61,13.02,6,17,True,True,20.96,synthetic
QL-001307,2026-02-09 08:00:00,PRINT,Printing Shop,1,1,5,3.89,2.94,20.41,0,8,False,False,4.91,synthetic
QL-000515,2026-02-09 08:00:00,LAB,Computer Lab,7,6,3,2.52,3.9,15.38,0,8,False,False,28.35,synthetic
QL-001950,2026-02-09 08:00:00,BUS,Bus Stop,21,14,6,1.73,1.68,35.71,0,8,False,False,31.18,synthetic
QL-000205,2026-02-09 08:15:00,LIBRARY,Library,9,1,4,4.44,3.44,17.44,0,8,False,False,28.41,synthetic
QL-001591,2026-02-09 09:00:00,CANTEEN,Canteen,12,12,6,2.15,2.58,23.26,0,9,False,False,29.3,synthetic
QL-000387,2026-02-09 09:00:00,BUS,Bus Stop,27,22,10,1.27,1.38,43.48,0,9,False,False,35.27,synthetic
QL-000834,2026-02-09 09:30:00,ADMIN,Admin Office,8,2,3,4.11,4.28,14.02,0,9,False,False,36.58,synthetic
QL-000026,2026-02-09 09:45:00,BUS,Bus Stop,17,11,8,1.32,1.59,37.74,0,9,False,False,24.42,synthetic
QL-000484,2026-02-09 10:30:00,CANTEEN,Canteen,7,3,7,3.25,2.4,25.0,0,10,False,True,15.33,synthetic
QL-000507,2026-02-09 10:45:00,LAB,Computer Lab,8,3,3,4.32,3.88,15.46,0,10,False,True,29.44,synthetic
QL-000692,2026-02-09 10:45:00,BUS,Bus Stop,11,4,12,1.54,1.41,42.55,0,10,False,True,19.05,synthetic
QL-000707,2026-02-09 11:30:00,BUS,Bus Stop,11,10,10,1.06,1.57,38.22,0,11,False,True,19.42,synthetic
QL-001968,2026-02-09 12:00:00,BUS,Bus Stop,13,1,15,1.42,1.44,41.67,0,12,False,True,22.01,synthetic
QL-000229,2026-02-09 12:15:00,BUS,Bus Stop,14,3,14,1.61,1.31,45.8,0,12,False,True,22.43,synthetic
QL-000553,2026-02-09 12:30:00,PRINT,Printing Shop,8,3,5,3.03,3.18,18.87,0,12,False,True,29.38,synthetic
QL-001220,2026-02-09 12:45:00,CANTEEN,Canteen,24,6,6,1.77,2.27,26.43,0,12,False,True,58.83,synthetic
QL-000129,2026-02-09 13:30:00,LIBRARY,Library,4,1,2,4.33,3.52,17.05,0,13,False,True,13.32,synthetic
QL-001035,2026-02-09 13:30:00,LIBRARY,Library,4,1,4,5.49,4.01,14.96,0,13,False,True,14.97,synthetic
QL-000699,2026-02-09 13:45:00,PRINT,Printing Shop,5,2,6,3.17,3.2,18.75,0,13,False,True,20.98,synthetic
QL-000089,2026-02-09 14:00:00,PRINT,Printing Shop,7,6,5,2.05,2.81,21.35,0,14,False,True,25.87,synthetic
QL-000770,2026-02-09 14:00:00,CANTEEN,Canteen,33,25,5,3.39,2.55,23.53,0,14,False,True,93.14,synthetic
QL-000256,2026-02-09 14:15:00,LAB,Computer Lab,14,6,4,3.87,3.53,17.0,0,14,False,True,55.2,synthetic
QL-001942,2026-02-09 15:00:00,PRINT,Printing Shop,10,10,4,2.82,3.56,16.85,0,15,False,False,37.17,synthetic
QL-000450,2026-02-09 15:15:00,PRINT,Printing Shop,9,2,5,3.02,2.81,21.35,0,15,False,False,23.11,synthetic
QL-001955,2026-02-09 15:30:00,BUS,Bus Stop,14,5,7,1.33,1.65,36.36,0,15,False,False,22.2,synthetic
QL-001515,2026-02-09 16:15:00,LIBRARY,Library,13,7,3,4.25,4.2,14.29,0,16,False,True,57.49,synthetic
QL-001739,2026-02-09 16:15:00,ADMIN,Admin Office,5,1,3,5.82,4.66,12.88,0,16,False,True,20.21,synthetic
QL-000176,2026-02-09 17:00:00,LIBRARY,Library,13,6,2,3.88,4.1,14.63,0,17,False,True,59.75,synthetic
QL-000349,2026-02-09 17:15:00,ADMIN,Admin Office,4,1,2,4.59,4.95,12.12,0,17,False,True,24.91,synthetic
QL-000042,2026-02-09 17:30:00,ADMIN,Admin Office,3,3,4,4.99,4.88,12.3,0,17,False,True,17.0,synthetic
QL-001083,2026-02-09 17:30:00,LIBRARY,Library,10,2,2,3.9,3.87,15.5,0,17,False,True,44.96,synthetic
QL-000321,2026-02-09 17:45:00,CANTEEN,Canteen,13,2,5,2.65,2.14,28.04,0,17,False,True,35.48,synthetic
QL-001112,2026-02-10 08:00:00,BUS,Bus Stop,42,31,9,1.05,1.38,43.48,1,8,False,False,60.46,synthetic
QL-001082,2026-02-10 08:30:00,ADMIN,Admin Office,1,1,3,5.7,5.17,11.61,1,8,False,False,9.65,synthetic
QL-000328,2026-02-10 09:00:00,LIBRARY,Library,7,5,5,4.77,4.36,13.76,1,9,False,False,31.03,synthetic
QL-000001,2026-02-10 09:00:00,BUS,Bus Stop,23,18,7,1.71,1.48,40.54,1,9,False,False,29.91,synthetic
QL-000518,2026-02-10 09:15:00,LAB,Computer Lab,10,4,5,3.5,3.27,18.35,1,9,False,False,27.81,synthetic
QL-000961,2026-02-10 09:15:00,BUS,Bus Stop,12,3,9,1.8,1.39,43.17,1,9,False,False,13.48,synthetic
QL-001139,2026-02-10 09:45:00,LAB,Computer Lab,6,3,5,4.07,3.28,18.29,1,9,False,False,15.8,synthetic
QL-000595,2026-02-10 09:45:00,BUS,Bus Stop,23,20,11,1.57,1.39,43.17,1,9,False,False,32.39,synthetic
QL-001450,2026-02-10 09:45:00,ADMIN,Admin Office,7,3,2,4.04,4.72,12.71,1,9,False,False,36.39,synthetic
QL-001122,2026-02-10 10:00:00,LAB,Computer Lab,9,6,5,4.07,3.63,16.53,1,10,False,True,38.16,synthetic
QL-000885,2026-02-10 10:15:00,CANTEEN,Canteen,10,7,4,2.6,3.07,19.54,1,10,False,True,27.69,synthetic
QL-000672,2026-02-10 11:00:00,ADMIN,Admin Office,8,7,3,6.47,5.25,11.43,1,11,False,True,45.8,synthetic
QL-000059,2026-02-10 11:00:00,BUS,Bus Stop,12,10,9,0.92,1.44,41.67,1,11,False,True,21.81,synthetic
QL-001241,2026-02-10 12:15:00,LIBRARY,Library,3,2,2,3.43,3.61,16.62,1,12,False,True,14.56,synthetic
QL-001951,2026-02-10 12:45:00,BUS,Bus Stop,12,4,6,1.93,1.68,35.71,1,12,False,True,23.25,synthetic
QL-001512,2026-02-10 13:00:00,PRINT,Printing Shop,4,1,5,2.53,3.17,18.93,1,13,False,True,10.69,synthetic
QL-001447,2026-02-10 13:30:00,LAB,Computer Lab,7,5,5,3.54,2.85,21.05,1,13,False,True,18.07,synthetic
QL-000755,2026-02-10 13:30:00,LIBRARY,Library,8,6,4,4.37,3.93,15.27,1,13,False,True,33.97,synthetic
QL-000248,2026-02-10 13:45:00,LAB,Computer Lab,7,2,5,3.72,3.27,18.35,1,13,False,True,29.17,synthetic
QL-001239,2026-02-10 14:00:00,LIBRARY,Library,10,7,3,3.93,4.17,14.39,1,14,False,True,50.22,synthetic
QL-000955,2026-02-10 14:15:00,ADMIN,Admin Office,7,7,3,4.32,4.79,12.53,1,14,False,True,31.64,synthetic
QL-000620,2026-02-10 15:00:00,PRINT,Printing Shop,5,1,4,2.94,3.1,19.35,1,15,False,False,11.96,synthetic
QL-001005,2026-02-10 15:15:00,ADMIN,Admin Office,5,3,3,3.14,5.5,10.91,1,15,False,False,27.54,synthetic
QL-001861,2026-02-10 15:30:00,PRINT,Printing Shop,5,2,2,3.43,3.35,17.91,1,15,False,False,21.01,synthetic
QL-001621,2026-02-10 16:45:00,CANTEEN,Canteen,17,2,3,1.42,2.61,22.99,1,16,False,True,44.61,synthetic
QL-001077,2026-02-10 17:15:00,BUS,Bus Stop,21,8,7,1.8,1.8,33.33,1,17,False,True,46.4,synthetic
QL-000501,2026-02-11 08:00:00,ADMIN,Admin Office,0,0,2,5.55,5.27,11.39,2,8,False,False,0.38,synthetic
QL-000222,2026-02-11 08:00:00,ADMIN,Admin Office,2,1,3,5.87,5.06,11.86,2,8,False,False,5.95,synthetic
QL-000056,2026-02-11 08:00:00,LIBRARY,Library,7,6,4,4.15,4.12,14.56,2,8,False,False,24.98,synthetic
QL-000657,2026-02-11 08:15:00,LIBRARY,Library,6,5,2,4.19,4.08,14.71,2,8,False,False,21.24,synthetic
QL-000921,2026-02-11 08:30:00,CANTEEN,Canteen,12,9,5,3.36,2.91,20.62,2,8,False,False,31.52,synthetic
QL-001283,2026-02-11 08:45:00,ADMIN,Admin Office,4,2,3,5.68,5.29,11.34,2,8,False,False,19.52,synthetic
QL-001237,2026-02-11 09:00:00,CANTEEN,Canteen,11,10,5,2.42,2.16,27.78,2,9,False,False,22.98,synthetic
QL-000593,2026-02-11 09:00:00,ADMIN,Admin Office,3,3,3,4.48,4.37,13.73,2,9,False,False,8.35,synthetic
QL-001595,2026-02-11 09:30:00,CANTEEN,Canteen,12,2,7,2.6,2.17,27.65,2,9,False,False,28.0,synthetic
QL-001737,2026-02-11 09:30:00,LAB,Computer Lab,7,7,5,2.45,3.57,16.81,2,9,False,False,25.66,synthetic
QL-000722,2026-02-11 09:45:00,PRINT,Printing Shop,4,2,5,2.97,2.88,20.83,2,9,False,False,10.02,synthetic
QL-000331,2026-02-11 10:00:00,LIBRARY,Library,9,5,6,5.45,3.64,16.48,2,10,False,True,34.8,synthetic
QL-001888,2026-02-11 10:15:00,CANTEEN,Canteen,9,7,7,2.4,2.55,23.53,2,10,False,True,20.32,synthetic
QL-000167,2026-02-11 10:15:00,LIBRARY,Library,7,5,3,2.93,3.39,17.7,2,10,False,True,21.75,synthetic
QL-000700,2026-02-11 10:15:00,ADMIN,Admin Office,9,8,3,3.35,4.79,12.53,2,10,False,True,43.24,synthetic
QL-000151,2026-02-11 10:45:00,BUS,Bus Stop,10,8,11,1.53,1.66,36.14,2,10,False,True,12.81,synthetic
QL-001268,2026-02-11 11:30:00,PRINT,Printing Shop,9,7,6,3.77,2.89,20.76,2,11,False,True,26.84,synthetic
QL-000159,2026-02-11 12:15:00,CANTEEN,Canteen,28,4,7,2.55,1.95,30.77,2,12,False,True,56.19,synthetic
QL-001092,2026-02-11 12:30:00,LIBRARY,Library,8,8,3,1.97,4.2,14.29,2,12,False,True,36.55,synthetic
QL-001182,2026-02-11 12:30:00,LAB,Computer Lab,12,8,4,4.06,3.22,18.63,2,12,False,True,39.12,synthetic
QL-000169,2026-02-11 12:45:00,LIBRARY,Library,8,1,4,2.86,3.95,15.19,2,12,False,True,30.76,synthetic
QL-001542,2026-02-11 13:00:00,CANTEEN,Canteen,29,27,5,2.79,2.48,24.19,2,13,False,True,73.25,synthetic
QL-000376,2026-02-11 13:15:00,BUS,Bus Stop,21,6,11,1.44,1.6,37.5,2,13,False,True,42.95,synthetic
QL-001614,2026-02-11 13:15:00,LAB,Computer Lab,9,5,6,2.81,3.15,19.05,2,13,False,True,30.25,synthetic
QL-001337,2026-02-11 13:45:00,LIBRARY,Library,5,5,3,5.35,4.32,13.89,2,13,False,True,25.47,synthetic
QL-001334,2026-02-11 14:00:00,PRINT,Printing Shop,0,0,5,3.29,3.25,18.46,2,14,False,True,0.61,synthetic
QL-000335,2026-02-11 15:30:00,PRINT,Printing Shop,10,10,3,2.66,2.97,20.2,2,15,False,False,32.86,synthetic
QL-001615,2026-02-11 15:45:00,LIBRARY,Library,12,6,3,4.68,4.0,15.0,2,15,False,False,45.61,synthetic
QL-001113,2026-02-11 16:00:00,CANTEEN,Canteen,11,3,4,3.0,2.41,24.9,2,16,False,True,32.13,synthetic
QL-001443,2026-02-11 16:30:00,BUS,Bus Stop,28,7,9,1.83,1.59,37.74,2,16,False,True,45.33,synthetic
QL-000773,2026-02-11 16:30:00,ADMIN,Admin Office,3,2,1,4.93,4.86,12.35,2,16,False,True,18.4,synthetic
QL-001472,2026-02-11 17:00:00,BUS,Bus Stop,29,24,9,1.19,1.49,40.27,2,17,False,True,54.3,synthetic
QL-001503,2026-02-11 17:15:00,CANTEEN,Canteen,10,1,6,2.43,2.51,23.9,2,17,False,True,27.97,synthetic
QL-001612,2026-02-11 17:15:00,CANTEEN,Canteen,13,10,5,2.77,2.21,27.15,2,17,False,True,28.23,synthetic
QL-001016,2026-02-11 17:45:00,CANTEEN,Canteen,17,15,6,2.24,2.83,21.2,2,17,False,True,52.68,synthetic
QL-001001,2026-02-12 08:00:00,PRINT,Printing Shop,7,7,3,3.94,3.08,19.48,3,8,False,False,22.17,synthetic
QL-000837,2026-02-12 09:00:00,ADMIN,Admin Office,4,4,2,4.99,5.4,11.11,3,9,False,False,24.26,synthetic
QL-001216,2026-02-12 09:00:00,BUS,Bus Stop,13,3,10,1.86,1.58,37.97,3,9,False,False,22.84,synthetic
QL-000855,2026-02-12 09:15:00,LAB,Computer Lab,7,1,4,3.43,3.21,18.69,3,9,False,False,18.76,synthetic
QL-001820,2026-02-12 09:15:00,ADMIN,Admin Office,5,4,3,6.31,4.59,13.07,3,9,False,False,20.24,synthetic
QL-001432,2026-02-12 09:30:00,CANTEEN,Canteen,5,1,6,2.86,2.66,22.56,3,9,False,False,11.64,synthetic
QL-000937,2026-02-12 09:30:00,ADMIN,Admin Office,1,1,2,5.24,5.1,11.76,3,9,False,False,7.42,synthetic
QL-000717,2026-02-12 10:00:00,BUS,Bus Stop,17,14,5,1.43,1.79,33.52,3,10,False,True,32.93,synthetic
QL-001440,2026-02-12 10:45:00,ADMIN,Admin Office,5,4,4,5.92,4.79,12.53,3,10,False,True,26.44,synthetic
QL-001726,2026-02-12 10:45:00,PRINT,Printing Shop,6,6,5,3.25,3.33,18.02,3,10,False,True,22.09,synthetic
QL-000075,2026-02-12 11:45:00,CANTEEN,Canteen,6,1,4,2.3,2.89,20.76,3,11,False,True,14.61,synthetic
QL-001657,2026-02-12 12:00:00,LAB,Computer Lab,17,17,5,3.07,3.55,16.9,3,12,False,True,69.8,synthetic
QL-001552,2026-02-12 12:00:00,LAB,Computer Lab,9,4,4,3.96,3.39,17.7,3,12,False,True,28.18,synthetic
QL-000394,2026-02-12 12:15:00,LAB,Computer Lab,7,3,3,2.98,3.71,16.17,3,12,False,True,25.12,synthetic
QL-001235,2026-02-12 12:30:00,CANTEEN,Canteen,34,15,7,2.56,2.17,27.65,3,12,False,True,83.4,synthetic
QL-001463,2026-02-12 13:30:00,ADMIN,Admin Office,3,1,4,4.88,4.78,12.55,3,13,False,True,19.72,synthetic
QL-000744,2026-02-12 13:30:00,LIBRARY,Library,4,1,3,4.27,4.61,13.02,3,13,False,True,20.51,synthetic
QL-000333,2026-02-12 13:30:00,PRINT,Printing Shop,4,3,5,2.37,2.88,20.83,3,13,False,True,16.29,synthetic
QL-000884,2026-02-12 14:15:00,ADMIN,Admin Office,4,2,1,3.25,4.82,12.45,3,14,False,True,18.36,synthetic
QL-000567,2026-02-12 14:30:00,LIBRARY,Library,9,8,3,2.35,3.57,16.81,3,14,False,True,34.8,synthetic
QL-000372,2026-02-12 14:30:00,ADMIN,Admin Office,6,6,2,3.86,5.28,11.36,3,14,False,True,29.34,synthetic
QL-000063,2026-02-12 14:30:00,CANTEEN,Canteen,19,9,6,2.52,2.27,26.43,3,14,False,True,47.27,synthetic
QL-000246,2026-02-12 14:45:00,CANTEEN,Canteen,23,1,7,1.47,2.25,26.67,3,14,False,True,57.59,synthetic
QL-000219,2026-02-12 15:00:00,CANTEEN,Canteen,7,5,5,2.4,2.9,20.69,3,15,False,False,25.07,synthetic
QL-001799,2026-02-12 15:15:00,CANTEEN,Canteen,13,11,5,2.32,2.81,21.35,3,15,False,False,38.84,synthetic
QL-001424,2026-02-12 15:30:00,LIBRARY,Library,15,7,4,5.38,4.33,13.86,3,15,False,False,62.15,synthetic
QL-000687,2026-02-12 15:45:00,BUS,Bus Stop,15,11,8,1.39,1.9,31.58,3,15,False,False,29.72,synthetic
QL-001437,2026-02-12 17:00:00,CANTEEN,Canteen,16,3,6,2.87,3.18,18.87,3,17,False,True,61.98,synthetic
QL-000367,2026-02-12 17:15:00,ADMIN,Admin Office,7,5,2,5.04,4.5,13.33,3,17,False,True,34.49,synthetic
QL-000660,2026-02-12 17:30:00,ADMIN,Admin Office,5,3,3,4.51,5.65,10.62,3,17,False,True,35.48,synthetic
QL-000044,2026-02-12 17:30:00,CANTEEN,Canteen,17,7,5,1.74,2.42,24.79,3,17,False,True,39.67,synthetic
QL-000695,2026-02-12 17:30:00,PRINT,Printing Shop,8,8,5,3.25,2.85,21.05,3,17,False,True,20.93,synthetic
QL-001883,2026-02-13 08:00:00,ADMIN,Admin Office,6,6,2,7.06,5.51,10.89,4,8,False,False,33.3,synthetic
QL-000558,2026-02-13 08:00:00,LAB,Computer Lab,4,3,6,2.17,2.79,21.51,4,8,False,False,9.51,synthetic
QL-001353,2026-02-13 08:45:00,LIBRARY,Library,7,5,5,4.03,4.08,14.71,4,8,False,False,30.51,synthetic
QL-000632,2026-02-13 09:15:00,PRINT,Printing Shop,7,7,5,2.93,2.69,22.3,4,9,False,False,23.68,synthetic
QL-000007,2026-02-13 09:15:00,LAB,Computer Lab,7,6,7,3.09,2.73,21.98,4,9,False,False,20.99,synthetic
QL-000097,2026-02-13 10:00:00,BUS,Bus Stop,10,3,12,1.29,1.32,45.45,4,10,False,True,9.82,synthetic
QL-000157,2026-02-13 10:00:00,LIBRARY,Library,11,4,4,3.02,3.81,15.75,4,10,False,True,48.57,synthetic
QL-001230,2026-02-13 10:15:00,ADMIN,Admin Office,8,5,4,5.63,4.67,12.85,4,10,False,True,42.38,synthetic
QL-000371,2026-02-13 10:15:00,LAB,Computer Lab,7,5,2,3.24,3.35,17.91,4,10,False,True,25.74,synthetic
QL-000842,2026-02-13 10:15:00,CANTEEN,Canteen,7,3,6,2.88,2.36,25.42,4,10,False,True,21.88,synthetic
QL-001806,2026-02-13 10:15:00,CANTEEN,Canteen,9,2,4,2.91,2.19,27.4,4,10,False,True,21.06,synthetic
QL-000821,2026-02-13 10:30:00,LIBRARY,Library,4,1,3,2.82,4.03,14.89,4,10,False,True,20.05,synthetic
QL-000560,2026-02-13 10:30:00,LAB,Computer Lab,12,9,4,3.51,3.83,15.67,4,10,False,True,45.97,synthetic
QL-000999,2026-02-13 10:45:00,BUS,Bus Stop,16,10,8,2.13,1.34,44.78,4,10,False,True,22.51,synthetic
QL-000272,2026-02-13 10:45:00,CANTEEN,Canteen,10,1,6,2.52,2.49,24.1,4,10,False,True,32.03,synthetic
QL-000357,2026-02-13 10:45:00,ADMIN,Admin Office,8,6,3,5.67,5.37,11.17,4,10,False,True,43.29,synthetic
QL-000849,2026-02-13 10:45:00,ADMIN,Admin Office,6,4,3,4.45,5.44,11.03,4,10,False,True,31.06,synthetic
QL-001893,2026-02-13 11:15:00,ADMIN,Admin Office,4,4,3,5.91,4.29,13.99,4,11,False,True,15.26,synthetic
QL-000493,2026-02-13 11:15:00,PRINT,Printing Shop,5,2,4,1.81,3.27,18.35,4,11,False,True,19.82,synthetic
QL-001531,2026-02-13 11:45:00,PRINT,Printing Shop,6,5,4,2.65,3.09,19.42,4,11,False,True,15.14,synthetic
QL-001576,2026-02-13 12:15:00,ADMIN,Admin Office,5,2,0,4.13,5.21,11.52,4,12,False,True,25.48,synthetic
QL-000184,2026-02-13 12:45:00,LIBRARY,Library,8,5,6,3.83,3.71,16.17,4,12,False,True,36.29,synthetic
QL-001142,2026-02-13 13:30:00,ADMIN,Admin Office,3,1,1,5.71,5.26,11.41,4,13,False,True,14.97,synthetic
QL-001157,2026-02-13 13:45:00,LIBRARY,Library,8,8,5,3.28,3.27,18.35,4,13,False,True,25.85,synthetic
QL-001006,2026-02-13 13:45:00,PRINT,Printing Shop,3,3,5,3.28,2.94,20.41,4,13,False,True,4.6,synthetic
QL-000909,2026-02-13 14:00:00,ADMIN,Admin Office,5,3,3,5.42,6.0,10.0,4,14,False,True,27.91,synthetic
QL-001390,2026-02-13 14:30:00,PRINT,Printing Shop,2,1,6,2.49,3.16,18.99,4,14,False,True,10.45,synthetic
QL-000259,2026-02-13 14:45:00,LIBRARY,Library,9,2,4,3.7,3.62,16.57,4,14,False,True,35.56,synthetic
QL-001003,2026-02-13 14:45:00,ADMIN,Admin Office,6,3,3,4.91,4.97,12.07,4,14,False,True,29.04,synthetic
QL-001584,2026-02-13 15:00:00,CANTEEN,Canteen,9,6,5,2.23,2.63,22.81,4,15,False,False,27.19,synthetic
QL-000268,2026-02-13 15:15:00,CANTEEN,Canteen,11,6,6,2.33,2.79,21.51,4,15,False,False,35.32,synthetic
QL-000469,2026-02-13 15:45:00,CANTEEN,Canteen,10,3,7,2.77,2.32,25.86,4,15,False,False,23.54,synthetic
QL-000405,2026-02-13 15:45:00,LIBRARY,Library,7,2,4,3.38,3.75,16.0,4,15,False,False,26.98,synthetic
QL-000237,2026-02-13 16:00:00,BUS,Bus Stop,16,3,11,1.61,1.38,43.48,4,16,False,True,28.54,synthetic
QL-000799,2026-02-13 16:15:00,ADMIN,Admin Office,3,3,1,3.2,5.27,11.39,4,16,False,True,18.46,synthetic
QL-001448,2026-02-13 16:30:00,LAB,Computer Lab,9,4,3,4.04,2.83,21.2,4,16,False,True,28.42,synthetic
QL-000038,2026-02-13 16:30:00,CANTEEN,Canteen,22,9,7,3.38,2.78,21.58,4,16,False,True,62.74,synthetic
QL-000644,2026-02-13 16:45:00,ADMIN,Admin Office,4,4,3,4.78,5.37,11.17,4,16,False,True,24.58,synthetic
QL-000134,2026-02-13 17:00:00,BUS,Bus Stop,24,10,10,1.41,1.69,35.5,4,17,False,True,43.23,synthetic
QL-001270,2026-02-14 08:00:00,LIBRARY,Library,5,5,3,3.78,3.27,18.35,5,8,True,False,11.53,synthetic
QL-001833,2026-02-14 08:30:00,PRINT,Printing Shop,4,4,6,3.13,2.72,22.06,5,8,True,False,7.15,synthetic
QL-000284,2026-02-14 08:30:00,CANTEEN,Canteen,6,2,5,2.01,2.48,24.19,5,8,True,False,13.26,synthetic
QL-001572,2026-02-14 08:45:00,ADMIN,Admin Office,2,1,2,6.02,5.05,11.88,5,8,True,False,7.44,synthetic
QL-001703,2026-02-14 09:00:00,BUS,Bus Stop,17,3,11,1.27,1.32,45.45,5,9,True,False,22.88,synthetic
QL-001376,2026-02-14 09:00:00,LIBRARY,Library,7,4,2,5.01,4.49,13.36,5,9,True,False,29.18,synthetic
QL-000757,2026-02-14 09:15:00,CANTEEN,Canteen,7,1,7,2.24,2.39,25.1,5,9,True,False,10.91,synthetic
QL-000662,2026-02-14 09:30:00,LAB,Computer Lab,2,1,3,3.99,4.2,14.29,5,9,True,False,6.48,synthetic
QL-000592,2026-02-14 09:45:00,ADMIN,Admin Office,2,1,2,6.28,5.81,10.33,5,9,True,False,6.99,synthetic
QL-000861,2026-02-14 10:15:00,CANTEEN,Canteen,4,3,5,2.21,2.26,26.55,5,10,True,True,9.72,synthetic
QL-000894,2026-02-14 10:30:00,CANTEEN,Canteen,6,4,5,2.45,2.66,22.56,5,10,True,True,15.82,synthetic
QL-001251,2026-02-14 11:15:00,CANTEEN,Canteen,9,6,6,2.4,2.22,27.03,5,11,True,True,15.84,synthetic
QL-001295,2026-02-14 11:45:00,LAB,Computer Lab,6,2,3,3.02,3.49,17.19,5,11,True,True,23.02,synthetic
QL-000265,2026-02-14 11:45:00,BUS,Bus Stop,7,5,10,1.57,1.51,39.74,5,11,True,True,7.45,synthetic
QL-000064,2026-02-14 12:00:00,LAB,Computer Lab,8,4,3,3.41,3.42,17.54,5,12,True,True,29.33,synthetic
QL-001466,2026-02-14 12:45:00,LIBRARY,Library,3,2,2,5.53,5.08,11.81,5,12,True,True,10.45,synthetic
QL-000800,2026-02-14 12:45:00,CANTEEN,Canteen,14,4,6,2.41,2.38,25.21,5,12,True,True,29.58,synthetic
QL-000266,2026-02-14 13:00:00,ADMIN,Admin Office,1,1,3,3.93,5.03,11.93,5,13,True,True,1.02,synthetic
QL-000104,2026-02-14 13:15:00,ADMIN,Admin Office,1,1,5,5.25,4.08,14.71,5,13,True,True,4.6,synthetic
QL-000535,2026-02-14 13:30:00,ADMIN,Admin Office,1,1,3,5.03,5.43,11.05,5,13,True,True,3.2,synthetic
QL-000260,2026-02-14 13:45:00,ADMIN,Admin Office,2,2,1,5.06,5.12,11.72,5,13,True,True,12.13,synthetic
QL-000754,2026-02-14 14:00:00,LIBRARY,Library,7,1,3,4.68,4.52,13.27,5,14,True,True,32.33,synthetic
QL-001343,2026-02-14 14:00:00,CANTEEN,Canteen,15,6,7,2.63,2.54,23.62,5,14,True,True,39.43,synthetic
QL-001689,2026-02-14 14:15:00,LIBRARY,Library,7,4,5,4.31,4.28,14.02,5,14,True,True,30.6,synthetic
QL-000949,2026-02-14 14:30:00,BUS,Bus Stop,6,1,4,1.03,1.81,33.15,5,14,True,True,6.7,synthetic
QL-000236,2026-02-14 15:15:00,PRINT,Printing Shop,2,1,5,3.78,2.88,20.83,5,15,True,False,6.04,synthetic
QL-000764,2026-02-14 15:30:00,LAB,Computer Lab,6,1,5,3.24,3.4,17.65,5,15,True,False,18.53,synthetic
QL-000848,2026-02-14 15:30:00,LIBRARY,Library,7,3,4,5.4,4.19,14.32,5,15,True,False,28.67,synthetic
QL-000185,2026-02-14 15:30:00,ADMIN,Admin Office,0,0,2,6.89,5.11,11.74,5,15,True,False,0.0,synthetic
QL-000924,2026-02-14 15:45:00,PRINT,Printing Shop,3,2,5,2.5,2.93,20.48,5,15,True,False,8.92,synthetic
QL-000465,2026-02-14 17:30:00,CANTEEN,Canteen,6,2,5,3.01,3.02,19.87,5,17,True,True,20.99,synthetic
QL-000305,2026-02-14 17:30:00,LIBRARY,Library,4,3,5,2.73,3.53,17.0,5,17,True,True,11.03,synthetic
QL-001990,2026-02-15 08:15:00,CANTEEN,Canteen,7,6,4,2.5,2.44,24.59,6,8,True,False,11.55,synthetic
QL-000417,2026-02-15 08:15:00,ADMIN,Admin Office,2,2,3,4.98,5.24,11.45,6,8,True,False,5.57,synthetic
QL-001771,2026-02-15 08:30:00,LIBRARY,Library,0,0,2,4.18,3.75,16.0,6,8,True,False,0.0,synthetic
QL-000562,2026-02-15 09:00:00,LAB,Computer Lab,6,2,3,4.25,3.87,15.5,6,9,True,False,24.99,synthetic
QL-001651,2026-02-15 09:30:00,LIBRARY,Library,8,5,4,4.29,3.27,18.35,6,9,True,False,25.13,synthetic
QL-001817,2026-02-15 10:15:00,BUS,Bus Stop,9,6,14,1.42,1.3,46.15,6,10,True,True,9.24,synthetic
QL-001900,2026-02-15 10:45:00,ADMIN,Admin Office,0,0,3,6.82,4.6,13.04,6,10,True,True,0.0,synthetic
QL-001314,2026-02-15 10:45:00,PRINT,Printing Shop,4,1,3,2.2,3.21,18.69,6,10,True,True,8.68,synthetic
QL-001189,2026-02-15 11:15:00,BUS,Bus Stop,6,4,11,1.25,1.41,42.55,6,11,True,True,6.46,synthetic
QL-001638,2026-02-15 12:00:00,LIBRARY,Library,4,4,6,4.05,3.43,17.49,6,12,True,True,14.49,synthetic
QL-000566,2026-02-15 12:00:00,CANTEEN,Canteen,19,16,7,2.79,2.5,24.0,6,12,True,True,46.23,synthetic
QL-000334,2026-02-15 12:15:00,LIBRARY,Library,2,2,3,3.94,4.74,12.66,6,12,True,True,11.43,synthetic
QL-001728,2026-02-15 12:30:00,PRINT,Printing Shop,5,3,5,2.86,2.57,23.35,6,12,True,True,12.71,synthetic
QL-000966,2026-02-15 12:45:00,CANTEEN,Canteen,9,8,8,2.07,2.33,25.75,6,12,True,True,20.22,synthetic
QL-001356,2026-02-15 12:45:00,LIBRARY,Library,4,2,5,3.83,3.89,15.42,6,12,True,True,18.75,synthetic
QL-000524,2026-02-15 13:00:00,PRINT,Printing Shop,0,0,6,3.36,3.03,19.8,6,13,True,True,4.25,synthetic
QL-000970,2026-02-15 13:15:00,ADMIN,Admin Office,0,0,3,4.64,5.02,11.95,6,13,True,True,0.0,synthetic
QL-000748,2026-02-15 13:15:00,CANTEEN,Canteen,17,16,5,1.86,2.56,23.44,6,13,True,True,45.67,synthetic
QL-001363,2026-02-15 13:45:00,CANTEEN,Canteen,11,9,9,3.35,2.09,28.71,6,13,True,True,24.28,synthetic
QL-000364,2026-02-15 13:45:00,CANTEEN,Canteen,19,10,5,2.92,2.73,21.98,6,13,True,True,48.99,synthetic
QL-001646,2026-02-15 14:30:00,ADMIN,Admin Office,4,2,2,5.09,5.33,11.26,6,14,True,True,22.21,synthetic
QL-001992,2026-02-15 14:45:00,LIBRARY,Library,4,1,3,3.39,4.49,13.36,6,14,True,True,13.99,synthetic
QL-000817,2026-02-15 15:15:00,LIBRARY,Library,6,3,2,3.96,4.42,13.57,6,15,True,False,24.92,synthetic
QL-000797,2026-02-15 15:15:00,ADMIN,Admin Office,4,1,3,3.27,5.05,11.88,6,15,True,False,14.64,synthetic
QL-001170,2026-02-15 15:30:00,LIBRARY,Library,6,4,4,2.77,4.2,14.29,6,15,True,False,19.88,synthetic
QL-001698,2026-02-15 15:30:00,LAB,Computer Lab,5,5,3,2.75,4.02,14.93,6,15,True,False,21.28,synthetic
QL-001747,2026-02-15 15:45:00,CANTEEN,Canteen,5,5,5,2.21,2.33,25.75,6,15,True,False,9.05,synthetic
QL-000606,2026-02-15 16:30:00,LIBRARY,Library,10,3,2,3.74,3.79,15.83,6,16,True,True,34.79,synthetic
QL-001779,2026-02-15 17:15:00,ADMIN,Admin Office,0,0,2,5.25,5.18,11.58,6,17,True,True,0.34,synthetic
QL-000749,2026-02-15 17:15:00,CANTEEN,Canteen,10,10,8,3.37,2.1,28.57,6,17,True,True,19.48,synthetic
QL-000734,2026-02-15 17:45:00,CANTEEN,Canteen,10,1,6,1.86,2.44,24.59,6,17,True,True,20.76,synthetic
QL-001730,2026-02-16 08:00:00,BUS,Bus Stop,12,1,8,1.9,1.62,37.04,0,8,False,False,19.03,synthetic
QL-000455,2026-02-16 08:00:00,PRINT,Printing Shop,3,3,5,3.06,2.94,20.41,0,8,False,False,6.0,synthetic
QL-001373,2026-02-16 08:30:00,LAB,Computer Lab,9,3,5,4.07,3.68,16.3,0,8,False,False,28.52,synthetic
QL-000568,2026-02-16 09:15:00,CANTEEN,Canteen,7,5,5,3.01,2.52,23.81,0,9,False,False,21.99,synthetic
QL-001879,2026-02-16 09:15:00,BUS,Bus Stop,12,4,9,1.36,1.69,35.5,0,9,False,False,22.32,synthetic
QL-001856,2026-02-16 09:45:00,ADMIN,Admin Office,1,1,3,6.38,4.51,13.3,0,9,False,False,5.61,synthetic
QL-001243,2026-02-16 09:45:00,PRINT,Printing Shop,2,2,4,2.41,3.01,19.93,0,9,False,False,4.53,synthetic
QL-001636,2026-02-16 09:45:00,ADMIN,Admin Office,4,3,3,4.84,5.04,11.9,0,9,False,False,20.47,synthetic
QL-000892,2026-02-16 10:00:00,LIBRARY,Library,10,9,5,4.94,3.99,15.04,0,10,False,True,50.88,synthetic
QL-001768,2026-02-16 10:00:00,PRINT,Printing Shop,9,8,5,2.6,3.28,18.29,0,10,False,True,35.51,synthetic
QL-000462,2026-02-16 10:00:00,LAB,Computer Lab,15,11,5,2.55,3.54,16.95,0,10,False,True,65.39,synthetic
QL-001876,2026-02-16 10:15:00,LAB,Computer Lab,11,7,2,3.76,4.27,14.05,0,10,False,True,47.03,synthetic
QL-001257,2026-02-16 10:15:00,LIBRARY,Library,13,1,3,3.83,4.76,12.61,0,10,False,True,69.68,synthetic
QL-001854,2026-02-16 10:15:00,LIBRARY,Library,15,3,3,5.9,3.79,15.83,0,10,False,True,56.33,synthetic
QL-000243,2026-02-16 10:30:00,PRINT,Printing Shop,5,1,5,3.88,2.72,22.06,0,10,False,True,14.54,synthetic
QL-001523,2026-02-16 10:45:00,LAB,Computer Lab,12,11,4,3.28,3.46,17.34,0,10,False,True,49.32,synthetic
QL-000407,2026-02-16 12:00:00,LIBRARY,Library,1,1,3,4.79,4.16,14.42,0,12,False,True,5.84,synthetic
QL-001789,2026-02-16 12:00:00,BUS,Bus Stop,8,6,11,1.23,1.49,40.27,0,12,False,True,17.05,synthetic
QL-001254,2026-02-16 12:30:00,BUS,Bus Stop,15,3,13,1.57,1.27,47.24,0,12,False,True,25.62,synthetic
QL-001790,2026-02-16 12:45:00,LIBRARY,Library,9,4,4,3.24,3.81,15.75,0,12,False,True,34.14,synthetic
QL-001224,2026-02-16 13:15:00,LAB,Computer Lab,9,4,3,2.84,3.6,16.67,0,13,False,True,39.48,synthetic
QL-001484,2026-02-16 13:30:00,BUS,Bus Stop,25,13,10,1.85,1.37,43.8,0,13,False,True,32.6,synthetic
QL-001628,2026-02-16 13:45:00,LIBRARY,Library,7,5,3,5.06,3.99,15.04,0,13,False,True,27.04,synthetic
QL-000156,2026-02-16 13:45:00,PRINT,Printing Shop,2,2,4,2.18,3.42,17.54,0,13,False,True,6.19,synthetic
QL-000308,2026-02-16 13:45:00,CANTEEN,Canteen,24,4,5,2.88,2.68,22.39,0,13,False,True,70.17,synthetic
QL-001319,2026-02-16 13:45:00,PRINT,Printing Shop,4,3,6,2.31,2.49,24.1,0,13,False,True,11.72,synthetic
QL-001088,2026-02-16 14:00:00,CANTEEN,Canteen,24,19,5,1.88,2.6,23.08,0,14,False,True,69.86,synthetic
QL-000615,2026-02-16 14:45:00,LIBRARY,Library,13,9,4,3.07,4.21,14.25,0,14,False,True,62.97,synthetic
QL-001127,2026-02-16 14:45:00,LIBRARY,Library,11,5,5,4.77,3.68,16.3,0,14,False,True,41.01,synthetic
QL-001284,2026-02-16 15:00:00,ADMIN,Admin Office,6,2,3,5.32,4.37,13.73,0,15,False,False,26.69,synthetic
QL-001809,2026-02-16 15:15:00,PRINT,Printing Shop,9,4,4,3.42,2.58,23.26,0,15,False,False,27.32,synthetic
QL-001773,2026-02-16 15:15:00,CANTEEN,Canteen,12,11,5,2.71,2.27,26.43,0,15,False,False,31.51,synthetic
QL-000610,2026-02-16 15:30:00,BUS,Bus Stop,14,2,9,1.72,1.72,34.88,0,15,False,False,22.16,synthetic
QL-001141,2026-02-16 15:45:00,CANTEEN,Canteen,9,1,4,2.53,2.69,22.3,0,15,False,False,28.1,synthetic
QL-000517,2026-02-16 15:45:00,LIBRARY,Library,12,2,4,3.61,3.93,15.27,0,15,False,False,42.4,synthetic
QL-001292,2026-02-16 16:15:00,LIBRARY,Library,11,11,5,4.51,4.28,14.02,0,16,False,True,54.23,synthetic
QL-000526,2026-02-16 16:30:00,PRINT,Printing Shop,11,11,2,3.95,3.31,18.13,0,16,False,True,44.25,synthetic
QL-000703,2026-02-16 16:30:00,CANTEEN,Canteen,10,8,5,2.55,2.21,27.15,0,16,False,True,20.51,synthetic
QL-000048,2026-02-16 16:45:00,LAB,Computer Lab,11,4,3,3.64,3.75,16.0,0,16,False,True,48.12,synthetic
QL-000195,2026-02-16 17:00:00,PRINT,Printing Shop,6,3,4,2.24,3.14,19.11,0,17,False,True,17.27,synthetic
QL-001770,2026-02-16 17:30:00,LAB,Computer Lab,7,1,5,2.43,2.96,20.27,0,17,False,True,21.52,synthetic
QL-000362,2026-02-17 08:00:00,ADMIN,Admin Office,1,1,2,5.67,5.22,11.49,1,8,False,False,9.12,synthetic
QL-001607,2026-02-17 08:00:00,LAB,Computer Lab,8,8,5,4.05,3.8,15.79,1,8,False,False,28.85,synthetic
QL-001435,2026-02-17 08:15:00,LAB,Computer Lab,4,2,2,4.15,4.07,14.74,1,8,False,False,21.2,synthetic
QL-000190,2026-02-17 08:15:00,ADMIN,Admin Office,4,4,0,4.58,6.5,9.23,1,8,False,False,28.88,synthetic
QL-001776,2026-02-17 08:15:00,CANTEEN,Canteen,5,2,8,1.47,2.43,24.69,1,8,False,False,9.34,synthetic
QL-001735,2026-02-17 08:30:00,LIBRARY,Library,10,3,5,3.48,3.31,18.13,1,8,False,False,30.1,synthetic
QL-001115,2026-02-17 08:30:00,BUS,Bus Stop,27,19,6,1.29,1.42,42.25,1,8,False,False,40.56,synthetic
QL-001535,2026-02-17 08:30:00,BUS,Bus Stop,34,28,14,1.57,1.53,39.22,1,8,False,False,51.37,synthetic
QL-000096,2026-02-17 08:45:00,PRINT,Printing Shop,5,2,4,2.57,3.07,19.54,1,8,False,False,16.56,synthetic
QL-000872,2026-02-17 08:45:00,BUS,Bus Stop,18,17,8,1.44,1.72,34.88,1,8,False,False,32.8,synthetic
QL-000502,2026-02-17 08:45:00,LAB,Computer Lab,8,5,5,1.71,3.64,16.48,1,8,False,False,31.86,synthetic
QL-000651,2026-02-17 09:00:00,LAB,Computer Lab,7,2,3,3.72,3.63,16.53,1,9,False,False,23.88,synthetic
QL-000286,2026-02-17 09:00:00,LAB,Computer Lab,10,7,4,4.46,3.9,15.38,1,9,False,False,40.62,synthetic
QL-000984,2026-02-17 09:15:00,CANTEEN,Canteen,11,8,5,2.3,2.86,20.98,1,9,False,False,29.98,synthetic
QL-001087,2026-02-17 09:45:00,BUS,Bus Stop,15,2,6,1.82,1.71,35.09,1,9,False,False,21.39,synthetic
QL-000109,2026-02-17 09:45:00,ADMIN,Admin Office,4,1,3,3.82,5.46,10.99,1,9,False,False,24.11,synthetic
QL-000385,2026-02-17 10:00:00,ADMIN,Admin Office,7,3,3,4.73,5.28,11.36,1,10,False,True,41.58,synthetic
QL-000918,2026-02-17 10:00:00,BUS,Bus Stop,11,6,8,1.22,1.88,31.91,1,10,False,True,17.2,synthetic
QL-000276,2026-02-17 10:00:00,CANTEEN,Canteen,8,5,7,1.75,2.82,21.28,1,10,False,True,20.44,synthetic
QL-001538,2026-02-17 11:00:00,LIBRARY,Library,10,7,4,3.39,3.93,15.27,1,11,False,True,42.08,synthetic
QL-000936,2026-02-17 11:00:00,LIBRARY,Library,11,2,4,3.47,4.22,14.22,1,11,False,True,49.65,synthetic
QL-000820,2026-02-17 11:15:00,ADMIN,Admin Office,10,3,2,5.39,4.49,13.36,1,11,False,True,46.58,synthetic
QL-000245,2026-02-17 11:15:00,LAB,Computer Lab,14,7,3,4.26,3.75,16.0,1,11,False,True,57.49,synthetic
QL-001175,2026-02-17 11:30:00,BUS,Bus Stop,16,9,8,1.59,1.67,35.93,1,11,False,True,30.07,synthetic
QL-001549,2026-02-17 11:30:00,LAB,Computer Lab,16,12,4,3.11,3.25,18.46,1,11,False,True,60.98,synthetic
QL-000416,2026-02-17 11:45:00,BUS,Bus Stop,13,13,11,1.46,1.24,48.39,1,11,False,True,18.62,synthetic
QL-001347,2026-02-17 12:15:00,LAB,Computer Lab,13,10,4,2.9,3.96,15.15,1,12,False,True,62.82,synthetic
QL-000944,2026-02-17 13:00:00,LIBRARY,Library,10,7,4,2.87,3.65,16.44,1,13,False,True,38.3,synthetic
QL-000426,2026-02-17 13:00:00,LAB,Computer Lab,10,5,6,3.17,3.05,19.67,1,13,False,True,30.73,synthetic
QL-001371,2026-02-17 13:15:00,LAB,Computer Lab,8,8,6,3.48,3.28,18.29,1,13,False,True,25.54,synthetic
QL-001609,2026-02-17 13:30:00,ADMIN,Admin Office,4,2,2,5.44,4.88,12.3,1,13,False,True,22.8,synthetic
QL-000077,2026-02-17 13:30:00,CANTEEN,Canteen,38,2,4,3.19,2.67,22.47,1,13,False,True,118.94,synthetic
QL-001064,2026-02-17 13:45:00,ADMIN,Admin Office,1,1,4,3.8,4.23,14.18,1,13,False,True,7.37,synthetic
QL-001364,2026-02-17 14:00:00,LIBRARY,Library,9,4,1,3.32,4.43,13.54,1,14,False,True,47.89,synthetic
QL-000098,2026-02-17 14:15:00,LIBRARY,Library,13,5,3,4.74,4.48,13.39,1,14,False,True,66.2,synthetic
QL-000280,2026-02-17 14:15:00,PRINT,Printing Shop,5,5,7,4.33,2.76,21.74,1,14,False,True,13.78,synthetic
QL-000798,2026-02-17 14:15:00,CANTEEN,Canteen,24,6,7,2.43,2.46,24.39,1,14,False,True,59.21,synthetic
QL-000395,2026-02-17 14:30:00,PRINT,Printing Shop,7,3,3,3.73,3.24,18.52,1,14,False,True,27.94,synthetic
QL-001156,2026-02-17 14:45:00,PRINT,Printing Shop,5,3,4,2.38,2.79,21.51,1,14,False,True,17.03,synthetic
QL-001545,2026-02-17 15:00:00,LAB,Computer Lab,11,10,5,4.33,3.27,18.35,1,15,False,False,33.45,synthetic
QL-001932,2026-02-17 15:45:00,BUS,Bus Stop,10,2,7,1.62,1.57,38.22,1,15,False,False,20.57,synthetic
QL-001176,2026-02-17 16:00:00,CANTEEN,Canteen,10,3,8,2.7,2.51,23.9,1,16,False,True,30.1,synthetic
QL-000030,2026-02-17 16:15:00,PRINT,Printing Shop,8,5,6,3.4,2.75,21.82,1,16,False,True,23.71,synthetic
QL-000449,2026-02-17 16:30:00,ADMIN,Admin Office,5,4,3,5.35,5.16,11.63,1,16,False,True,29.06,synthetic
QL-000750,2026-02-17 17:15:00,CANTEEN,Canteen,9,4,6,2.06,2.91,20.62,1,17,False,True,33.69,synthetic
QL-000677,2026-02-17 17:30:00,CANTEEN,Canteen,16,12,7,2.6,2.41,24.9,1,17,False,True,49.79,synthetic
QL-001399,2026-02-17 17:30:00,ADMIN,Admin Office,5,5,3,5.53,4.69,12.79,1,17,False,True,21.46,synthetic
QL-000458,2026-02-18 08:00:00,PRINT,Printing Shop,3,1,4,2.26,3.04,19.74,2,8,False,False,7.29,synthetic
QL-000905,2026-02-18 08:15:00,LIBRARY,Library,7,7,2,3.37,4.5,13.33,2,8,False,False,36.16,synthetic
QL-000247,2026-02-18 09:00:00,LAB,Computer Lab,8,8,4,4.07,3.24,18.52,2,9,False,False,26.2,synthetic
QL-000442,2026-02-18 09:00:00,PRINT,Printing Shop,4,2,4,2.83,3.27,18.35,2,9,False,False,10.55,synthetic
QL-001642,2026-02-18 09:45:00,LIBRARY,Library,9,6,3,4.11,4.18,14.35,2,9,False,False,37.1,synthetic
QL-001370,2026-02-18 09:45:00,PRINT,Printing Shop,4,1,3,2.93,2.92,20.55,2,9,False,False,11.23,synthetic
QL-000091,2026-02-18 09:45:00,LIBRARY,Library,7,3,3,2.38,4.68,12.82,2,9,False,False,31.34,synthetic
QL-000993,2026-02-18 10:00:00,CANTEEN,Canteen,8,5,7,3.27,2.11,28.44,2,10,False,True,19.91,synthetic
QL-001067,2026-02-18 10:15:00,CANTEEN,Canteen,11,9,5,1.75,2.67,22.47,2,10,False,True,30.9,synthetic
QL-000067,2026-02-18 10:15:00,LIBRARY,Library,9,5,3,3.36,3.43,17.49,2,10,False,True,40.43,synthetic
QL-000143,2026-02-18 10:30:00,ADMIN,Admin Office,8,4,4,4.68,3.88,15.46,2,10,False,True,38.94,synthetic
QL-001206,2026-02-18 11:00:00,ADMIN,Admin Office,7,2,2,4.06,5.52,10.87,2,11,False,True,49.14,synthetic
QL-000310,2026-02-18 11:15:00,ADMIN,Admin Office,10,2,3,5.86,4.88,12.3,2,11,False,True,47.53,synthetic
QL-001021,2026-02-18 11:15:00,CANTEEN,Canteen,11,7,4,2.32,2.83,21.2,2,11,False,True,37.34,synthetic
QL-000073,2026-02-18 11:15:00,PRINT,Printing Shop,6,1,5,2.7,3.05,19.67,2,11,False,True,19.45,synthetic
QL-001696,2026-02-18 11:30:00,PRINT,Printing Shop,5,4,4,3.76,3.09,19.42,2,11,False,True,14.49,synthetic
QL-001168,2026-02-18 11:30:00,PRINT,Printing Shop,6,5,3,3.62,3.11,19.29,2,11,False,True,17.29,synthetic
QL-001402,2026-02-18 12:15:00,BUS,Bus Stop,6,4,10,1.53,1.37,43.8,2,12,False,True,9.03,synthetic
QL-001233,2026-02-18 12:15:00,LAB,Computer Lab,20,12,3,4.97,3.12,19.23,2,12,False,True,67.89,synthetic
QL-000942,2026-02-18 12:15:00,LIBRARY,Library,5,2,4,4.68,3.4,17.65,2,12,False,True,23.68,synthetic
QL-001960,2026-02-18 13:00:00,BUS,Bus Stop,18,15,14,2.06,1.38,43.48,2,13,False,True,23.3,synthetic
QL-000948,2026-02-18 13:00:00,LIBRARY,Library,5,4,3,4.2,3.77,15.92,2,13,False,True,20.04,synthetic
QL-001335,2026-02-18 13:00:00,PRINT,Printing Shop,3,3,4,3.11,2.81,21.35,2,13,False,True,5.4,synthetic
QL-000424,2026-02-18 13:45:00,BUS,Bus Stop,12,2,9,1.6,1.57,38.22,2,13,False,True,19.94,synthetic
QL-000514,2026-02-18 14:00:00,PRINT,Printing Shop,3,2,4,3.06,3.17,18.93,2,14,False,True,10.92,synthetic
QL-001560,2026-02-18 14:15:00,LAB,Computer Lab,13,8,2,3.61,3.67,16.35,2,14,False,True,56.58,synthetic
QL-000883,2026-02-18 14:15:00,LAB,Computer Lab,15,14,5,4.19,3.5,17.14,2,14,False,True,56.16,synthetic
QL-001228,2026-02-18 14:15:00,LIBRARY,Library,9,4,2,4.06,5.08,11.81,2,14,False,True,47.58,synthetic
QL-000055,2026-02-18 14:30:00,CANTEEN,Canteen,14,4,5,2.65,3.08,19.48,2,14,False,True,50.34,synthetic
QL-001148,2026-02-18 14:30:00,BUS,Bus Stop,16,13,10,1.32,1.45,41.38,2,14,False,True,30.51,synthetic
QL-000052,2026-02-18 14:45:00,LAB,Computer Lab,12,4,4,2.62,3.3,18.18,2,14,False,True,41.01,synthetic
QL-000733,2026-02-18 15:00:00,CANTEEN,Canteen,8,4,5,1.98,2.69,22.3,2,15,False,False,18.97,synthetic
QL-001181,2026-02-18 15:00:00,PRINT,Printing Shop,8,8,5,2.19,2.81,21.35,2,15,False,False,22.62,synthetic
QL-001495,2026-02-18 15:15:00,CANTEEN,Canteen,9,4,6,1.1,2.17,27.65,2,15,False,False,16.25,synthetic
QL-000533,2026-02-18 15:15:00,CANTEEN,Canteen,12,11,7,1.46,2.23,26.91,2,15,False,False,28.2,synthetic
QL-000254,2026-02-18 15:15:00,ADMIN,Admin Office,8,1,2,6.13,5.0,12.0,2,15,False,False,39.5,synthetic
QL-000794,2026-02-18 16:00:00,PRINT,Printing Shop,9,8,4,3.13,3.03,19.8,2,16,False,True,25.61,synthetic
QL-000784,2026-02-18 16:30:00,PRINT,Printing Shop,6,3,4,2.6,3.16,18.99,2,16,False,True,22.19,synthetic
QL-001882,2026-02-18 17:00:00,LAB,Computer Lab,6,3,4,4.29,3.78,15.87,2,17,False,True,28.55,synthetic
QL-001958,2026-02-18 17:15:00,LAB,Computer Lab,7,7,4,3.94,3.86,15.54,2,17,False,True,24.71,synthetic
QL-001213,2026-02-18 17:15:00,LIBRARY,Library,13,2,4,4.44,4.07,14.74,2,17,False,True,53.82,synthetic
QL-001672,2026-02-18 17:15:00,LIBRARY,Library,10,1,5,3.63,4.15,14.46,2,17,False,True,45.83,synthetic
QL-001839,2026-02-18 17:15:00,BUS,Bus Stop,31,19,9,1.42,1.39,43.17,2,17,False,True,53.36,synthetic
QL-001544,2026-02-18 17:45:00,LAB,Computer Lab,6,5,3,3.2,3.56,16.85,2,17,False,True,25.65,synthetic
QL-000747,2026-02-19 08:00:00,ADMIN,Admin Office,3,2,2,5.48,5.82,10.31,3,8,False,False,19.27,synthetic
QL-000716,2026-02-19 08:00:00,CANTEEN,Canteen,8,7,4,2.93,2.54,23.62,3,8,False,False,22.91,synthetic
QL-001753,2026-02-19 08:15:00,BUS,Bus Stop,26,2,11,1.41,1.49,40.27,3,8,False,False,42.52,synthetic
QL-001716,2026-02-19 08:45:00,ADMIN,Admin Office,4,3,2,4.96,5.17,11.61,3,8,False,False,25.2,synthetic
QL-000508,2026-02-19 08:45:00,PRINT,Printing Shop,3,1,6,3.96,2.6,23.08,3,8,False,False,11.79,synthetic
QL-000428,2026-02-19 09:00:00,CANTEEN,Canteen,8,1,5,1.84,2.18,27.52,3,9,False,False,20.92,synthetic
QL-001575,2026-02-19 10:00:00,LAB,Computer Lab,14,1,3,4.19,4.08,14.71,3,10,False,True,63.66,synthetic
QL-001778,2026-02-19 10:00:00,ADMIN,Admin Office,6,6,3,5.27,4.99,12.02,3,10,False,True,36.72,synthetic
QL-001558,2026-02-19 10:15:00,LAB,Computer Lab,16,12,4,3.19,3.42,17.54,3,10,False,True,55.97,synthetic
QL-000917,2026-02-19 10:30:00,ADMIN,Admin Office,9,4,2,6.54,6.09,9.85,3,10,False,True,55.68,synthetic
QL-000419,2026-02-19 10:45:00,ADMIN,Admin Office,11,4,2,5.13,5.55,10.81,3,10,False,True,62.59,synthetic
QL-001417,2026-02-19 10:45:00,LAB,Computer Lab,13,4,3,2.37,3.32,18.07,3,10,False,True,45.13,synthetic
QL-000292,2026-02-19 11:15:00,LIBRARY,Library,10,10,3,3.31,3.61,16.62,3,11,False,True,42.2,synthetic
QL-001061,2026-02-19 11:15:00,ADMIN,Admin Office,8,8,4,5.05,4.95,12.12,3,11,False,True,44.66,synthetic
QL-000277,2026-02-19 12:00:00,CANTEEN,Canteen,21,19,6,2.96,2.31,25.97,3,12,False,True,54.74,synthetic
QL-000643,2026-02-19 12:15:00,ADMIN,Admin Office,5,5,4,5.37,4.35,13.79,3,12,False,True,26.23,synthetic
QL-000779,2026-02-19 12:15:00,BUS,Bus Stop,10,9,6,1.4,1.65,36.36,3,12,False,True,21.67,synthetic
QL-000570,2026-02-19 12:15:00,LIBRARY,Library,2,2,3,3.3,3.82,15.71,3,12,False,True,12.92,synthetic
QL-000282,2026-02-19 12:30:00,CANTEEN,Canteen,24,10,7,2.48,2.6,23.08,3,12,False,True,69.61,synthetic
QL-001873,2026-02-19 13:15:00,BUS,Bus Stop,14,7,8,1.57,1.47,40.82,3,13,False,True,23.48,synthetic
QL-000666,2026-02-19 14:00:00,PRINT,Printing Shop,7,4,4,2.17,3.32,18.07,3,14,False,True,29.8,synthetic
QL-001186,2026-02-19 14:15:00,LIBRARY,Library,9,7,2,3.7,5.09,11.79,3,14,False,True,52.35,synthetic
QL-000411,2026-02-19 14:30:00,LAB,Computer Lab,15,7,2,2.06,3.74,16.04,3,14,False,True,57.56,synthetic
QL-001104,2026-02-19 14:30:00,LAB,Computer Lab,13,10,6,2.57,3.39,17.7,3,14,False,True,50.21,synthetic
QL-001191,2026-02-19 14:45:00,LIBRARY,Library,10,6,4,5.07,3.87,15.5,3,14,False,True,39.63,synthetic
QL-000438,2026-02-19 15:00:00,ADMIN,Admin Office,3,3,1,4.27,5.97,10.05,3,15,False,False,20.99,synthetic
QL-000497,2026-02-19 15:15:00,LAB,Computer Lab,14,7,3,2.85,3.37,17.8,3,15,False,False,47.09,synthetic
QL-001666,2026-02-19 15:45:00,LIBRARY,Library,10,5,3,4.23,3.67,16.35,3,15,False,False,40.05,synthetic
QL-000534,2026-02-19 15:45:00,LIBRARY,Library,12,6,3,3.86,4.25,14.12,3,15,False,False,49.92,synthetic
QL-001610,2026-02-19 15:45:00,BUS,Bus Stop,7,2,12,1.34,1.35,44.44,3,15,False,False,11.63,synthetic
QL-000951,2026-02-19 15:45:00,CANTEEN,Canteen,10,8,6,3.03,2.96,20.27,3,15,False,False,28.73,synthetic
QL-001729,2026-02-19 16:15:00,CANTEEN,Canteen,16,1,4,2.27,2.63,22.81,3,16,False,True,46.47,synthetic
QL-001715,2026-02-19 16:15:00,LIBRARY,Library,10,2,3,4.75,4.35,13.79,3,16,False,True,41.56,synthetic
QL-001055,2026-02-19 16:30:00,LIBRARY,Library,8,2,3,4.73,3.87,15.5,3,16,False,True,40.69,synthetic
QL-000049,2026-02-19 16:45:00,BUS,Bus Stop,26,11,8,1.82,1.48,40.54,3,16,False,True,40.49,synthetic
QL-001658,2026-02-19 17:45:00,LIBRARY,Library,12,9,3,3.8,3.92,15.31,3,17,False,True,52.2,synthetic
QL-001294,2026-02-19 17:45:00,CANTEEN,Canteen,16,14,4,2.93,2.78,21.58,3,17,False,True,45.18,synthetic
QL-001536,2026-02-20 08:00:00,CANTEEN,Canteen,9,4,3,1.97,2.84,21.13,4,8,False,False,29.31,synthetic
QL-000065,2026-02-20 08:00:00,PRINT,Printing Shop,5,4,6,3.91,2.86,20.98,4,8,False,False,14.83,synthetic
QL-000573,2026-02-20 08:45:00,CANTEEN,Canteen,10,9,7,3.21,1.91,31.41,4,8,False,False,15.59,synthetic
QL-000810,2026-02-20 08:45:00,BUS,Bus Stop,27,11,12,1.04,1.53,39.22,4,8,False,False,38.73,synthetic
QL-000829,2026-02-20 08:45:00,LAB,Computer Lab,2,2,5,3.27,3.46,17.34,4,8,False,False,7.96,synthetic
QL-001166,2026-02-20 09:00:00,LIBRARY,Library,12,12,3,2.9,3.38,17.75,4,9,False,False,37.25,synthetic
QL-000906,2026-02-20 09:30:00,BUS,Bus Stop,26,6,5,1.58,1.52,39.47,4,9,False,False,37.59,synthetic
QL-001264,2026-02-20 09:30:00,PRINT,Printing Shop,7,1,4,3.57,2.85,21.05,4,9,False,False,19.93,synthetic
QL-000932,2026-02-20 09:45:00,CANTEEN,Canteen,8,6,6,2.59,2.47,24.29,4,9,False,False,18.29,synthetic
QL-001396,2026-02-20 09:45:00,LIBRARY,Library,13,10,3,4.29,4.18,14.35,4,9,False,False,56.54,synthetic
QL-000036,2026-02-20 09:45:00,CANTEEN,Canteen,11,5,4,2.22,2.61,22.99,4,9,False,False,31.92,synthetic
QL-000506,2026-02-20 10:00:00,CANTEEN,Canteen,12,7,7,2.86,2.3,26.09,4,10,False,True,34.27,synthetic
QL-000969,2026-02-20 10:30:00,LIBRARY,Library,13,2,5,4.52,3.52,17.05,4,10,False,True,45.71,synthetic
QL-000373,2026-02-20 10:30:00,BUS,Bus Stop,11,9,8,2.07,1.45,41.38,4,10,False,True,12.75,synthetic
QL-000596,2026-02-20 11:00:00,LAB,Computer Lab,15,11,4,2.72,4.29,13.99,4,11,False,True,66.46,synthetic
QL-000152,2026-02-20 11:00:00,PRINT,Printing Shop,9,5,4,2.71,3.37,17.8,4,11,False,True,28.64,synthetic
QL-001313,2026-02-20 11:15:00,CANTEEN,Canteen,9,4,5,2.02,2.38,25.21,4,11,False,True,25.84,synthetic
QL-000715,2026-02-20 11:15:00,ADMIN,Admin Office,5,3,4,5.53,4.05,14.81,4,11,False,True,27.01,synthetic
QL-001940,2026-02-20 12:15:00,ADMIN,Admin Office,3,3,3,5.05,4.51,13.3,4,12,False,True,10.23,synthetic
QL-001441,2026-02-20 12:30:00,LIBRARY,Library,7,5,4,4.45,4.09,14.67,4,12,False,True,34.48,synthetic
QL-000516,2026-02-20 12:45:00,LAB,Computer Lab,13,3,4,3.06,3.06,19.61,4,12,False,True,45.0,synthetic
QL-000710,2026-02-20 13:00:00,LAB,Computer Lab,7,6,3,3.9,3.35,17.91,4,13,False,True,20.56,synthetic
QL-001853,2026-02-20 13:00:00,LIBRARY,Library,8,6,3,4.87,4.39,13.67,4,13,False,True,35.93,synthetic
QL-001392,2026-02-20 13:15:00,BUS,Bus Stop,19,19,13,1.23,1.31,45.8,4,13,False,True,26.54,synthetic
QL-001619,2026-02-20 13:45:00,BUS,Bus Stop,20,2,10,0.92,1.41,42.55,4,13,False,True,28.58,synthetic
QL-000241,2026-02-20 14:00:00,CANTEEN,Canteen,28,23,4,2.71,2.49,24.1,4,14,False,True,77.14,synthetic
QL-000221,2026-02-20 14:00:00,PRINT,Printing Shop,7,3,6,2.83,3.02,19.87,4,14,False,True,26.08,synthetic
QL-001787,2026-02-20 14:15:00,BUS,Bus Stop,14,3,8,1.86,1.46,41.1,4,14,False,True,18.12,synthetic
QL-000085,2026-02-20 14:30:00,LAB,Computer Lab,12,10,2,3.55,3.4,17.65,4,14,False,True,50.32,synthetic
QL-001843,2026-02-20 14:30:00,PRINT,Printing Shop,2,1,4,3.14,3.1,19.35,4,14,False,True,1.41,synthetic
QL-000457,2026-02-20 15:15:00,PRINT,Printing Shop,8,6,5,2.55,2.54,23.62,4,15,False,False,24.63,synthetic
QL-001725,2026-02-20 15:30:00,PRINT,Printing Shop,2,2,5,2.89,3.26,18.4,4,15,False,False,8.58,synthetic
QL-001641,2026-02-20 16:00:00,CANTEEN,Canteen,16,8,4,3.37,2.48,24.19,4,16,False,True,38.89,synthetic
QL-000261,2026-02-20 16:45:00,LIBRARY,Library,16,10,4,3.7,3.65,16.44,4,16,False,True,62.9,synthetic
QL-000761,2026-02-21 08:00:00,LIBRARY,Library,3,2,2,4.79,4.65,12.9,5,8,True,False,13.37,synthetic
QL-001449,2026-02-21 08:45:00,BUS,Bus Stop,11,5,8,1.37,1.67,35.93,5,8,True,False,14.87,synthetic
QL-000831,2026-02-21 09:00:00,ADMIN,Admin Office,3,1,0,4.26,5.58,10.75,5,9,True,False,16.64,synthetic
QL-001015,2026-02-21 09:45:00,ADMIN,Admin Office,2,2,3,4.48,4.95,12.12,5,9,True,False,4.41,synthetic
QL-000035,2026-02-21 10:45:00,CANTEEN,Canteen,7,6,4,3.53,2.55,23.53,5,10,True,True,21.31,synthetic
QL-001210,2026-02-21 11:30:00,PRINT,Printing Shop,1,1,5,2.25,2.84,21.13,5,11,True,True,5.16,synthetic
QL-000661,2026-02-21 11:45:00,LIBRARY,Library,6,3,3,4.39,4.42,13.57,5,11,True,True,28.75,synthetic
QL-000434,2026-02-21 11:45:00,ADMIN,Admin Office,5,1,1,6.69,4.96,12.1,5,11,True,True,22.53,synthetic
QL-001430,2026-02-21 12:00:00,LIBRARY,Library,0,0,6,3.48,4.19,14.32,5,12,True,True,0.0,synthetic
QL-001998,2026-02-21 12:15:00,CANTEEN,Canteen,16,12,5,2.86,2.52,23.81,5,12,True,True,36.93,synthetic
QL-000623,2026-02-21 12:30:00,BUS,Bus Stop,6,2,10,1.23,1.36,44.12,5,12,True,True,3.22,synthetic
QL-001793,2026-02-21 12:30:00,LIBRARY,Library,3,2,4,4.46,3.69,16.26,5,12,True,True,10.4,synthetic
QL-001601,2026-02-21 12:30:00,BUS,Bus Stop,7,2,14,1.93,1.54,38.96,5,12,True,True,13.12,synthetic
QL-001743,2026-02-21 12:45:00,LIBRARY,Library,2,2,3,3.82,4.7,12.77,5,12,True,True,11.16,synthetic
QL-001831,2026-02-21 12:45:00,CANTEEN,Canteen,14,7,7,2.48,2.22,27.03,5,12,True,True,29.81,synthetic
QL-000124,2026-02-21 13:00:00,ADMIN,Admin Office,2,2,2,4.78,6.12,9.8,5,13,True,True,13.26,synthetic
QL-001706,2026-02-21 13:15:00,BUS,Bus Stop,9,5,11,1.4,1.33,45.11,5,13,True,True,16.42,synthetic
QL-001130,2026-02-21 13:45:00,ADMIN,Admin Office,2,2,4,5.04,5.62,10.68,5,13,True,True,9.31,synthetic
QL-001907,2026-02-21 14:00:00,PRINT,Printing Shop,3,2,4,2.93,3.06,19.61,5,14,True,True,5.44,synthetic
QL-000978,2026-02-21 14:30:00,BUS,Bus Stop,11,3,10,1.64,1.42,42.25,5,14,True,True,19.57,synthetic
QL-001984,2026-02-21 14:45:00,BUS,Bus Stop,9,8,10,1.9,1.35,44.44,5,14,True,True,13.5,synthetic
QL-001244,2026-02-21 15:30:00,LIBRARY,Library,8,5,4,3.82,4.4,13.64,5,15,True,False,34.14,synthetic
QL-000297,2026-02-21 16:00:00,ADMIN,Admin Office,3,3,3,4.08,4.45,13.48,5,16,True,True,12.64,synthetic
QL-000163,2026-02-21 16:15:00,LAB,Computer Lab,8,8,5,3.33,3.05,19.67,5,16,True,True,25.91,synthetic
QL-001333,2026-02-21 16:30:00,LIBRARY,Library,7,3,3,3.19,4.02,14.93,5,16,True,True,23.19,synthetic
QL-001461,2026-02-21 16:45:00,LIBRARY,Library,8,2,4,4.97,3.47,17.29,5,16,True,True,34.14,synthetic
QL-000678,2026-02-21 17:00:00,CANTEEN,Canteen,8,6,7,3.2,2.42,24.79,5,17,True,True,15.26,synthetic
QL-001866,2026-02-21 17:00:00,BUS,Bus Stop,25,16,10,1.09,1.76,34.09,5,17,True,True,40.32,synthetic
QL-000381,2026-02-22 08:00:00,BUS,Bus Stop,12,4,7,1.68,1.29,46.51,6,8,True,False,18.43,synthetic
QL-001791,2026-02-22 08:15:00,CANTEEN,Canteen,9,7,4,2.95,2.68,22.39,6,8,True,False,18.39,synthetic
QL-000976,2026-02-22 08:15:00,CANTEEN,Canteen,9,2,5,2.46,2.47,24.29,6,8,True,False,18.0,synthetic
QL-000179,2026-02-22 08:30:00,PRINT,Printing Shop,0,0,4,1.51,2.54,23.62,6,8,True,False,2.07,synthetic
QL-001712,2026-02-22 09:00:00,LIBRARY,Library,6,4,3,5.66,4.61,13.02,6,9,True,False,24.22,synthetic
QL-001505,2026-02-22 10:00:00,ADMIN,Admin Office,0,0,4,5.11,5.56,10.79,6,10,True,True,1.82,synthetic
QL-000408,2026-02-22 10:30:00,LIBRARY,Library,5,2,4,3.28,3.49,17.19,6,10,True,True,14.7,synthetic
QL-000155,2026-02-22 10:30:00,PRINT,Printing Shop,5,4,6,3.32,2.91,20.62,6,10,True,True,10.98,synthetic
QL-000792,2026-02-22 10:45:00,LIBRARY,Library,7,6,4,5.0,3.64,16.48,6,10,True,True,21.97,synthetic
QL-001510,2026-02-22 10:45:00,PRINT,Printing Shop,0,0,5,3.07,3.17,18.93,6,10,True,True,2.69,synthetic
QL-000898,2026-02-22 11:00:00,CANTEEN,Canteen,4,3,5,1.93,2.72,22.06,6,11,True,True,13.02,synthetic
QL-000511,2026-02-22 11:00:00,LIBRARY,Library,7,6,3,4.93,4.76,12.61,6,11,True,True,33.44,synthetic
QL-001819,2026-02-22 11:00:00,ADMIN,Admin Office,3,1,2,4.37,4.6,13.04,6,11,True,True,14.13,synthetic
QL-001438,2026-02-22 11:15:00,ADMIN,Admin Office,5,5,3,3.96,4.95,12.12,6,11,True,True,19.65,synthetic
QL-000826,2026-02-22 11:15:00,LIBRARY,Library,7,7,2,4.18,4.02,14.93,6,11,True,True,27.64,synthetic
QL-001741,2026-02-22 11:30:00,LIBRARY,Library,5,4,1,4.14,4.72,12.71,6,11,True,True,18.04,synthetic
QL-001748,2026-02-22 12:00:00,BUS,Bus Stop,7,4,10,1.51,1.57,38.22,6,12,True,True,15.91,synthetic
QL-000663,2026-02-22 12:00:00,BUS,Bus Stop,9,1,6,1.42,1.62,37.04,6,12,True,True,16.27,synthetic
QL-001618,2026-02-22 13:15:00,LAB,Computer Lab,9,1,4,2.99,3.32,18.07,6,13,True,True,31.93,synthetic
QL-000325,2026-02-22 13:30:00,BUS,Bus Stop,7,7,10,1.72,1.54,38.96,6,13,True,True,9.76,synthetic
QL-000952,2026-02-22 14:00:00,PRINT,Printing Shop,3,2,6,2.3,2.95,20.34,6,14,True,True,12.32,synthetic
QL-001362,2026-02-22 14:00:00,LAB,Computer Lab,5,5,4,3.27,3.26,18.4,6,14,True,True,16.7,synthetic
QL-001520,2026-02-22 14:30:00,BUS,Bus Stop,8,1,6,1.68,1.5,40.0,6,14,True,True,9.23,synthetic
QL-000540,2026-02-22 14:30:00,ADMIN,Admin Office,2,1,3,4.72,5.06,11.86,6,14,True,True,12.68,synthetic
QL-001358,2026-02-22 15:15:00,PRINT,Printing Shop,4,3,5,2.51,2.84,21.13,6,15,True,False,9.47,synthetic
QL-000099,2026-02-22 15:30:00,BUS,Bus Stop,9,4,10,1.11,1.44,41.67,6,15,True,False,15.28,synthetic
QL-000113,2026-02-22 15:45:00,ADMIN,Admin Office,2,1,3,4.14,4.85,12.37,6,15,True,False,10.38,synthetic
QL-000187,2026-02-22 16:30:00,LAB,Computer Lab,7,2,3,3.14,3.15,19.05,6,16,True,True,17.47,synthetic
QL-001013,2026-02-22 17:45:00,BUS,Bus Stop,12,12,9,1.29,1.44,41.67,6,17,True,True,18.59,synthetic
QL-000022,2026-02-23 08:00:00,LIBRARY,Library,8,1,4,4.8,4.09,14.67,0,8,False,False,29.37,synthetic
QL-001094,2026-02-23 10:00:00,PRINT,Printing Shop,6,2,4,2.25,3.16,18.99,0,10,False,True,24.3,synthetic
QL-000802,2026-02-23 10:15:00,CANTEEN,Canteen,8,4,7,2.62,2.35,25.53,0,10,False,True,22.92,synthetic
QL-000464,2026-02-23 10:15:00,CANTEEN,Canteen,10,7,6,3.05,2.76,21.74,0,10,False,True,32.17,synthetic
QL-000327,2026-02-23 11:00:00,LIBRARY,Library,10,6,4,4.05,3.83,15.67,0,11,False,True,45.71,synthetic
QL-001962,2026-02-23 12:00:00,LIBRARY,Library,6,1,4,4.51,3.51,17.09,0,12,False,True,22.62,synthetic
QL-001444,2026-02-23 12:45:00,LIBRARY,Library,7,7,2,3.18,4.68,12.82,0,12,False,True,32.96,synthetic
QL-001945,2026-02-23 13:15:00,LIBRARY,Library,6,2,3,3.86,3.99,15.04,0,13,False,True,28.37,synthetic
QL-000290,2026-02-23 13:15:00,CANTEEN,Canteen,21,10,6,1.22,2.44,24.59,0,13,False,True,56.12,synthetic
QL-000691,2026-02-23 13:15:00,ADMIN,Admin Office,2,1,4,5.33,4.92,12.2,0,13,False,True,14.03,synthetic
QL-000145,2026-02-23 13:15:00,LIBRARY,Library,11,8,4,4.43,3.26,18.4,0,13,False,True,37.13,synthetic
QL-001020,2026-02-23 14:00:00,CANTEEN,Canteen,34,32,7,2.65,2.54,23.62,0,14,False,True,99.56,synthetic
QL-000702,2026-02-23 14:00:00,PRINT,Printing Shop,7,7,2,3.04,2.81,21.35,0,14,False,True,21.74,synthetic
QL-000908,2026-02-23 14:15:00,CANTEEN,Canteen,26,21,6,2.44,2.37,25.32,0,14,False,True,67.95,synthetic
QL-001556,2026-02-23 14:15:00,CANTEEN,Canteen,28,27,5,2.66,2.14,28.04,0,14,False,True,66.94,synthetic
QL-000617,2026-02-23 14:30:00,LAB,Computer Lab,6,4,5,3.58,3.35,17.91,0,14,False,True,22.69,synthetic
QL-001108,2026-02-23 14:45:00,ADMIN,Admin Office,4,3,4,4.29,5.78,10.38,0,14,False,True,22.62,synthetic
QL-000051,2026-02-23 14:45:00,LAB,Computer Lab,13,8,3,3.45,3.84,15.62,0,14,False,True,48.81,synthetic
QL-001751,2026-02-23 15:00:00,ADMIN,Admin Office,4,3,3,3.15,4.38,13.7,0,15,False,False,19.6,synthetic
QL-000061,2026-02-23 15:15:00,ADMIN,Admin Office,6,5,2,6.09,4.6,13.04,0,15,False,False,30.35,synthetic
QL-001821,2026-02-23 15:30:00,ADMIN,Admin Office,8,6,2,5.63,5.04,11.9,0,15,False,False,37.83,synthetic
QL-001071,2026-02-23 15:30:00,CANTEEN,Canteen,8,8,6,1.4,2.88,20.83,0,15,False,False,20.67,synthetic
QL-000555,2026-02-23 15:45:00,ADMIN,Admin Office,5,3,2,6.07,4.78,12.55,0,15,False,False,19.44,synthetic
QL-001355,2026-02-23 15:45:00,LIBRARY,Library,14,13,3,3.82,4.14,14.49,0,15,False,False,61.72,synthetic
QL-000763,2026-02-23 16:00:00,ADMIN,Admin Office,2,1,2,7.28,4.79,12.53,0,16,False,True,8.93,synthetic
QL-001040,2026-02-23 16:15:00,PRINT,Printing Shop,8,3,7,2.59,2.62,22.9,0,16,False,True,17.52,synthetic
QL-000370,2026-02-23 16:30:00,BUS,Bus Stop,25,23,11,1.12,1.52,39.47,0,16,False,True,38.94,synthetic
QL-001145,2026-02-23 16:45:00,CANTEEN,Canteen,18,4,7,2.72,2.91,20.62,0,16,False,True,58.78,synthetic
QL-001267,2026-02-23 17:00:00,LAB,Computer Lab,10,9,3,4.05,3.88,15.46,0,17,False,True,43.92,synthetic
QL-000741,2026-02-23 17:30:00,BUS,Bus Stop,26,20,8,1.5,1.66,36.14,0,17,False,True,45.47,synthetic
QL-001488,2026-02-23 17:30:00,CANTEEN,Canteen,11,6,4,2.98,2.67,22.47,0,17,False,True,31.46,synthetic
QL-001994,2026-02-23 17:45:00,BUS,Bus Stop,25,11,8,1.41,1.77,33.9,0,17,False,True,48.54,synthetic
QL-000658,2026-02-24 08:45:00,CANTEEN,Canteen,15,2,7,2.86,2.42,24.79,1,8,False,False,40.31,synthetic
QL-001155,2026-02-24 09:00:00,ADMIN,Admin Office,5,2,2,8.05,4.72,12.71,1,9,False,False,26.27,synthetic
QL-001401,2026-02-24 09:45:00,BUS,Bus Stop,20,13,6,1.56,1.72,34.88,1,9,False,False,29.63,synthetic
QL-001675,2026-02-24 09:45:00,BUS,Bus Stop,10,3,6,1.57,1.5,40.0,1,9,False,False,17.0,synthetic
QL-000263,2026-02-24 10:45:00,ADMIN,Admin Office,12,3,4,5.01,5.23,11.47,1,10,False,True,71.92,synthetic
QL-001161,2026-02-24 10:45:00,PRINT,Printing Shop,7,2,6,2.56,2.53,23.72,1,10,False,True,17.2,synthetic
QL-001226,2026-02-24 11:30:00,CANTEEN,Canteen,15,7,9,2.19,2.35,25.53,1,11,False,True,42.98,synthetic
QL-001171,2026-02-24 11:30:00,LIBRARY,Library,8,7,2,3.69,3.88,15.46,1,11,False,True,35.12,synthetic
QL-001604,2026-02-24 11:45:00,ADMIN,Admin Office,10,7,2,3.95,4.92,12.2,1,11,False,True,48.01,synthetic
QL-000270,2026-02-24 12:15:00,LAB,Computer Lab,10,4,5,3.22,3.11,19.29,1,12,False,True,32.95,synthetic
QL-001898,2026-02-24 12:15:00,CANTEEN,Canteen,19,15,7,2.11,2.26,26.55,1,12,False,True,52.75,synthetic
QL-001240,2026-02-24 12:30:00,BUS,Bus Stop,7,1,12,2.17,1.5,40.0,1,12,False,True,9.79,synthetic
QL-000549,2026-02-24 12:45:00,LAB,Computer Lab,17,3,4,4.19,3.84,15.62,1,12,False,True,74.1,synthetic
QL-001507,2026-02-24 13:00:00,CANTEEN,Canteen,26,26,4,1.63,2.56,23.44,1,13,False,True,72.81,synthetic
QL-001577,2026-02-24 13:00:00,LAB,Computer Lab,7,6,3,3.03,3.7,16.22,1,13,False,True,30.08,synthetic
QL-001052,2026-02-24 13:00:00,LAB,Computer Lab,8,2,4,3.84,3.33,18.02,1,13,False,True,25.99,synthetic
QL-001259,2026-02-24 13:15:00,CANTEEN,Canteen,23,3,6,2.79,2.33,25.75,1,13,False,True,54.98,synthetic
QL-000635,2026-02-24 14:15:00,CANTEEN,Canteen,33,1,5,1.95,2.72,22.06,1,14,False,True,104.14,synthetic
QL-000223,2026-02-24 14:30:00,LAB,Computer Lab,21,8,2,3.23,4.12,14.56,1,14,False,True,95.08,synthetic
QL-001811,2026-02-24 15:15:00,PRINT,Printing Shop,8,1,6,3.43,2.68,22.39,1,15,False,False,21.14,synthetic
QL-001109,2026-02-24 15:30:00,BUS,Bus Stop,8,4,5,1.69,1.74,34.48,1,15,False,False,12.74,synthetic
QL-000397,2026-02-24 16:00:00,LAB,Computer Lab,7,3,4,2.93,3.52,17.05,1,16,False,True,28.83,synthetic
QL-000435,2026-02-24 16:30:00,ADMIN,Admin Office,4,2,2,6.22,4.54,13.22,1,16,False,True,15.57,synthetic
QL-001029,2026-02-24 16:30:00,ADMIN,Admin Office,3,2,1,4.15,5.51,10.89,1,16,False,True,19.02,synthetic
QL-000389,2026-02-24 16:30:00,BUS,Bus Stop,32,24,7,1.85,1.73,34.68,1,16,False,True,63.0,synthetic
QL-001987,2026-02-24 17:15:00,CANTEEN,Canteen,13,13,8,2.56,2.16,27.78,1,17,False,True,32.13,synthetic
QL-001279,2026-02-24 17:30:00,CANTEEN,Canteen,15,2,5,2.0,2.63,22.81,1,17,False,True,43.99,synthetic
QL-001042,2026-02-24 17:45:00,ADMIN,Admin Office,5,4,3,5.12,4.67,12.85,1,17,False,True,22.07,synthetic
QL-000020,2026-02-25 08:00:00,CANTEEN,Canteen,8,4,5,2.76,2.62,22.9,2,8,False,False,21.32,synthetic
QL-000353,2026-02-25 08:30:00,PRINT,Printing Shop,5,1,4,2.51,2.99,20.07,2,8,False,False,10.05,synthetic
QL-000886,2026-02-25 08:45:00,ADMIN,Admin Office,0,0,2,4.76,5.35,11.21,2,8,False,False,0.0,synthetic
QL-001027,2026-02-25 09:00:00,LIBRARY,Library,10,10,4,3.34,4.21,14.25,2,9,False,False,42.51,synthetic
QL-001928,2026-02-25 09:15:00,LIBRARY,Library,11,1,3,3.14,3.8,15.79,2,9,False,False,41.93,synthetic
QL-000477,2026-02-25 09:15:00,BUS,Bus Stop,19,13,8,1.17,1.76,34.09,2,9,False,False,28.98,synthetic
QL-001679,2026-02-25 09:30:00,PRINT,Printing Shop,0,0,4,2.12,3.03,19.8,2,9,False,False,0.0,synthetic
QL-000827,2026-02-25 10:00:00,PRINT,Printing Shop,8,4,4,3.16,3.07,19.54,2,10,False,True,27.19,synthetic
QL-001781,2026-02-25 10:15:00,CANTEEN,Canteen,10,9,9,2.46,2.51,23.9,2,10,False,True,29.92,synthetic
QL-000545,2026-02-25 10:15:00,CANTEEN,Canteen,10,7,4,2.54,2.45,24.49,2,10,False,True,31.11,synthetic
QL-001342,2026-02-25 10:30:00,PRINT,Printing Shop,5,3,6,3.55,2.72,22.06,2,10,False,True,15.1,synthetic
QL-001361,2026-02-25 10:30:00,LAB,Computer Lab,8,4,2,2.64,3.77,15.92,2,10,False,True,36.4,synthetic
QL-001072,2026-02-25 10:30:00,BUS,Bus Stop,8,4,6,0.81,1.58,37.97,2,10,False,True,16.15,synthetic
QL-000772,2026-02-25 10:45:00,LIBRARY,Library,9,3,2,2.61,4.14,14.49,2,10,False,True,42.02,synthetic
QL-001966,2026-02-25 11:00:00,LAB,Computer Lab,16,9,4,3.72,3.32,18.07,2,11,False,True,58.85,synthetic
QL-000037,2026-02-25 11:15:00,CANTEEN,Canteen,8,5,6,2.07,2.48,24.19,2,11,False,True,20.2,synthetic
QL-000264,2026-02-25 12:00:00,BUS,Bus Stop,11,1,8,1.6,1.39,43.17,2,12,False,True,15.4,synthetic
QL-000674,2026-02-25 12:30:00,BUS,Bus Stop,10,5,7,1.51,1.63,36.81,2,12,False,True,19.85,synthetic
QL-001977,2026-02-25 12:45:00,CANTEEN,Canteen,28,3,7,2.5,2.73,21.98,2,12,False,True,80.04,synthetic
QL-001851,2026-02-25 12:45:00,LAB,Computer Lab,13,11,3,3.4,3.55,16.9,2,12,False,True,55.65,synthetic
QL-001574,2026-02-25 13:00:00,PRINT,Printing Shop,2,1,5,2.84,3.19,18.81,2,13,False,True,9.6,synthetic
QL-000212,2026-02-25 13:30:00,CANTEEN,Canteen,25,25,4,2.82,2.48,24.19,2,13,False,True,66.38,synthetic
QL-000781,2026-02-25 14:15:00,LIBRARY,Library,10,9,5,3.46,4.05,14.81,2,14,False,True,48.34,synthetic
QL-000070,2026-02-25 15:00:00,CANTEEN,Canteen,9,3,5,2.61,2.44,24.59,2,15,False,False,25.07,synthetic
QL-001051,2026-02-25 15:30:00,CANTEEN,Canteen,8,5,3,2.38,3.24,18.52,2,15,False,False,21.08,synthetic
QL-001775,2026-02-25 16:00:00,CANTEEN,Canteen,6,2,7,3.09,2.28,26.32,2,16,False,True,17.53,synthetic
QL-000390,2026-02-25 16:15:00,CANTEEN,Canteen,19,3,7,2.67,2.25,26.67,2,16,False,True,45.89,synthetic
QL-001926,2026-02-25 16:30:00,CANTEEN,Canteen,18,15,6,1.66,2.74,21.9,2,16,False,True,49.97,synthetic
QL-000900,2026-02-25 17:00:00,BUS,Bus Stop,26,21,7,1.21,1.33,45.11,2,17,False,True,38.14,synthetic
QL-001943,2026-02-25 17:15:00,CANTEEN,Canteen,10,7,6,2.72,2.4,25.0,2,17,False,True,31.31,synthetic
QL-001598,2026-02-25 17:45:00,ADMIN,Admin Office,2,2,2,4.8,5.18,11.58,2,17,False,True,12.01,synthetic
QL-001297,2026-02-26 08:00:00,CANTEEN,Canteen,10,2,5,2.53,2.55,23.53,3,8,False,False,23.63,synthetic
QL-001914,2026-02-26 08:00:00,CANTEEN,Canteen,8,1,8,2.25,2.23,26.91,3,8,False,False,15.15,synthetic
QL-001031,2026-02-26 08:15:00,ADMIN,Admin Office,8,1,1,6.08,5.64,10.64,3,8,False,False,43.58,synthetic
QL-001485,2026-02-26 09:15:00,PRINT,Printing Shop,4,2,3,3.45,3.67,16.35,3,9,False,False,15.96,synthetic
QL-001504,2026-02-26 09:15:00,LAB,Computer Lab,6,3,4,3.29,3.24,18.52,3,9,False,False,19.93,synthetic
QL-001211,2026-02-26 09:15:00,CANTEEN,Canteen,7,3,4,2.51,2.11,28.44,3,9,False,False,15.99,synthetic
QL-001997,2026-02-26 09:30:00,CANTEEN,Canteen,8,3,7,1.96,2.37,25.32,3,9,False,False,21.55,synthetic
QL-000769,2026-02-26 09:30:00,LIBRARY,Library,9,9,2,4.56,4.21,14.25,3,9,False,False,42.66,synthetic
QL-001199,2026-02-26 10:30:00,CANTEEN,Canteen,11,7,7,3.09,2.08,28.85,3,10,False,True,29.19,synthetic
QL-001004,2026-02-26 13:15:00,BUS,Bus Stop,18,10,11,1.27,1.41,42.55,3,13,False,True,23.5,synthetic
QL-001660,2026-02-26 13:15:00,LAB,Computer Lab,13,9,6,3.3,2.93,20.48,3,13,False,True,39.38,synthetic
QL-001783,2026-02-26 13:45:00,ADMIN,Admin Office,0,0,2,5.41,5.38,11.15,3,13,False,True,2.29,synthetic
QL-001519,2026-02-26 14:15:00,PRINT,Printing Shop,4,3,5,1.86,2.87,20.91,3,14,False,True,8.3,synthetic
QL-000488,2026-02-26 14:15:00,ADMIN,Admin Office,2,1,2,4.92,5.47,10.97,3,14,False,True,8.59,synthetic
QL-000823,2026-02-26 14:30:00,BUS,Bus Stop,10,10,9,1.82,1.49,40.27,3,14,False,True,19.16,synthetic
QL-001301,2026-02-26 14:45:00,ADMIN,Admin Office,1,1,2,5.25,3.73,16.09,3,14,False,True,8.91,synthetic
QL-000584,2026-02-26 15:00:00,CANTEEN,Canteen,9,8,7,1.36,2.7,22.22,3,15,False,False,24.45,synthetic
QL-001204,2026-02-26 15:00:00,ADMIN,Admin Office,9,1,2,5.32,5.21,11.52,3,15,False,False,46.36,synthetic
QL-001802,2026-02-26 15:00:00,CANTEEN,Canteen,6,6,6,2.51,2.69,22.3,3,15,False,False,11.39,synthetic
QL-000009,2026-02-26 15:15:00,PRINT,Printing Shop,10,7,5,3.76,2.52,23.81,3,15,False,False,29.18,synthetic
QL-000174,2026-02-26 15:30:00,LAB,Computer Lab,14,6,4,3.52,3.68,16.3,3,15,False,False,54.16,synthetic
QL-001036,2026-02-26 16:00:00,CANTEEN,Canteen,16,15,5,2.23,2.58,23.26,3,16,False,True,40.16,synthetic
QL-001516,2026-02-26 16:00:00,PRINT,Printing Shop,7,4,4,2.67,3.12,19.23,3,16,False,True,24.95,synthetic
QL-001315,2026-02-26 16:15:00,BUS,Bus Stop,34,15,12,1.86,1.61,37.27,3,16,False,True,57.2,synthetic
QL-001909,2026-02-26 16:15:00,BUS,Bus Stop,28,18,14,1.25,1.41,42.55,3,16,False,True,40.88,synthetic
QL-001332,2026-02-26 16:15:00,BUS,Bus Stop,32,4,9,2.13,1.4,42.86,3,16,False,True,50.43,synthetic
QL-001711,2026-02-26 17:15:00,LIBRARY,Library,7,2,3,3.9,4.5,13.33,3,17,False,True,29.93,synthetic
QL-001129,2026-02-26 17:15:00,LAB,Computer Lab,8,2,7,3.13,3.06,19.61,3,17,False,True,25.43,synthetic
QL-001874,2026-02-26 17:30:00,ADMIN,Admin Office,4,2,2,5.64,5.5,10.91,3,17,False,True,20.2,synthetic
QL-000988,2026-02-26 17:45:00,ADMIN,Admin Office,2,2,1,5.44,5.34,11.24,3,17,False,True,8.73,synthetic
QL-000224,2026-02-26 17:45:00,PRINT,Printing Shop,9,1,3,3.07,3.57,16.81,3,17,False,True,32.83,synthetic
QL-000281,2026-02-27 08:15:00,LIBRARY,Library,8,8,3,1.87,4.14,14.49,4,8,False,False,36.78,synthetic
QL-001162,2026-02-27 08:15:00,LAB,Computer Lab,6,2,3,3.63,2.66,22.56,4,8,False,False,20.69,synthetic
QL-001637,2026-02-27 09:30:00,PRINT,Printing Shop,4,1,3,4.2,3.21,18.69,4,9,False,False,10.06,synthetic
QL-001868,2026-02-27 09:45:00,CANTEEN,Canteen,10,5,6,2.74,2.25,26.67,4,9,False,False,20.0,synthetic
QL-000637,2026-02-27 10:00:00,PRINT,Printing Shop,9,2,4,2.92,2.24,26.79,4,10,False,True,19.11,synthetic
QL-001178,2026-02-27 10:30:00,CANTEEN,Canteen,10,2,4,2.86,2.52,23.81,4,10,False,True,28.85,synthetic
QL-000365,2026-02-27 10:45:00,LIBRARY,Library,11,4,4,2.81,3.74,16.04,4,10,False,True,43.45,synthetic
QL-001375,2026-02-27 10:45:00,CANTEEN,Canteen,9,8,4,2.84,2.72,22.06,4,10,False,True,23.82,synthetic
QL-001798,2026-02-27 10:45:00,CANTEEN,Canteen,9,1,8,2.91,2.36,25.42,4,10,False,True,22.66,synthetic
QL-001344,2026-02-27 10:45:00,LIBRARY,Library,9,5,3,4.08,3.61,16.62,4,10,False,True,36.39,synthetic
QL-001492,2026-02-27 11:00:00,PRINT,Printing Shop,9,9,5,2.62,3.19,18.81,4,11,False,True,35.66,synthetic
QL-001429,2026-02-27 11:15:00,CANTEEN,Canteen,8,7,5,2.66,2.7,22.22,4,11,False,True,18.98,synthetic
QL-001120,2026-02-27 11:15:00,PRINT,Printing Shop,10,6,5,3.31,3.07,19.54,4,11,False,True,33.82,synthetic
QL-001988,2026-02-27 11:45:00,LAB,Computer Lab,16,8,2,3.27,3.81,15.75,4,11,False,True,63.26,synthetic
QL-001599,2026-02-27 12:30:00,BUS,Bus Stop,5,5,8,1.09,1.54,38.96,4,12,False,True,6.14,synthetic
QL-001991,2026-02-27 13:00:00,LIBRARY,Library,7,4,3,3.95,4.5,13.33,4,13,False,True,31.28,synthetic
QL-001298,2026-02-27 13:15:00,BUS,Bus Stop,19,11,7,1.67,1.58,37.97,4,13,False,True,34.95,synthetic
QL-000391,2026-02-27 13:15:00,ADMIN,Admin Office,7,5,3,3.91,5.2,11.54,4,13,False,True,42.51,synthetic
QL-000737,2026-02-27 13:30:00,ADMIN,Admin Office,8,4,3,4.23,5.35,11.21,4,13,False,True,48.08,synthetic
QL-001762,2026-02-27 14:00:00,PRINT,Printing Shop,5,4,4,3.85,3.37,17.8,4,14,False,True,18.21,synthetic
QL-001456,2026-02-27 14:15:00,BUS,Bus Stop,19,18,8,1.62,1.62,37.04,4,14,False,True,36.42,synthetic
QL-001718,2026-02-27 14:30:00,PRINT,Printing Shop,7,2,3,2.3,2.82,21.28,4,14,False,True,25.84,synthetic
QL-000648,2026-02-27 14:30:00,CANTEEN,Canteen,22,13,5,1.87,2.74,21.9,4,14,False,True,62.0,synthetic
QL-000683,2026-02-27 15:00:00,ADMIN,Admin Office,3,3,3,6.23,4.42,13.57,4,15,False,False,16.93,synthetic
QL-000997,2026-02-27 15:15:00,PRINT,Printing Shop,10,5,6,2.7,2.8,21.43,4,15,False,False,26.09,synthetic
QL-000340,2026-02-27 15:15:00,PRINT,Printing Shop,9,3,5,2.71,3.24,18.52,4,15,False,False,27.29,synthetic
QL-001418,2026-02-27 15:30:00,ADMIN,Admin Office,2,1,3,5.93,4.77,12.58,4,15,False,False,8.7,synthetic
QL-000345,2026-02-27 15:30:00,LIBRARY,Library,14,4,3,5.5,4.03,14.89,4,15,False,False,58.69,synthetic
QL-001814,2026-02-27 16:15:00,BUS,Bus Stop,37,28,7,1.82,1.36,44.12,4,16,False,True,61.43,synthetic
QL-000226,2026-02-27 16:30:00,ADMIN,Admin Office,5,5,2,4.45,5.8,10.34,4,16,False,True,34.12,synthetic
QL-000107,2026-02-27 17:00:00,PRINT,Printing Shop,9,3,5,2.74,3.16,18.99,4,17,False,True,27.89,synthetic
QL-001927,2026-02-27 17:15:00,CANTEEN,Canteen,12,2,6,3.0,2.33,25.75,4,17,False,True,30.86,synthetic
QL-000876,2026-02-27 17:45:00,CANTEEN,Canteen,11,1,7,3.04,2.39,25.1,4,17,False,True,27.82,synthetic
QL-000031,2026-02-28 08:00:00,BUS,Bus Stop,11,11,8,1.61,1.76,34.09,5,8,True,False,20.92,synthetic
QL-001046,2026-02-28 08:30:00,BUS,Bus Stop,15,6,12,1.46,1.5,40.0,5,8,True,False,19.82,synthetic
QL-001135,2026-02-28 09:15:00,LIBRARY,Library,5,4,4,4.0,3.94,15.23,5,9,True,False,18.96,synthetic
QL-001881,2026-02-28 09:30:00,LAB,Computer Lab,6,4,5,4.12,3.14,19.11,5,9,True,False,14.31,synthetic
QL-001655,2026-02-28 09:45:00,CANTEEN,Canteen,9,3,8,2.88,2.45,24.49,5,9,True,False,15.53,synthetic
QL-000368,2026-02-28 10:15:00,BUS,Bus Stop,7,3,8,1.37,1.39,43.17,5,10,True,True,10.08,synthetic
QL-000274,2026-02-28 11:15:00,LAB,Computer Lab,5,1,2,4.32,3.54,16.95,5,11,True,True,16.34,synthetic
QL-000891,2026-02-28 11:15:00,BUS,Bus Stop,6,3,7,1.55,1.69,35.5,5,11,True,True,12.39,synthetic
QL-000369,2026-02-28 11:30:00,ADMIN,Admin Office,9,7,3,4.4,4.74,12.66,5,11,True,True,44.83,synthetic
QL-001069,2026-02-28 12:00:00,LIBRARY,Library,3,1,5,3.62,4.2,14.29,5,12,True,True,8.49,synthetic
QL-001915,2026-02-28 12:30:00,PRINT,Printing Shop,6,6,4,3.59,3.33,18.02,5,12,True,True,18.91,synthetic
QL-000102,2026-02-28 12:45:00,CANTEEN,Canteen,20,4,7,3.43,2.4,25.0,5,12,True,True,44.49,synthetic
QL-001232,2026-02-28 13:30:00,CANTEEN,Canteen,9,3,6,3.21,2.71,22.14,5,13,True,True,29.28,synthetic
QL-001937,2026-02-28 13:45:00,PRINT,Printing Shop,1,1,4,2.41,3.0,20.0,5,13,True,True,5.86,synthetic
QL-001406,2026-02-28 14:00:00,ADMIN,Admin Office,3,2,6,5.72,3.86,15.54,5,14,True,True,7.95,synthetic
QL-001275,2026-02-28 14:00:00,LIBRARY,Library,7,4,2,4.47,3.59,16.71,5,14,True,True,28.39,synthetic
QL-000665,2026-02-28 14:30:00,PRINT,Printing Shop,6,2,5,3.6,3.02,19.87,5,14,True,True,23.26,synthetic
QL-000938,2026-02-28 14:45:00,LIBRARY,Library,6,2,5,4.17,3.7,16.22,5,14,True,True,23.34,synthetic
QL-000788,2026-02-28 14:45:00,LIBRARY,Library,7,4,5,3.97,3.43,17.49,5,14,True,True,28.01,synthetic
QL-001309,2026-02-28 15:00:00,BUS,Bus Stop,10,3,9,1.19,1.53,39.22,5,15,True,False,15.8,synthetic
QL-000401,2026-02-28 15:00:00,CANTEEN,Canteen,7,7,4,2.45,2.41,24.9,5,15,True,False,13.5,synthetic
QL-001757,2026-02-28 16:00:00,CANTEEN,Canteen,5,2,6,2.27,2.43,24.69,5,16,True,True,17.31,synthetic
QL-000110,2026-02-28 16:30:00,ADMIN,Admin Office,2,2,2,4.8,5.97,10.05,5,16,True,True,14.27,synthetic
QL-001691,2026-02-28 16:30:00,LAB,Computer Lab,8,1,4,2.54,3.54,16.95,5,16,True,True,25.66,synthetic
QL-000198,2026-02-28 17:00:00,CANTEEN,Canteen,11,3,7,1.55,2.59,23.17,5,17,True,True,25.42,synthetic
QL-000135,2026-02-28 17:15:00,PRINT,Printing Shop,7,6,4,3.43,3.22,18.63,5,17,True,True,24.29,synthetic
QL-000093,2026-02-28 17:15:00,LIBRARY,Library,5,4,3,4.15,4.0,15.0,5,17,True,True,23.24,synthetic
QL-000785,2026-02-28 17:45:00,ADMIN,Admin Office,2,1,3,5.95,4.68,12.82,5,17,True,True,8.01,synthetic
QL-000943,2026-02-28 17:45:00,CANTEEN,Canteen,4,2,7,2.1,2.63,22.81,5,17,True,True,9.49,synthetic
QL-000706,2026-02-28 17:45:00,LIBRARY,Library,9,6,4,3.14,3.68,16.3,5,17,True,True,38.1,synthetic
QL-001980,2026-03-01 08:30:00,PRINT,Printing Shop,2,2,2,2.35,3.34,17.96,6,8,True,False,6.84,synthetic
QL-000144,2026-03-01 08:45:00,CANTEEN,Canteen,4,2,6,2.79,2.42,24.79,6,8,True,False,4.68,synthetic
QL-001863,2026-03-01 09:15:00,LIBRARY,Library,5,3,2,4.21,4.67,12.85,6,9,True,False,20.56,synthetic
QL-000622,2026-03-01 09:15:00,BUS,Bus Stop,15,14,7,1.62,1.5,40.0,6,9,True,False,19.31,synthetic
QL-000963,2026-03-01 09:15:00,LAB,Computer Lab,5,3,4,3.53,3.3,18.18,6,9,True,False,11.03,synthetic
QL-000959,2026-03-01 10:00:00,BUS,Bus Stop,11,2,11,1.44,1.76,34.09,6,10,True,True,15.63,synthetic
QL-001100,2026-03-01 10:15:00,LAB,Computer Lab,6,4,4,2.73,3.41,17.6,6,10,True,True,16.31,synthetic
QL-001133,2026-03-01 10:45:00,PRINT,Printing Shop,7,4,4,2.34,2.96,20.27,6,10,True,True,20.95,synthetic
QL-000871,2026-03-01 10:45:00,ADMIN,Admin Office,0,0,1,4.67,5.59,10.73,6,10,True,True,0.0,synthetic
QL-000427,2026-03-01 11:45:00,BUS,Bus Stop,8,4,8,1.96,1.57,38.22,6,11,True,True,15.97,synthetic
QL-000196,2026-03-01 12:00:00,BUS,Bus Stop,8,3,9,1.37,1.42,42.25,6,12,True,True,11.58,synthetic
QL-001192,2026-03-01 12:00:00,ADMIN,Admin Office,6,4,4,6.24,4.61,13.02,6,12,True,True,31.95,synthetic
QL-001838,2026-03-01 12:15:00,PRINT,Printing Shop,3,1,4,1.98,3.07,19.54,6,12,True,True,8.48,synthetic
QL-001103,2026-03-01 12:15:00,CANTEEN,Canteen,13,10,6,2.37,2.53,23.72,6,12,True,True,29.68,synthetic
QL-001045,2026-03-01 12:45:00,ADMIN,Admin Office,1,1,3,4.43,4.7,12.77,6,12,True,True,4.39,synthetic
QL-001187,2026-03-01 12:45:00,PRINT,Printing Shop,3,2,3,3.37,2.92,20.55,6,12,True,True,8.02,synthetic
QL-001693,2026-03-01 12:45:00,LIBRARY,Library,6,4,4,3.97,3.98,15.08,6,12,True,True,20.78,synthetic
QL-001935,2026-03-01 13:15:00,CANTEEN,Canteen,13,5,7,1.9,2.24,26.79,6,13,True,True,24.47,synthetic
QL-001561,2026-03-01 14:00:00,LIBRARY,Library,2,1,3,3.26,4.63,12.96,6,14,True,True,8.2,synthetic
QL-000693,2026-03-01 15:00:00,PRINT,Printing Shop,4,2,4,3.05,3.08,19.48,6,15,True,False,12.46,synthetic
QL-001764,2026-03-01 15:30:00,LAB,Computer Lab,2,1,5,2.81,2.84,21.13,6,15,True,False,1.42,synthetic
QL-001462,2026-03-01 15:45:00,ADMIN,Admin Office,2,1,2,5.86,5.11,11.74,6,15,True,False,4.66,synthetic
QL-000189,2026-03-01 15:45:00,BUS,Bus Stop,8,2,13,2.23,1.41,42.55,6,15,True,False,11.18,synthetic
QL-001805,2026-03-01 16:00:00,CANTEEN,Canteen,10,1,5,2.29,2.28,26.32,6,16,True,True,18.64,synthetic
QL-000040,2026-03-01 16:15:00,PRINT,Printing Shop,0,0,3,3.61,3.37,17.8,6,16,True,True,1.63,synthetic
QL-001848,2026-03-01 16:30:00,CANTEEN,Canteen,10,3,7,2.22,2.69,22.3,6,16,True,True,29.95,synthetic
QL-001847,2026-03-01 17:15:00,CANTEEN,Canteen,8,6,7,2.97,2.44,24.59,6,17,True,True,16.99,synthetic
QL-001500,2026-03-01 17:30:00,ADMIN,Admin Office,6,4,3,7.87,4.37,13.73,6,17,True,True,26.3,synthetic
